Staff_ID,Staff_Name,DATE_OF_JOINING,ADDRESS_LINE1,ADDRESS_LINE2,CITY,STATE,POSTAL_CODE,claims_handled,fraud_claims_handled,fraud_rate_handled,employee_department,employee_campus,employee_position,employee_seniority_years,is_contractor,employee_classification,has_foreign_citizenship,has_criminal_record,has_medical_history,employee_origin_country,total_printed_pages,num_printed_pages_off_hours,total_files_burned,burned_from_other,is_abroad,trip_day_number,hostility_country_level,num_entries,num_unique_campus,late_exit_flag,entry_during_weekend,Insider_Risk_Label,Access_Time,Record_Accessed,Override_Activity,Investigation_Outcome
AGENT00001,Ray Johns,1993-06-05,1402 Maggies Way,,Waterbury Center,VT,5677,28.0,8.0,0.2857142857142857,Engineering Department,Campus B,Head of Engineering,8,0,2,0,0,0,Israel,1,0,34,0,0,0.0,0,0,0,0,0,0,2026-09-02 20:35:30.523071,CLM005808,No override recorded,No findings
AGENT00002,Angelo Borjon,2005-12-27,414 Tanya Pass,,Panama City,FL,32404,108.0,31.0,0.28703703703703703,Project Management,Campus B,Project Coordinator,12,0,1,1,0,0,Russia,28,0,9,0,0,0.0,0,2,1,0,0,0,2026-07-18 20:35:30.523165,CLM043756,No override recorded,No findings
AGENT00003,Candy Spellman,2003-09-02,606 National Street,#306,Fayetteville,AR,72701,57.0,16.0,0.2807017543859649,Marketing and Business Development,Campus C,Marketing Manager,16,0,3,0,0,0,USA,35,8,15,0,0,0.0,0,1,1,0,0,0,2026-07-09 20:35:30.523215,CLM007281,No override recorded,No findings
AGENT00004,Mary Smith,2004-09-23,235 Hugh Thomas Drive,,Panama City,FL,32404,35.0,7.0,0.2,Marketing and Business Development,Campus C,Marketing Manager,21,0,3,1,0,0,Ukraine,52,0,0,0,0,0.0,0,0,0,0,0,0,2026-09-02 20:35:30.523256,CLM007674,No override recorded,No findings
AGENT00005,Mildred Diaz,2011-06-21,3426 Broadview Street,,Montgomery,AL,36110,4.0,0.0,0.0,Engineering Department,Campus C,Secretary,10,0,3,1,0,0,USA,0,0,0,0,0,0.0,0,1,1,0,1,0,2026-05-06 20:35:30.523293,CLM041680,No override recorded,No findings
AGENT00006,Linda Butler,2000-09-02,10383 Eagle River Lane,,Anchorage,AK,99577,4.0,0.0,0.0,Information Technology,Campus C,Information Security Specialist,18,0,2,0,0,0,Ukraine,6,0,0,0,0,0.0,0,1,1,0,0,0,2026-06-13 20:35:30.523341,CLM035906,Approved above authority limit,No findings
AGENT00007,Michael Hoskins,1993-10-26,5011 West New World Drive,,Glendale,AZ,85302,1.0,1.0,1.0,Engineering Department,Campus A,Test Engineer,19,0,3,0,0,1,UK,0,0,27,0,0,0.0,0,0,0,0,0,0,2026-08-18 20:35:30.523384,CLM008666,No override recorded,No findings
AGENT00008,Carolyn Quesada,2003-11-15,2538 East 40th Plaza,,Panama City,FL,32405,74.0,14.0,0.1891891891891892,Project Management,Campus A,Project Engineer,8,0,2,0,0,1,Israel,31,0,0,0,0,0.0,0,0,0,0,0,0,2026-07-01 20:35:30.523420,CLM022397,No override recorded,No findings
AGENT00009,Marilyn Allen,2009-12-24,4840 Reservoir Road Northwest,,Washington,DC,20007,43.0,12.0,0.27906976744186046,Legal and Regulation,Campus B,Defense Export Compliance Officer,12,0,2,0,0,0,Israel,5,0,0,0,0,0.0,0,2,1,0,0,0,2026-05-15 20:35:30.523457,CLM016173,No override recorded,No findings
AGENT00010,Bernard Haug,1992-09-04,2278 North Windswept Lane,,Fayetteville,AR,72703,52.0,14.0,0.2692307692307692,Security and Information Security,Campus C,Chief Information Security Officer (CISO),15,1,4,0,0,0,China,4,0,0,0,0,0.0,0,1,1,0,0,0,2026-05-30 20:35:30.523493,CLM018227,No override recorded,No findings
AGENT00011,Nancy Coronado,2002-01-31,357 Chaplin Street Southeast,,Washington,DC,20019,0.0,0.0,0.0,Engineering Department,Campus A,Test Engineer,9,0,3,0,0,0,USA,12,0,0,0,0,0.0,0,0,0,0,0,0,2026-04-06 20:35:30.523527,N/A,No override recorded,No findings
AGENT00012,Jeffrey Forbis,2010-08-05,2619 North Quality Lane,#315,Fayetteville,AR,72703,154.0,40.0,0.2597402597402597,R&D Department,Campus A,Secretary,5,0,2,0,0,0,Israel,0,0,36,0,0,0.0,0,1,1,0,0,0,2026-08-06 20:35:30.523561,CLM021598,No override recorded,No findings
AGENT00013,Carolyn Jones,2004-06-03,6214 Herzog Street,,Oakland,CA,94608,75.0,20.0,0.26666666666666666,Information Technology,Campus B,Enterprise Systems Developer (ERP / CRM / SAP),26,0,1,0,0,0,Russia,0,0,38,0,0,0.0,0,1,1,0,0,0,2026-08-31 20:35:30.523596,CLM026158,No override recorded,No findings
AGENT00014,Larry Dryer,2005-02-22,6630 MacArthur Boulevard,#19,Oakland,CA,94605,10.0,4.0,0.4,Operations and Manufacturing,Campus C,Procurement Officer,21,0,1,0,0,0,Israel,11,0,0,0,0,0.0,0,1,1,0,0,0,2026-05-17 20:35:30.523628,CLM039410,Approved above authority limit,No findings
AGENT00015,Charles George,1998-01-31,4717 Forest Hills Drive,,Noble,OK,73068,6.0,0.0,0.0,Security and Information Security,Campus C,Physical Access Control,18,1,3,0,0,0,USA,8,0,0,0,0,0.0,0,0,0,0,0,0,2026-09-01 20:35:30.523662,CLM044370,No override recorded,Unsubstantiated
AGENT00016,Lawrence French,2001-03-27,6223 Kilmer Loop,#206,Arvada,CO,80403,5.0,2.0,0.4,R&D Department,Campus A,Systems Engineer,25,0,2,0,0,1,Ukraine,0,0,35,0,0,0.0,0,1,1,0,0,0,2026-04-05 20:35:30.523696,CLM045258,No override recorded,No findings
AGENT00017,Robert Gordon,2003-09-09,1100 Cleveland Street,,Fayetteville,AR,72701,14.0,3.0,0.21428571428571427,R&D Department,Campus B,Algorithm Engineer,17,0,2,1,0,0,Russia,0,0,44,0,0,0.0,0,0,0,0,0,0,2026-07-18 20:35:30.523728,CLM025014,No override recorded,No findings
AGENT00018,Rita Allaire,1990-09-30,9457 Winfield Place,,Montgomery,AL,36117,29.0,5.0,0.1724137931034483,Project Management,Campus A,Secretary,2,0,2,0,0,0,France,18,0,8,0,0,0.0,0,1,1,0,0,0,2026-05-15 20:35:30.523762,CLM004147,No override recorded,No findings
AGENT00019,Letitia Friedman,2015-03-03,2728 Hale Avenue,,Louisville,KY,40211,23.0,1.0,0.043478260869565216,Engineering Department,Campus B,Design Engineer,4,0,2,0,0,0,Israel,1,0,9,0,0,0.0,0,1,1,0,0,0,2026-05-25 20:35:30.523794,CLM020198,No override recorded,No findings
AGENT00020,Freddy Kelly,2004-11-07,514 East 38th Street,,Savannah,GA,31401,11.0,3.0,0.2727272727272727,Finance,Campus C,Financial Analyst,16,0,2,0,0,0,Israel,99,0,0,0,0,0.0,0,1,1,0,0,0,2026-04-30 20:35:30.523826,CLM010662,Approved above authority limit,No findings
AGENT00021,Robert Barnes,1992-08-01,54 Pine Meadow Drive,,Hyde Park,VT,5655,35.0,6.0,0.17142857142857143,Operations and Manufacturing,Campus B,Secretary,8,1,1,0,0,0,France,21,0,0,0,0,0.0,0,1,1,0,0,0,2026-07-23 20:35:30.523858,CLM047673,Approved above authority limit,No findings
AGENT00022,Jeffery Mcbride,1997-01-13,2032 4th Street Northwest,,Washington,DC,20001,6.0,3.0,0.5,Engineering Department,Campus C,Secretary,10,0,3,1,0,0,USA,4,0,0,0,0,0.0,0,0,0,0,0,0,2026-05-11 20:35:30.523889,CLM029958,No override recorded,Unsubstantiated
AGENT00023,Amy Venice,2009-12-11,386 Pratt Road,,,VT,5033,17.0,7.0,0.4117647058823529,R&D Department,Campus B,Head of R&D,17,0,2,0,0,0,Israel,0,0,98,0,0,0.0,0,0,0,0,0,1,2026-04-10 20:35:30.523920,CLM033481,Approved above authority limit,Under investigation
AGENT00024,Herbert Harris,1991-05-10,2433 Southwest 36th Street,,Oklahoma City,OK,73109,13.0,4.0,0.3076923076923077,Information Technology,Campus C,Enterprise Systems Developer (ERP / CRM / SAP),0,0,2,0,0,0,Israel,56,0,119,0,0,0.0,0,0,0,0,0,1,2026-04-30 20:35:30.523953,CLM004644,No override recorded,Under investigation
AGENT00025,Elizabeth Mobley,2010-12-08,19020 North 68th Avenue,,Glendale,AZ,85308,26.0,4.0,0.15384615384615385,Operations and Manufacturing,Campus C,Warehouse Manager,10,0,1,0,0,0,Germany,10,0,0,0,0,0.0,0,0,0,0,0,0,2026-03-22 20:35:30.523985,CLM034427,Approved above authority limit,No findings
AGENT00026,Josephine Amorosi,2011-09-23,1650 North Sang Avenue,#211,Fayetteville,AR,72703,69.0,18.0,0.2608695652173913,Information Technology,Campus A,IT Director,13,1,1,0,0,0,Israel,2,0,0,0,0,0.0,0,0,0,0,0,0,2026-04-12 20:35:30.524047,CLM001509,No override recorded,Unsubstantiated
AGENT00027,Jaqueline Hanson,2010-04-20,6506 North Lagoon Drive,,Panama City Beach,FL,32408,8.0,1.0,0.125,Engineering Department,Campus C,Secretary,7,0,2,0,0,1,Ukraine,0,0,2,0,0,0.0,0,1,1,0,0,0,2026-06-10 20:35:30.524093,CLM033062,No override recorded,No findings
AGENT00028,Pam Evans,2012-07-30,5575 South Dakota Avenue Northeast,,Washington,DC,20011,33.0,8.0,0.24242424242424243,Operations and Manufacturing,Campus A,Warehouse Manager,5,0,1,0,0,0,Russia,31,0,0,0,0,0.0,0,1,1,0,1,0,2026-06-08 20:35:30.524132,CLM012257,No override recorded,No findings
AGENT00029,Heather Cantwell,1995-04-19,6521 North 65th Avenue,#1D,Glendale,AZ,85301,38.0,14.0,0.3684210526315789,Human Resources,Campus B,Employee Welfare Coordinator,26,0,1,0,0,0,Israel,0,0,0,0,0,0.0,0,2,1,0,0,0,2026-06-21 20:35:30.524167,CLM047227,No override recorded,No findings
AGENT00030,Georgia Kenny,1996-02-21,33300 Mission Boulevard,#APT 174,Union City,CA,94587,4.0,1.0,0.25,Operations and Manufacturing,Campus A,Manufacturing Engineer,4,0,1,0,0,0,Ukraine,0,0,0,0,1,3.0,1,0,0,0,0,0,2026-08-10 20:35:30.524202,CLM030680,No override recorded,No findings
AGENT00031,Grace Rogers,2007-09-16,5436 Dorbrandt Street,#APT 000002,Anchorage,AK,99518,42.0,13.0,0.30952380952380953,R&D Department,Campus C,Integration and Testing Engineer,26,0,2,0,0,0,Israel,0,0,81,0,0,0.0,0,0,0,0,0,1,2026-03-31 20:35:30.524237,CLM048271,Unscheduled record access,Under investigation
AGENT00032,Russell Frost,1991-08-07,329 Mill Road,,Montpelier,VT,5602,7.0,1.0,0.14285714285714285,Operations and Manufacturing,Campus C,Logistics Manager,16,0,1,0,0,0,France,93,0,0,0,0,0.0,0,0,0,0,0,0,2026-08-28 20:35:30.524270,CLM006610,No override recorded,No findings
AGENT00033,Arturo Cole,1996-11-15,72 Salmon Road,,Alameda,CA,94502,4.0,2.0,0.5,R&D Department,Campus C,Algorithm Engineer,19,0,2,0,0,0,France,0,0,42,0,0,0.0,0,1,1,0,0,0,2026-08-15 20:35:30.524304,CLM022722,No override recorded,Unsubstantiated
AGENT00034,Yvonne Sanders,2007-06-01,3808 Richland Avenue,,Nashville,TN,37205,132.0,26.0,0.19696969696969696,Engineering Department,Campus B,Head of Engineering,26,0,3,0,0,0,Israel,0,0,29,0,0,0.0,0,1,1,0,0,0,2026-05-10 20:35:30.524383,CLM024583,No override recorded,Unsubstantiated
AGENT00035,David Dolan,1996-11-22,849 East Victoria Street,#204,Carson,CA,90746,140.0,31.0,0.22142857142857142,Project Management,Campus C,Secretary,4,0,2,0,0,0,UK,7,0,0,0,0,0.0,0,1,1,0,0,0,2026-06-28 20:35:30.524424,CLM000771,No override recorded,Unsubstantiated
AGENT00036,Gregory Williamson,1991-09-11,1460 Berger Street,,Odenton,MD,21113,62.0,19.0,0.3064516129032258,Engineering Department,Campus C,Secretary,7,0,2,0,0,1,Ukraine,5,0,0,0,0,0.0,0,1,1,0,0,0,2026-06-04 20:35:30.524460,CLM030568,No override recorded,Unsubstantiated
AGENT00037,Teresa Garcia,2016-12-19,140 West Cooper Avenue,,Aspen,CO,81611,14.0,0.0,0.0,Engineering Department,Campus A,Design Engineer,7,0,2,0,0,0,Ethiopia,18,4,0,0,0,0.0,0,1,1,0,0,0,2026-04-25 20:35:30.524495,CLM043285,No override recorded,No findings
AGENT00038,Harold Ward,1993-01-24,171 Brickhill Circle,,Pooler,GA,31322,2.0,0.0,0.0,Engineering Department,Campus A,Systems Engineer,17,0,3,0,0,0,Israel,1,0,0,0,0,0.0,0,0,0,0,0,0,2026-05-17 20:35:30.524529,CLM013874,No override recorded,No findings
AGENT00039,Jeremy Fields,2002-06-10,2115 Longest Avenue,,Louisville,KY,40204,54.0,12.0,0.2222222222222222,Project Management,Campus C,Project Coordinator,11,0,2,0,0,0,Morocco,75,0,0,0,0,0.0,0,0,0,0,0,0,2026-05-17 20:35:30.524564,CLM008822,No override recorded,Unsubstantiated
AGENT00040,Michael Riley,2010-12-15,224 Michael Sears Road,,Belchertown,MA,1007,22.0,5.0,0.22727272727272727,Marketing and Business Development,Campus B,Marketing Manager,8,0,2,0,0,0,Russia,0,0,2,0,0,0.0,0,0,0,0,0,0,2026-03-26 20:35:30.524599,CLM037031,No override recorded,Unsubstantiated
AGENT00041,John Tallman,2006-04-22,2313 Mansfield Avenue,,Del City,OK,73115,3.0,0.0,0.0,Finance,Campus C,Accountant,12,1,2,0,0,0,Israel,11,0,0,0,0,0.0,0,2,1,0,0,0,2026-04-16 20:35:30.524633,CLM046111,No override recorded,No findings
AGENT00042,Esther Ahmed,2010-02-27,119 Redwood Road,,Manchester,CT,6040,27.0,5.0,0.18518518518518517,Operations and Manufacturing,Campus A,Procurement Officer,24,0,1,0,0,1,Israel,71,0,0,0,0,0.0,0,1,1,0,0,0,2026-08-02 20:35:30.524668,CLM041737,No override recorded,No findings
AGENT00043,Mary Norris,2011-08-07,5073 West 65th Place,,Arvada,CO,80003,3.0,2.0,0.6666666666666666,Operations and Manufacturing,Campus C,Secretary,15,0,1,0,0,0,Israel,5,0,0,0,0,0.0,0,0,0,0,0,0,2026-03-26 20:35:30.524701,CLM021652,No override recorded,No findings
AGENT00044,Earnest White,2013-08-21,7564 Moore Court,,Arvada,CO,80005,98.0,24.0,0.24489795918367346,Information Technology,Campus A,Data Scientist,0,0,2,0,0,0,Germany,11,0,0,0,0,0.0,0,1,1,0,0,0,2026-08-31 20:35:30.524735,CLM012920,Approved above authority limit,No findings
AGENT00045,Frances Melia,2001-03-09,2139 Glynnwood Drive,,Savannah,GA,31404,10.0,3.0,0.3,Security and Information Security,Campus B,Chief Information Security Officer (CISO),21,0,4,0,0,0,Russia,0,0,5,1,0,0.0,0,1,1,0,0,1,2026-05-30 20:35:30.524769,CLM026051,Approved above authority limit,Confirmed - insider risk
AGENT00046,William Ramos,2001-11-11,22825 Paseo Place,,Hayward,CA,94541,42.0,13.0,0.30952380952380953,Marketing and Business Development,Campus C,Business Development Manager,7,1,1,0,0,0,Hungary,28,0,0,0,0,0.0,0,1,1,0,0,0,2026-08-03 20:35:30.524801,CLM008542,No override recorded,No findings
AGENT00047,Henry Arends,2009-06-13,60 Bagley Street,,Saint Johnsbury,VT,5819,14.0,5.0,0.35714285714285715,Marketing and Business Development,Campus A,Marketing Manager,14,0,3,1,1,0,Israel,4,0,0,0,0,0.0,0,2,1,0,0,0,2026-05-24 20:35:30.524832,CLM010409,No override recorded,No findings
AGENT00048,Olivia Cramer,2008-03-27,91 Eldridge Street,,Manchester,CT,6040,26.0,6.0,0.23076923076923078,R&D Department,Campus C,Head of R&D,11,0,3,1,0,0,Israel,2,0,0,0,0,0.0,0,1,1,0,0,0,2026-05-13 20:35:30.524864,CLM019138,No override recorded,No findings
AGENT00049,Saul Conyers,2007-12-06,6215 Sheridan Boulevard,,Arvada,CO,80003,26.0,11.0,0.4230769230769231,Operations and Manufacturing,Campus B,Secretary,6,0,1,0,0,0,Ethiopia,4,0,0,0,0,0.0,0,0,0,0,0,0,2026-04-17 20:35:30.524895,CLM023700,No override recorded,No findings
AGENT00050,Barry Reynolds,2009-06-22,8417 Timothy Lane,,Oklahoma City,OK,73135,9.0,1.0,0.1111111111111111,R&D Department,Campus C,Head of R&D,17,0,3,0,0,0,Ethiopia,0,0,7,0,0,0.0,0,0,0,0,0,0,2026-06-07 20:35:30.524927,CLM011412,No override recorded,No findings
AGENT00051,Andrea Schiller,2006-04-19,190 Countryside Drive,,Farmington,AR,72730,136.0,37.0,0.27205882352941174,Project Management,Campus C,Project Manager,7,0,3,1,0,0,Sudan,4,0,5,0,0,0.0,0,1,1,0,0,0,2026-06-07 20:35:30.524958,CLM023950,No override recorded,No findings
AGENT00052,Evelyn Mckinney,2018-05-02,20 Dearborn Drive,,Manchester,CT,6042,61.0,21.0,0.3442622950819672,Engineering Department,Campus B,Secretary,4,0,2,1,0,1,Russia,22,4,0,0,0,0.0,0,1,1,0,0,0,2026-05-11 20:35:30.524990,CLM030857,No override recorded,No findings
AGENT00053,Stella Gilbert,1991-10-12,811 River Dell Drive,,Louisville,KY,40206,141.0,34.0,0.24113475177304963,Engineering Department,Campus A,Secretary,7,0,3,0,0,0,Israel,0,0,0,0,0,0.0,0,1,1,0,1,0,2026-09-03 20:35:30.525049,CLM003962,No override recorded,No findings
AGENT00054,William Vang,1990-12-21,2 Addison Place,,Bloomingdale,GA,31302,96.0,22.0,0.22916666666666666,Marketing and Business Development,Campus B,Business Development Manager,10,0,1,1,0,1,Ukraine,16,0,5,0,0,0.0,0,2,1,0,0,0,2026-07-13 20:35:30.525095,CLM022263,No override recorded,No findings
AGENT00055,Wendi Hensley,1992-02-21,7730 Wilkinson Road,,Nashville,TN,37080,34.0,8.0,0.23529411764705882,Information Technology,Campus A,IT Director,12,1,1,0,0,1,Israel,0,0,40,0,0,0.0,0,0,0,0,0,0,2026-06-11 20:35:30.525133,CLM018004,Approved above authority limit,No findings
AGENT00056,Daniel Nance,2016-11-28,2500 Medallion Drive,#APT 148,Union City,CA,94587,111.0,30.0,0.2702702702702703,R&D Department,Campus C,Systems Engineer,9,0,3,0,0,0,Russia,1,0,0,0,0,0.0,0,0,0,0,0,0,2026-08-31 20:35:30.525168,CLM038284,No override recorded,No findings
AGENT00057,Debra Tripp,2011-03-12,3194 Bladensburg Road Northeast,,Washington,DC,20018,0.0,0.0,0.0,Operations and Manufacturing,Campus C,Operations Manager,20,0,1,0,0,0,Germany,16,0,0,0,0,0.0,0,1,1,0,0,0,2026-04-05 20:35:30.525202,N/A,No override recorded,No findings
AGENT00058,Nannie Thomas,1994-08-31,827 10th Street Northeast,,Washington,DC,20002,15.0,5.0,0.3333333333333333,Operations and Manufacturing,Campus A,Manufacturing Engineer,7,0,1,0,0,0,France,15,0,0,0,0,0.0,0,1,1,0,1,0,2026-07-14 20:35:30.525236,CLM020418,No override recorded,No findings
AGENT00059,Suzanne Amador,2008-12-14,903 Burton Avenue,,Louisville,KY,40208,1.0,0.0,0.0,R&D Department,Campus B,Systems Engineer,5,0,2,0,0,0,Ukraine,12,0,0,0,0,0.0,0,0,0,0,0,0,2026-05-28 20:35:30.525269,CLM043103,Approved above authority limit,No findings
AGENT00060,Vincent Rule,2000-12-21,2502 Adrienne Way,,Louisville,KY,40216,19.0,3.0,0.15789473684210525,R&D Department,Campus B,Systems Engineer,4,0,3,0,0,0,Morocco,14,0,0,0,0,0.0,0,0,0,0,0,0,2026-04-11 20:35:30.525301,CLM028454,No override recorded,No findings
AGENT00061,Curtis Griffin,1994-07-29,1780 142nd Avenue,,San Leandro,CA,94578,17.0,9.0,0.5294117647058824,Finance,Campus A,Accountant,23,0,1,0,0,0,Israel,0,0,5,0,0,0.0,0,0,0,0,0,0,2026-07-10 20:35:30.525339,CLM032774,No override recorded,No findings
AGENT00062,Diane Marburger,2012-08-24,2001 Van Hoose Drive,,Fayetteville,AR,72701,11.0,2.0,0.18181818181818182,R&D Department,Campus B,Head of R&D,21,0,2,0,1,0,Russia,0,0,0,0,1,5.0,0,0,0,0,0,0,2026-07-05 20:35:30.525376,CLM013967,No override recorded,No findings
AGENT00063,Leslie Lee,1998-10-17,13525 West Stella Lane,,Litchfield Park,AZ,85340,63.0,21.0,0.3333333333333333,R&D Department,Campus B,Head of R&D,17,0,2,0,0,0,Russia,0,0,0,0,1,1.0,0,0,0,0,0,0,2026-09-13 20:35:30.525407,CLM008467,Approved above authority limit,No findings
AGENT00064,James Evans,2003-05-29,93 Marble Hill Road,,Waitsfield,VT,5673,23.0,7.0,0.30434782608695654,R&D Department,Campus A,Systems Engineer,19,1,2,0,0,0,UK,0,0,25,0,0,0.0,0,0,0,0,0,0,2026-05-21 20:35:30.525440,CLM014162,No override recorded,No findings
AGENT00065,Elizabeth Curry,2009-08-17,13066 North 56th Avenue,,Glendale,AZ,85304,7.0,2.0,0.2857142857142857,Operations and Manufacturing,Campus C,Operations Manager,13,0,1,0,0,1,Israel,0,0,8,0,0,0.0,0,1,1,0,0,0,2026-07-12 20:35:30.525472,CLM039391,No override recorded,No findings
AGENT00066,Danielle Visvardis,2014-09-16,35 Keach Avenue,,Worcester,MA,1607,39.0,11.0,0.28205128205128205,Finance,Campus C,Secretary,16,0,3,0,0,0,Ukraine,5,0,7,0,0,0.0,0,0,0,0,0,0,2026-06-21 20:35:30.525506,CLM038481,No override recorded,No findings
AGENT00067,Jonathan Smith,2003-08-09,9401 3rd Street Road,,Louisville,KY,40272,5.0,1.0,0.2,R&D Department,Campus B,Systems Engineer,4,0,2,1,0,0,Sudan,2,0,0,0,0,0.0,0,0,0,0,0,0,2026-06-28 20:35:30.525538,CLM002609,No override recorded,Unsubstantiated
AGENT00068,Debra Ortega,2015-06-17,61 Plymouth Lane,,Manchester,CT,6040,78.0,27.0,0.34615384615384615,Human Resources,Campus A,Employee Welfare Coordinator,12,0,1,0,0,0,France,26,0,0,0,0,0.0,0,0,0,0,0,0,2026-03-28 20:35:30.525571,CLM005010,No override recorded,No findings
AGENT00069,Christian Nusbaum,2016-07-21,3752 Roswell Place,,Montgomery,AL,36116,2.0,2.0,1.0,Operations and Manufacturing,Campus B,Secretary,11,0,2,0,0,0,Israel,0,0,21,0,0,0.0,0,2,1,0,0,0,2026-04-12 20:35:30.525602,CLM029036,No override recorded,Unsubstantiated
AGENT00070,Sylvia Buckley,1996-10-19,517 Retford Drive,,Severna Park,MD,21146,182.0,39.0,0.21428571428571427,R&D Department,Campus C,Integration and Testing Engineer,7,0,3,0,0,0,France,6,0,0,0,0,0.0,0,0,0,0,0,0,2026-04-05 20:35:30.525634,CLM003892,No override recorded,No findings
AGENT00071,Karen Olsen,2003-07-17,649 Praderia Circle,,Fremont,CA,94539,56.0,14.0,0.25,R&D Department,Campus A,Development Engineer (Hardware / Software / Mechanical),25,0,2,0,0,0,Ethiopia,0,0,0,0,0,0.0,0,0,0,0,0,0,2026-06-12 20:35:30.525664,CLM022111,No override recorded,No findings
AGENT00072,Kate Mendes,1992-12-02,100 Birney Street,#A6,Peabody,MA,1960,14.0,5.0,0.35714285714285715,Marketing and Business Development,Campus C,Secretary,2,0,1,0,0,0,France,9,0,0,0,0,0.0,0,2,1,0,0,0,2026-09-10 20:35:30.525696,CLM024984,Approved above authority limit,No findings
AGENT00073,Edgar Vazquez,2011-07-07,4516 Old Seward Highway,,Anchorage,AK,99503,0.0,0.0,0.0,Engineering Department,Campus B,Test Engineer,26,0,3,1,0,0,Israel,2,0,40,0,0,0.0,0,1,1,0,0,0,2026-07-08 20:35:30.525727,N/A,No override recorded,No findings
AGENT00074,Claire Decinti,1999-04-22,29 Vista Flores,,Pleasanton,CA,94566,68.0,13.0,0.19117647058823528,Operations and Manufacturing,Campus A,Procurement Officer,24,0,1,0,0,1,Israel,0,0,6,0,0,0.0,0,1,1,0,0,0,2026-05-23 20:35:30.525759,CLM043597,No override recorded,No findings
AGENT00075,Judy Kesselman,2001-02-10,89 Plaistow Road,,Haverhill,MA,1830,46.0,9.0,0.1956521739130435,Information Technology,Campus A,Secretary,7,0,1,0,0,0,Israel,4,0,0,0,0,0.0,0,1,1,0,1,0,2026-05-26 20:35:30.525793,CLM000741,No override recorded,No findings
AGENT00076,Jason Dowling,1996-04-27,235 Hugh Thomas Drive,,Panama City,FL,32404,56.0,11.0,0.19642857142857142,Operations and Manufacturing,Campus A,Operations Manager,18,1,2,0,0,1,Ukraine,18,0,0,0,0,0.0,0,0,0,0,0,0,2026-07-19 20:35:30.525827,CLM041232,No override recorded,No findings
AGENT00077,Larry Sheley,1993-08-08,313 Lone Oak Drive,,Norman,OK,73071,55.0,8.0,0.14545454545454545,Information Technology,Campus C,Information Security Specialist,19,0,2,0,1,0,France,0,0,45,0,0,0.0,0,1,1,0,0,0,2026-05-09 20:35:30.525861,CLM024801,No override recorded,Unsubstantiated
AGENT00078,Shane Mclarty,2017-04-10,369 Ruth Avenue,,Mountain View,CA,94043,2.0,0.0,0.0,R&D Department,Campus A,Integration and Testing Engineer,23,0,2,1,0,1,Israel,0,0,0,0,1,8.0,3,0,0,0,0,1,2026-04-22 20:35:30.525896,CLM007380,No override recorded,Unsubstantiated
AGENT00079,Rivka Robinson,1997-12-11,1008 Rhode Island Avenue Northwest,,Washington,DC,20001,19.0,4.0,0.21052631578947367,Operations and Manufacturing,Campus B,Manufacturing Engineer,18,1,1,1,0,0,Romania,4,0,4,0,0,0.0,0,1,1,0,1,0,2026-09-02 20:35:30.525929,CLM037870,Approved above authority limit,No findings
AGENT00080,Gary Simmons,2014-07-10,11843 North 60th Avenue,,Glendale,AZ,85304,10.0,1.0,0.1,R&D Department,Campus C,Development Engineer (Hardware / Software / Mechanical),8,0,2,0,0,0,Russia,0,0,45,0,0,0.0,0,1,1,0,0,0,2026-05-17 20:35:30.525962,CLM026076,No override recorded,No findings
AGENT00081,Frances Kocka,1995-07-02,5244 West Port Au Prince Lane,,Glendale,AZ,85306,86.0,16.0,0.18604651162790697,R&D Department,Campus A,Algorithm Engineer,14,1,3,0,0,0,Israel,0,0,32,0,0,0.0,0,1,1,0,0,0,2026-07-15 20:35:30.525995,CLM022858,No override recorded,No findings
AGENT00082,Bruce Rollins,2015-03-13,1054 Overton Lea Road,,Nashville,TN,37220,42.0,9.0,0.21428571428571427,Marketing and Business Development,Campus B,Business Development Manager,10,0,1,1,0,1,Ukraine,13,2,0,0,0,0.0,0,0,0,0,0,0,2026-05-26 20:35:30.526062,CLM000059,No override recorded,No findings
AGENT00083,Christopher Fontenot,1990-06-29,9904 Daniel Drive,,Louisville,KY,40118,15.0,4.0,0.26666666666666666,Operations and Manufacturing,Campus A,Secretary,2,0,1,0,0,0,Israel,27,0,5,0,0,0.0,0,0,0,0,0,0,2026-08-30 20:35:30.526102,CLM028091,No override recorded,Unsubstantiated
AGENT00084,Brandon Fujii,2011-07-08,4231 Laurel Street,#APT 000101,Anchorage,AK,99508,4.0,1.0,0.25,Operations and Manufacturing,Campus B,Operations Manager,11,0,1,1,0,0,Israel,21,0,0,0,0,0.0,0,0,0,0,0,0,2026-05-23 20:35:30.526139,CLM036468,No override recorded,No findings
AGENT00085,Suzanne Rutan,2000-12-19,2237 Northwest 18th Street,,Oklahoma City,OK,73107,15.0,4.0,0.26666666666666666,R&D Department,Campus B,Secretary,14,1,3,0,0,0,Argentina,0,0,29,0,0,0.0,0,0,0,0,0,0,2026-05-20 20:35:30.526174,CLM017803,No override recorded,No findings
AGENT00086,Shelia Morales,2002-04-22,517 Wesley Avenue,,Nashville,TN,37207,15.0,5.0,0.3333333333333333,Finance,Campus B,Accountant,13,0,2,0,0,1,Canada,4,0,0,0,0,0.0,0,0,0,0,0,0,2026-05-03 20:35:30.526208,CLM004372,No override recorded,Unsubstantiated
AGENT00087,Hazel Riegel,1998-11-27,1265 Xavier Avenue,,Hayward,CA,94545,49.0,14.0,0.2857142857142857,Project Management,Campus A,Project Manager,5,0,1,1,0,0,Argentina,54,0,0,0,0,0.0,0,0,0,0,0,0,2026-05-27 20:35:30.526243,CLM024790,No override recorded,No findings
AGENT00088,Sara Keith,2009-01-28,29 Vista Flores,,Pleasanton,CA,94566,46.0,9.0,0.1956521739130435,R&D Department,Campus B,Development Engineer (Hardware / Software / Mechanical),23,0,3,0,0,0,Israel,0,0,39,0,0,0.0,0,0,0,0,0,0,2026-05-26 20:35:30.526277,CLM032700,No override recorded,No findings
AGENT00089,Jill Chreene,1996-02-20,45 Baldridge Road,,Annapolis,MD,21401,84.0,20.0,0.23809523809523808,Engineering Department,Campus B,Systems Engineer,17,0,3,0,0,1,Ukraine,0,0,30,0,0,0.0,0,1,1,0,0,0,2026-09-15 20:35:30.526309,CLM013811,No override recorded,Unsubstantiated
AGENT00090,Joshua Cherry,1990-11-22,305 Brookside Court,,Manchester,CT,6042,33.0,6.0,0.18181818181818182,Engineering Department,Campus A,Systems Engineer,11,0,2,0,0,1,Argentina,2,0,0,0,0,0.0,0,1,1,0,0,0,2026-03-23 20:35:30.526350,CLM010324,Approved above authority limit,No findings
AGENT00091,Marie Driver,1998-04-27,22825 Paseo Place,,Hayward,CA,94541,4.0,3.0,0.75,Operations and Manufacturing,Campus B,Warehouse Manager,10,1,1,0,0,0,Israel,8,0,0,0,0,0.0,0,2,1,0,0,0,2026-07-18 20:35:30.526386,CLM032722,No override recorded,Unsubstantiated
AGENT00092,Gary Fernandez,2010-03-03,802 East 37th Street,,Savannah,GA,31401,51.0,16.0,0.3137254901960784,Information Technology,Campus B,BI Developer / Data Analyst,25,0,1,0,0,0,Israel,0,0,72,0,0,0.0,0,0,0,0,0,1,2026-05-02 20:35:30.526419,CLM032154,Approved above authority limit,Confirmed - insider risk
AGENT00093,Christian Rau,2015-01-13,5526 Thalman Drive,,Brentwood,TN,37027,58.0,16.0,0.27586206896551724,Information Technology,Campus A,Secretary,7,0,1,0,0,0,Israel,0,0,32,0,0,0.0,0,1,1,0,0,0,2026-05-21 20:35:30.526452,CLM023714,No override recorded,Unsubstantiated
AGENT00094,Claudia Lennon,2013-04-29,2008 Aberdeen Drive,,Crofton,MD,21114,41.0,9.0,0.21951219512195122,R&D Department,Campus C,Development Engineer (Hardware / Software / Mechanical),26,0,2,0,0,0,Hungary,0,0,27,0,0,0.0,0,1,1,0,0,0,2026-04-27 20:35:30.526487,CLM037156,No override recorded,Unsubstantiated
AGENT00095,Brenda Poston,2018-01-13,138 Bolton Street,,Manchester,CT,6040,68.0,17.0,0.25,Marketing and Business Development,Campus B,Bid Coordinator,17,0,2,0,0,0,Israel,29,0,0,0,0,0.0,0,1,1,0,0,0,2026-06-19 20:35:30.526521,CLM048469,No override recorded,No findings
AGENT00096,Terry Shaw,1990-07-03,5650 West 60th Avenue,A,Arvada,CO,80003,31.0,9.0,0.2903225806451613,R&D Department,Campus A,Integration and Testing Engineer,18,0,2,0,0,0,France,8,1,0,0,0,0.0,0,0,0,0,0,0,2026-09-03 20:35:30.526554,CLM036250,No override recorded,No findings
AGENT00097,Walter Wetzel,1999-05-01,3546 Rosa L Parks Avenue,,Montgomery,AL,36105,37.0,12.0,0.32432432432432434,Engineering Department,Campus A,Secretary,7,0,3,0,0,0,Israel,0,0,0,0,1,10.0,0,0,0,0,0,0,2026-08-17 20:35:30.526586,CLM041822,No override recorded,No findings
AGENT00098,Fred Watson,1994-09-24,9321 Amy Lane,,Panama City Beach,FL,32407,27.0,7.0,0.25925925925925924,Operations and Manufacturing,Campus C,Operations Manager,13,0,1,0,0,1,Israel,36,0,0,0,0,0.0,0,0,0,0,0,0,2026-06-10 20:35:30.526618,CLM013165,No override recorded,No findings
AGENT00099,Sandra Hayashi,2003-01-31,5157 West Kerry Lane,,Glendale,AZ,85308,0.0,0.0,0.0,Finance,Campus C,Financial Analyst,4,0,3,0,0,0,Israel,54,0,9,0,0,0.0,0,0,0,0,0,0,2026-05-31 20:35:30.526651,N/A,No override recorded,No findings
AGENT00100,Steve Hayes,2014-09-21,12061 Johns Road,#APT 000002,Anchorage,AK,99515,4.0,1.0,0.25,Engineering Department,Campus B,Test Engineer,4,0,2,0,0,0,Ethiopia,2,0,0,0,0,0.0,0,0,0,0,0,0,2026-05-26 20:35:30.526681,CLM002086,No override recorded,No findings
AGENT00101,Gary Rogers,2000-07-21,7650 West 68th Avenue,#315,Arvada,CO,80004,0.0,0.0,0.0,Marketing and Business Development,Campus C,Business Development Manager,6,0,2,0,0,0,Israel,3,0,0,0,0,0.0,0,1,1,0,0,0,2026-08-02 20:35:30.526713,N/A,No override recorded,No findings
AGENT00102,Mary Baker,1996-04-09,4418 15th Street Northwest,,Washington,DC,20011,38.0,11.0,0.2894736842105263,Information Technology,Campus A,Data Scientist,4,0,1,0,0,0,Russia,34,19,0,0,0,0.0,0,0,0,0,0,1,2026-08-28 20:35:30.526744,CLM043526,Approved above authority limit,Under investigation
AGENT00103,Jeffery Filgo,1995-07-06,4113 Holiday Drive,,Panama City,FL,32408,16.0,8.0,0.5,Information Technology,Campus C,Secretary,9,0,2,0,0,0,Israel,1,0,0,0,0,0.0,0,0,0,0,0,0,2026-07-14 20:35:30.526777,CLM037571,No override recorded,Unsubstantiated
AGENT00104,Howard Carter,1997-09-22,20228 Crabtree Street,,Anchorage,AK,99567,27.0,7.0,0.25925925925925924,Operations and Manufacturing,Campus C,Warehouse Manager,17,0,2,0,0,0,Israel,33,0,0,0,0,0.0,0,1,1,0,0,0,2026-05-25 20:35:30.526810,CLM039785,No override recorded,No findings
AGENT00105,Jonathan Labonte,1992-01-07,6516 Nile Circle,,Arvada,CO,80007,111.0,36.0,0.32432432432432434,Marketing and Business Development,Campus C,Secretary,13,0,1,0,0,0,Poland,22,0,0,0,0,0.0,0,1,1,0,0,1,2026-07-11 20:35:30.526843,CLM043367,No override recorded,Confirmed - insider risk
AGENT00106,Alice Burcham,1997-05-09,1504 East 55th Street,,Savannah,GA,31404,11.0,2.0,0.18181818181818182,R&D Department,Campus C,Development Engineer (Hardware / Software / Mechanical),26,0,2,0,0,0,Israel,1,0,0,0,0,0.0,0,1,1,0,0,0,2026-06-18 20:35:30.526875,CLM034094,No override recorded,No findings
AGENT00107,Heather Miramontes,2000-09-11,162 Wells Street,,Manchester,CT,6040,27.0,4.0,0.14814814814814814,Marketing and Business Development,Campus B,Business Development Manager,9,1,2,0,0,0,Ethiopia,11,0,0,0,0,0.0,0,0,0,0,0,0,2026-08-05 20:35:30.526906,CLM003167,No override recorded,No findings
AGENT00108,Tiffany Blackwell,2003-04-08,416 Waverly Avenue,,Baltimore,MD,21225,53.0,3.0,0.05660377358490566,Information Technology,Campus A,IT Director,12,1,1,0,0,1,Israel,13,2,0,0,0,0.0,0,0,0,0,0,0,2026-07-02 20:35:30.526938,CLM010667,No override recorded,No findings
AGENT00109,Jesse Nunes,2003-05-10,802 Virginia Avenue,,Lynn Haven,FL,32444,14.0,5.0,0.35714285714285715,Operations and Manufacturing,Campus A,Operations Manager,18,0,3,0,0,0,Brazil,51,0,0,0,0,0.0,0,0,0,0,0,0,2026-06-25 20:35:30.526970,CLM027802,No override recorded,No findings
AGENT00110,Joseph Stauffer,1997-02-23,1725 Oxford Street,#R 108,Berkeley,CA,94709,5.0,1.0,0.2,Project Management,Campus B,Secretary,16,0,2,1,0,0,Ukraine,9,0,7,0,0,0.0,0,2,1,0,0,0,2026-08-03 20:35:30.527020,CLM016235,No override recorded,No findings
AGENT00111,Philip Mabrey,2013-09-07,333 Saint Charles Avenue,#B2,Fayetteville,AR,72701,12.0,5.0,0.4166666666666667,Project Management,Campus A,Secretary,9,0,2,0,0,0,USA,1,0,0,0,0,0.0,0,0,0,0,0,0,2026-09-15 20:35:30.527067,CLM047101,Approved above authority limit,Unsubstantiated
AGENT00112,Trina Chaney,2009-01-07,345 Buckland Hills Drive,#7,Manchester,CT,6042,6.0,0.0,0.0,Operations and Manufacturing,Campus A,Manufacturing Engineer,0,0,2,0,0,0,Morocco,32,0,0,0,0,0.0,0,0,0,0,0,0,2026-08-13 20:35:30.527104,CLM049032,No override recorded,No findings
AGENT00113,Ethel Cotton,2013-01-04,1106 Mission Drive,,Antioch,CA,94509,100.0,31.0,0.31,Information Technology,Campus C,Information Security Specialist,23,0,1,0,0,0,Israel,0,0,103,0,0,0.0,0,0,0,0,0,1,2026-07-05 20:35:30.527138,CLM048872,Approved above authority limit,Confirmed - insider risk
AGENT00114,Paul Bream,2003-08-30,151 Main Street,,Savannah,GA,31408,58.0,14.0,0.2413793103448276,R&D Department,Campus C,Algorithm Engineer,19,0,2,0,0,0,Turkey,0,0,0,0,0,0.0,0,0,0,0,0,0,2026-06-08 20:35:30.527172,CLM041837,No override recorded,No findings
AGENT00115,Joyce Adams,1992-05-29,4316 Sunnybrook Drive,,Montgomery,AL,36108,46.0,4.0,0.08695652173913043,Human Resources,Campus A,Recruitment Coordinator,9,0,1,0,0,1,China,52,0,0,0,0,0.0,0,2,1,0,0,0,2026-08-07 20:35:30.527205,CLM040923,No override recorded,No findings
AGENT00116,Christopher Allen,1998-04-21,11 Water Street,,Holbrook,MA,2343,97.0,22.0,0.2268041237113402,R&D Department,Campus C,Integration and Testing Engineer,17,1,3,0,0,0,Israel,0,0,30,0,0,0.0,0,2,1,0,0,0,2026-07-09 20:35:30.527238,CLM032183,No override recorded,No findings
AGENT00117,Janice Hammen,1994-06-14,412 Virginia Avenue,,Louisville,KY,40222,66.0,19.0,0.2878787878787879,Operations and Manufacturing,Campus B,Logistics Manager,16,0,1,0,0,0,Ukraine,0,0,0,0,0,0.0,0,0,0,0,0,0,2026-04-09 20:35:30.527269,CLM047920,No override recorded,No findings
AGENT00118,Carl Balado,2007-10-26,1713 Apian Way,,Edmond,OK,73003,10.0,1.0,0.1,Engineering Department,Campus B,Secretary,13,0,2,0,0,1,USA,0,0,4,0,0,0.0,0,1,1,0,0,0,2026-08-13 20:35:30.527301,CLM015891,No override recorded,No findings
AGENT00119,Ronald Smith,1992-01-18,4695 East Huntsville Road,,Fayetteville,AR,72701,105.0,18.0,0.17142857142857143,Information Technology,Campus A,Information Security Specialist,20,0,1,0,0,0,France,8,0,39,0,0,0.0,0,1,1,0,0,0,2026-09-03 20:35:30.527341,CLM032779,No override recorded,No findings
AGENT00120,Janet Scales,2010-06-16,333 Saint Charles Avenue,#B2,Fayetteville,AR,72701,28.0,6.0,0.21428571428571427,Engineering Department,Campus C,Secretary,2,1,2,1,1,0,France,0,0,3,0,0,0.0,0,2,1,0,0,0,2026-09-12 20:35:30.527378,CLM027085,No override recorded,No findings
AGENT00121,Ryan Barnes,2009-06-01,3871 Galactica Drive,,Anchorage,AK,99517,66.0,22.0,0.3333333333333333,Information Technology,Campus A,Enterprise Systems Developer (ERP / CRM / SAP),18,0,2,0,0,0,Brazil,0,0,83,0,0,0.0,0,0,0,0,0,1,2026-04-13 20:35:30.527412,CLM024453,Unscheduled record access,Under investigation
AGENT00122,Tom Williams,2004-12-14,404 Dewey Street,,Woodford,VT,5201,97.0,29.0,0.29896907216494845,Information Technology,Campus A,Enterprise Systems Developer (ERP / CRM / SAP),2,0,2,0,0,1,Morocco,118,37,3,0,0,0.0,0,2,1,0,0,1,2026-04-26 20:35:30.527444,CLM024045,No override recorded,Under investigation
AGENT00123,Tanya Fontenot,1991-02-23,8391 West 52nd Avenue,,Arvada,CO,80002,19.0,7.0,0.3684210526315789,Information Technology,Campus A,Enterprise Systems Developer (ERP / CRM / SAP),2,0,2,0,0,1,Morocco,0,0,0,0,0,0.0,0,1,1,0,0,1,2026-09-14 20:35:30.527475,CLM013522,Bypassed secondary verification,Unsubstantiated
AGENT00124,Kelly Dover,1999-08-28,81 Reynolds Drive,,Colchester,VT,5446,7.0,0.0,0.0,Marketing and Business Development,Campus B,Marketing Manager,15,0,3,0,0,1,Brazil,30,0,2,0,0,0.0,0,1,1,0,0,0,2026-04-28 20:35:30.527506,CLM039820,No override recorded,Unsubstantiated
AGENT00125,Salvador Soriano,2013-11-17,1906 Palmetto Avenue,,Panama City,FL,32405,10.0,3.0,0.3,Operations and Manufacturing,Campus C,Secretary,14,0,1,0,0,1,Israel,17,0,0,0,0,0.0,0,2,1,0,0,0,2026-03-27 20:35:30.527539,CLM046038,No override recorded,No findings
AGENT00126,Dianne Halsema,2006-08-24,1915 Southeast 29th Street,,Oklahoma City,OK,73129,19.0,4.0,0.21052631578947367,Project Management,Campus C,Project Manager,8,0,3,0,0,1,Morocco,51,0,0,0,0,0.0,0,0,0,0,0,0,2026-05-17 20:35:30.527572,CLM040592,No override recorded,No findings
AGENT00127,Kenneth Perez,2005-04-11,15557 Sutter Creek Road,,Sutter Creek,CA,95685,67.0,19.0,0.2835820895522388,Engineering Department,Campus A,Test Engineer,19,0,3,0,0,1,UK,0,0,3,0,1,6.0,0,0,0,0,0,0,2026-04-22 20:35:30.527604,CLM029975,No override recorded,Unsubstantiated
AGENT00128,Richard Kessler,1998-01-03,6420 Via Baron,,Rancho Palos Verdes,CA,90275,74.0,24.0,0.32432432432432434,R&D Department,Campus B,Integration and Testing Engineer,16,0,2,0,0,0,Ethiopia,0,0,60,0,0,0.0,0,0,0,0,0,1,2026-04-14 20:35:30.527635,CLM005511,Unscheduled record access,Unsubstantiated
AGENT00129,Marie Sena,2013-05-06,3377 Sandstone Court,,Pleasanton,CA,94588,0.0,0.0,0.0,Engineering Department,Campus A,Secretary,13,0,2,0,0,1,China,0,0,40,0,0,0.0,0,0,0,0,0,0,2026-07-31 20:35:30.527668,N/A,Approved above authority limit,Unsubstantiated
AGENT00130,Richard Watts,2011-03-19,2521 Naylor Road Southeast,,Washington,DC,20020,24.0,4.0,0.16666666666666666,Operations and Manufacturing,Campus C,Manufacturing Engineer,19,0,2,0,0,0,Canada,0,0,0,0,0,0.0,0,1,1,0,0,0,2026-04-06 20:35:30.527701,CLM030662,No override recorded,No findings
AGENT00131,Donald Saxton,1992-06-14,304 Wilmington Island Road,A,Savannah,GA,31410,30.0,6.0,0.2,Marketing and Business Development,Campus C,Business Development Manager,7,0,1,0,1,0,Ethiopia,16,0,0,0,0,0.0,0,1,1,0,1,0,2026-04-11 20:35:30.527746,CLM023249,No override recorded,No findings
AGENT00132,Peggy Williams,2004-12-16,20117 Lucas Avenue,,Anchorage,AK,99577,10.0,2.0,0.2,Engineering Department,Campus C,Head of Engineering,16,1,2,1,0,0,Israel,13,2,0,0,0,0.0,0,2,1,0,0,0,2026-03-21 20:35:30.527783,CLM034391,No override recorded,No findings
AGENT00133,Teresa Parks,2013-06-01,14854 Bay View Circle,,Panama City Beach,FL,32413,8.0,4.0,0.5,Project Management,Campus A,Secretary,3,0,2,0,0,0,Israel,76,0,0,0,0,0.0,0,1,3,0,0,1,2026-07-19 20:35:30.527817,CLM041444,Bypassed secondary verification,Unsubstantiated
AGENT00134,Santiago Somers,2002-08-13,5644 Kipling Parkway,#108,Arvada,CO,80002,23.0,10.0,0.43478260869565216,Project Management,Campus A,Project Engineer,12,1,2,0,0,0,Israel,31,0,0,0,0,0.0,0,0,0,0,0,0,2026-04-19 20:35:30.527850,CLM011616,No override recorded,No findings
AGENT00135,Robert Blair,1999-10-12,110 Central Junction Boulevard,A,Savannah,GA,31405,120.0,31.0,0.25833333333333336,Human Resources,Campus B,HR Manager,15,0,2,0,0,1,Israel,24,0,0,0,0,0.0,0,0,0,0,0,0,2026-06-05 20:35:30.527884,CLM019777,No override recorded,No findings
AGENT00136,Denise Newsome,1998-03-31,646 Clinton Street,,Montgomery,AL,36108,18.0,3.0,0.16666666666666666,Operations and Manufacturing,Campus A,Manufacturing Engineer,24,0,2,0,0,1,Israel,10,0,0,0,0,0.0,0,0,0,0,0,0,2026-07-01 20:35:30.527917,CLM030599,No override recorded,No findings
AGENT00137,Dominick Ellis,1998-05-20,4132 Carmichael Road,,Montgomery,AL,36106,37.0,9.0,0.24324324324324326,Finance,Campus C,Secretary,7,0,1,0,0,0,Israel,1,0,5,0,0,0.0,0,1,1,0,0,0,2026-03-23 20:35:30.527949,CLM024948,Approved above authority limit,No findings
AGENT00138,Linda Grier,1996-07-19,8063 Regency Drive,,Pleasanton,CA,94588,55.0,14.0,0.2545454545454545,Project Management,Campus C,Project Coordinator,5,0,1,0,0,0,Georgia,1,0,0,0,0,0.0,0,2,1,0,0,0,2026-09-14 20:35:30.527982,CLM044402,No override recorded,Unsubstantiated
AGENT00139,Norman Sledge,1996-02-22,201 West Montgomery Cross Road,#170,Savannah,GA,31406,29.0,7.0,0.2413793103448276,Marketing and Business Development,Campus B,Secretary,15,0,2,0,0,0,Israel,2,0,0,0,0,0.0,0,1,1,0,0,0,2026-04-12 20:35:30.528038,CLM001878,No override recorded,No findings
AGENT00140,Sergio Randolph,1997-03-21,6002 Jo Danielle Place,D,Louisville,KY,40291,158.0,32.0,0.20253164556962025,Marketing and Business Development,Campus A,Bid Coordinator,9,0,1,0,0,0,France,47,0,0,0,0,0.0,0,1,1,0,0,0,2026-06-05 20:35:30.528084,CLM033678,No override recorded,No findings
AGENT00141,Mike Cress,2003-04-18,71 Racine Road,,,VT,5468,143.0,32.0,0.22377622377622378,Project Management,Campus B,Project Coordinator,2,0,1,0,0,0,Israel,6,0,0,0,0,0.0,0,0,0,0,0,0,2026-08-20 20:35:30.528122,CLM008768,No override recorded,No findings
AGENT00142,Leland Low,2016-07-01,6672 Urban Court,,Arvada,CO,80004,15.0,1.0,0.06666666666666667,Project Management,Campus B,Project Manager,15,0,2,0,1,0,France,30,0,0,0,0,0.0,0,1,1,0,0,0,2026-08-22 20:35:30.528157,CLM032243,No override recorded,No findings
AGENT00143,Malinda Hughes,2012-07-07,2511 Hearst Avenue,#R 113,Berkeley,CA,94709,25.0,10.0,0.4,Operations and Manufacturing,Campus B,Operations Manager,11,1,1,0,0,0,USA,41,0,0,0,0,0.0,0,1,1,0,1,0,2026-07-13 20:35:30.528191,CLM027294,No override recorded,No findings
AGENT00144,Lillie Mcdonald,2001-12-09,2931 Shady Oaks Drive,,Evans,CO,80620,18.0,4.0,0.2222222222222222,R&D Department,Campus C,Development Engineer (Hardware / Software / Mechanical),6,0,3,0,0,0,Ukraine,0,0,25,0,0,0.0,0,1,1,0,0,0,2026-07-21 20:35:30.528223,CLM001020,No override recorded,No findings
AGENT00145,Leann Hernandez,2005-07-22,1040 West 27th Avenue,#APT 000401,Anchorage,AK,99503,7.0,3.0,0.42857142857142855,Operations and Manufacturing,Campus B,Operations Manager,5,0,2,0,1,0,Israel,97,53,0,0,0,0.0,0,1,1,0,0,1,2026-04-22 20:35:30.528255,CLM016986,Bypassed secondary verification,Confirmed - insider risk
AGENT00146,Margaret Swindell,2009-06-14,409 Snook Lane,,Panama City Beach,FL,32408,1.0,0.0,0.0,Engineering Department,Campus A,Secretary,2,0,3,0,0,0,Morocco,0,0,32,0,0,0.0,0,1,1,0,0,0,2026-04-07 20:35:30.528287,CLM031204,No override recorded,No findings
AGENT00147,Brian Webb,2013-05-25,302 Depot Road,,Boxborough,MA,1719,39.0,11.0,0.28205128205128205,Finance,Campus B,Secretary,7,0,2,1,0,0,Israel,19,4,0,0,0,0.0,0,2,1,0,0,0,2026-06-07 20:35:30.528351,CLM028123,No override recorded,Unsubstantiated
AGENT00148,Vanessa White,1999-05-10,14003 Crossbranch Court,,Louisville,KY,40245,29.0,5.0,0.1724137931034483,R&D Department,Campus A,Systems Engineer,18,0,3,0,0,0,Israel,0,0,5,0,0,0.0,0,0,0,0,0,0,2026-05-09 20:35:30.528397,CLM045903,No override recorded,No findings
AGENT00149,Penny Diemer,2009-12-12,179 Blue Ridge Drive,,Manchester,CT,6040,0.0,0.0,0.0,Operations and Manufacturing,Campus A,Procurement Officer,11,0,1,0,0,0,Russia,6,0,0,0,0,0.0,0,1,1,0,0,0,2026-07-29 20:35:30.528433,N/A,No override recorded,No findings
AGENT00150,Leonardo Varghese,2001-09-21,332 33rd Avenue North,,Nashville,TN,37209,11.0,4.0,0.36363636363636365,Operations and Manufacturing,Campus A,Operations Manager,14,0,2,0,0,0,Libya,51,0,0,0,0,0.0,0,0,0,0,0,0,2026-05-18 20:35:30.528467,CLM028984,No override recorded,No findings
AGENT00151,Lois House,2008-02-11,5 Tranquil Place,,Pooler,GA,31322,91.0,19.0,0.2087912087912088,Finance,Campus A,Finance Manager,15,0,2,1,1,1,Germany,10,0,8,0,0,0.0,0,1,1,0,0,0,2026-08-29 20:35:30.528502,CLM021459,Approved above authority limit,No findings
AGENT00152,John Hensel,1995-11-11,10124 Watsonville Road,,Louisville,KY,40272,10.0,2.0,0.2,Information Technology,Campus A,IT Director,19,0,2,0,0,0,Morocco,0,0,48,0,0,0.0,0,0,0,0,0,0,2026-06-08 20:35:30.528536,CLM049238,No override recorded,No findings
AGENT00153,Pat Hartman,2004-08-18,1427 H Street,,Anchorage,AK,99501,5.0,1.0,0.2,Information Technology,Campus C,Secretary,1,1,3,0,0,0,Russia,5,0,37,0,0,0.0,0,1,1,0,0,0,2026-09-06 20:35:30.528570,CLM036068,Approved above authority limit,No findings
AGENT00154,Jacquelyn Webb,2008-02-27,1217 Southwest 91st Street,,Oklahoma City,OK,73139,30.0,10.0,0.3333333333333333,Operations and Manufacturing,Campus A,Warehouse Manager,5,0,1,0,0,0,Russia,0,0,0,0,0,0.0,0,2,1,0,0,0,2026-04-23 20:35:30.528603,CLM043477,No override recorded,No findings
AGENT00155,Doris Spaulding,2001-05-08,1708 Melody Drive,,Midwest City,OK,73130,163.0,35.0,0.2147239263803681,Project Management,Campus B,Project Coordinator,10,0,2,0,0,0,Israel,7,0,0,0,0,0.0,0,0,0,0,0,0,2026-05-09 20:35:30.528635,CLM043308,No override recorded,No findings
AGENT00156,Mary Lane,1996-08-09,653 Stratton Arlington Road,,Stratton,VT,5360,9.0,2.0,0.2222222222222222,Project Management,Campus A,Project Manager,5,0,1,1,0,0,Argentina,3,0,5,0,0,0.0,0,1,1,0,0,0,2026-03-26 20:35:30.528667,CLM012620,No override recorded,Unsubstantiated
AGENT00157,Johnnie Mclain,2010-06-07,731 Mumford Street,#APT 000003,Anchorage,AK,99508,50.0,11.0,0.22,R&D Department,Campus B,Head of R&D,17,0,2,0,0,0,Israel,0,0,0,0,1,9.0,0,0,0,0,0,1,2026-06-04 20:35:30.528698,CLM010342,Bypassed secondary verification,Under investigation
AGENT00158,Jim Rippee,2017-09-21,15510 Champion Lakes Place,,Louisville,KY,40245,59.0,17.0,0.288135593220339,R&D Department,Campus C,Head of R&D,31,0,2,0,0,0,Israel,18,0,43,0,0,0.0,0,1,1,0,0,0,2026-04-12 20:35:30.528729,CLM029786,No override recorded,No findings
AGENT00159,John Hemphill,1993-03-08,4506 Eads Place Northeast,,Washington,DC,20019,12.0,2.0,0.16666666666666666,Marketing and Business Development,Campus B,Secretary,8,1,1,1,1,0,Argentina,30,0,0,0,0,0.0,0,0,0,0,0,0,2026-05-27 20:35:30.528760,CLM027521,No override recorded,No findings
AGENT00160,Daniel Wilcox,2000-06-16,14 Hillside Terrace,,Richford,VT,5476,48.0,10.0,0.20833333333333334,Engineering Department,Campus B,Systems Engineer,14,0,2,1,0,1,Russia,21,6,0,0,0,0.0,0,0,0,0,0,0,2026-06-16 20:35:30.528791,CLM007656,No override recorded,No findings
AGENT00161,Michael Furnace,2017-09-17,113 Hammarlee Road,,Glen Burnie,MD,21060,20.0,0.0,0.0,Engineering Department,Campus C,Secretary,9,1,3,0,0,0,Israel,0,0,44,0,0,0.0,0,0,0,0,0,0,2026-08-06 20:35:30.528821,CLM019326,No override recorded,No findings
AGENT00162,Jackie Ruiz,1996-02-26,3701 Lake Towne Drive,,Nashville,TN,37013,38.0,8.0,0.21052631578947367,Information Technology,Campus A,Information Security Specialist,12,0,1,1,0,0,Ethiopia,5,0,0,0,0,0.0,0,1,1,0,0,0,2026-05-13 20:35:30.528853,CLM045896,No override recorded,Unsubstantiated
AGENT00163,George Bastian,2009-05-06,165 Saint John Street,,Manchester,CT,6040,51.0,13.0,0.2549019607843137,Project Management,Campus A,Project Manager,20,0,3,0,0,1,Ukraine,5,1,0,0,0,0.0,0,1,1,0,0,0,2026-04-14 20:35:30.528884,CLM005940,Approved above authority limit,No findings
AGENT00164,Joanne Bynoe,1998-01-03,208 Solitude Circle,,Goodlettsville,TN,37072,36.0,8.0,0.2222222222222222,Engineering Department,Campus C,Head of Engineering,11,0,2,0,0,0,Argentina,1,0,37,0,0,0.0,0,2,1,0,0,0,2026-04-28 20:35:30.528914,CLM043348,No override recorded,No findings
AGENT00165,Victoria Hicks,2005-03-03,36043 Soapberry Commons,,Fremont,CA,94536,3.0,0.0,0.0,Operations and Manufacturing,Campus C,Warehouse Manager,20,0,1,0,0,1,Ethiopia,8,0,8,0,0,0.0,0,2,1,0,0,0,2026-08-20 20:35:30.528945,CLM010577,No override recorded,Unsubstantiated
AGENT00166,Alison Allison,1995-05-18,18713 Shilstone Way,,Edmond,OK,73012,70.0,22.0,0.3142857142857143,Operations and Manufacturing,Campus A,Warehouse Manager,13,0,1,0,0,0,Ethiopia,13,5,0,0,0,0.0,0,1,1,0,0,0,2026-09-07 20:35:30.528976,CLM041083,No override recorded,Unsubstantiated
AGENT00167,William Wiggins,1993-01-13,7435 East Tulare Avenue,,Fresno,CA,93737,18.0,8.0,0.4444444444444444,Marketing and Business Development,Campus B,Bid Coordinator,24,0,1,0,0,0,India,0,0,43,0,0,0.0,0,0,0,0,0,1,2026-07-24 20:35:30.529026,CLM033321,Approved above authority limit,Confirmed - insider risk
AGENT00168,Maria Mcdonald,2009-09-20,332 Concord Avenue,,Cambridge,MA,2138,6.0,1.0,0.16666666666666666,Operations and Manufacturing,Campus A,Procurement Officer,1,1,1,0,0,0,Ukraine,7,0,0,0,0,0.0,0,1,1,0,0,0,2026-04-05 20:35:30.529070,CLM035123,No override recorded,No findings
AGENT00169,Shanna Palacios,1998-05-19,2034 Fairfax Road,,Annapolis,MD,21401,3.0,0.0,0.0,Operations and Manufacturing,Campus A,Logistics Manager,10,0,2,0,0,0,Israel,7,0,12,0,0,0.0,0,0,0,0,0,0,2026-03-29 20:35:30.529105,CLM034515,No override recorded,No findings
AGENT00170,Kyle Allen,2012-02-27,110 Allen Place,,Farmington,AR,72730,35.0,10.0,0.2857142857142857,Information Technology,Campus A,Systems and Network Administrator,6,0,1,0,0,0,USA,1,0,0,0,0,0.0,0,0,0,0,0,0,2026-03-28 20:35:30.529138,CLM002212,No override recorded,No findings
AGENT00171,John Lolley,2007-12-27,832 51st Street Northeast,,Washington,DC,20019,54.0,11.0,0.2037037037037037,Project Management,Campus A,Project Engineer,8,0,2,0,0,1,Israel,17,0,0,0,0,0.0,0,1,1,0,0,0,2026-09-15 20:35:30.529171,CLM009187,No override recorded,No findings
AGENT00172,Sonia Barnhill,1992-10-21,4800 Huffman Road,,Anchorage,AK,99516,0.0,0.0,0.0,Marketing and Business Development,Campus C,Marketing Manager,21,0,3,1,0,0,Ukraine,28,0,0,0,0,0.0,0,0,0,0,0,0,2026-04-10 20:35:30.529202,N/A,No override recorded,No findings
AGENT00173,James Schroepfer,2007-05-29,7822 Club Crest Drive,,Arvada,CO,80005,33.0,11.0,0.3333333333333333,Operations and Manufacturing,Campus B,Secretary,16,0,1,0,0,0,Canada,12,0,0,0,0,0.0,0,0,0,0,0,0,2026-04-20 20:35:30.529235,CLM021737,No override recorded,No findings
AGENT00174,Leonard Martin,2008-10-02,303 Addison Drive,,Glen Burnie,MD,21060,12.0,3.0,0.25,Human Resources,Campus B,Secretary,3,0,1,0,0,1,South Africa,1,0,0,0,0,0.0,0,0,0,0,0,0,2026-03-21 20:35:30.529268,CLM029670,No override recorded,No findings
AGENT00175,Mario Willis,2004-12-05,5721 Frank Hough Road,,Panama City,FL,32404,46.0,12.0,0.2608695652173913,Project Management,Campus B,Project Coordinator,5,0,2,0,0,0,Russia,11,0,0,0,0,0.0,0,0,0,0,0,0,2026-04-16 20:35:30.529300,CLM007162,No override recorded,Unsubstantiated
AGENT00176,Oscar Reinke,2013-04-24,219 Bidwell Street,,Manchester,CT,6040,6.0,3.0,0.5,R&D Department,Campus B,Systems Engineer,5,0,2,1,0,0,Poland,6,2,33,0,0,0.0,0,1,1,0,0,1,2026-05-28 20:35:30.529344,CLM037081,Unscheduled record access,Under investigation
AGENT00177,Fran Maney,1997-01-11,52 Park Street,D,Manchester,CT,6040,49.0,9.0,0.1836734693877551,Operations and Manufacturing,Campus A,Secretary,13,0,2,0,0,0,Poland,25,0,0,0,0,0.0,0,0,0,0,0,0,2026-09-04 20:35:30.529381,CLM037801,No override recorded,No findings
AGENT00178,Jeffrey Clark,2011-05-02,680 Quintana Road,,Morro Bay,CA,93442,16.0,3.0,0.1875,Project Management,Campus C,Secretary,14,0,2,0,0,0,Ukraine,6,0,0,0,0,0.0,0,0,0,0,0,0,2026-09-11 20:35:30.529416,CLM048312,No override recorded,Unsubstantiated
AGENT00179,Gregory Maxwell,2002-05-21,2812 Jasper Street Southeast,,Washington,DC,20020,99.0,22.0,0.2222222222222222,R&D Department,Campus B,Algorithm Engineer,13,0,3,0,0,0,North Korea,0,0,0,0,0,0.0,0,2,1,0,1,0,2026-08-20 20:35:30.529448,CLM024826,No override recorded,Unsubstantiated
AGENT00180,Chad Cardwell,2007-11-07,150 Somersby Boulevard,,Pooler,GA,31322,10.0,3.0,0.3,Operations and Manufacturing,Campus A,Logistics Manager,13,0,1,0,0,0,China,12,0,0,0,0,0.0,0,0,0,0,0,0,2026-08-27 20:35:30.529481,CLM011268,No override recorded,No findings
AGENT00181,Judy Harris,2002-01-21,5458 Zephyr Court,,Arvada,CO,80002,17.0,5.0,0.29411764705882354,Operations and Manufacturing,Campus C,Warehouse Manager,6,0,3,1,0,0,Romania,34,0,0,0,0,0.0,0,0,0,0,0,0,2026-06-26 20:35:30.529514,CLM017373,No override recorded,No findings
AGENT00182,Arlene Lopez,1993-05-06,600 Crosby Boulevard,,Midwest City,OK,73110,1.0,0.0,0.0,Operations and Manufacturing,Campus C,Logistics Manager,12,0,2,0,0,0,Ukraine,13,0,0,0,0,0.0,0,2,1,0,0,0,2026-06-10 20:35:30.529545,CLM013701,No override recorded,No findings
AGENT00183,Grady Gorsky,2012-02-04,107 Guaymas Place,,Davis,CA,95616,94.0,28.0,0.2978723404255319,R&D Department,Campus B,Head of R&D,28,0,3,1,0,0,Ukraine,0,0,34,0,0,0.0,0,2,1,0,0,0,2026-06-23 20:35:30.529578,CLM037861,No override recorded,No findings
AGENT00184,Christopher Moore,2008-05-24,45430 Lauri Lane,,Oakhurst,CA,93644,78.0,14.0,0.1794871794871795,R&D Department,Campus C,Head of R&D,9,0,2,1,0,0,Israel,0,0,41,0,0,0.0,0,1,1,0,0,0,2026-06-30 20:35:30.529609,CLM001212,Approved above authority limit,Unsubstantiated
AGENT00185,Michael Wolfe,2012-03-31,1521 North Olympic Club Avenue,#201,Fayetteville,AR,72704,15.0,2.0,0.13333333333333333,Operations and Manufacturing,Campus B,Manufacturing Engineer,14,0,2,0,0,0,USA,121,0,0,0,0,0.0,0,1,2,0,0,1,2026-04-09 20:35:30.529640,CLM027402,Approved above authority limit,Confirmed - insider risk
AGENT00186,Clifford Price,2009-03-10,533 Forest Ridge Court,,Montgomery,AL,36109,41.0,6.0,0.14634146341463414,Finance,Campus A,Secretary,1,0,3,0,0,0,France,12,0,0,0,0,0.0,0,1,1,0,0,0,2026-04-11 20:35:30.529670,CLM030286,No override recorded,No findings
AGENT00187,Marilyn Ledford,1997-03-03,8216 West Citrus Way,,Glendale,AZ,85303,64.0,11.0,0.171875,Marketing and Business Development,Campus B,Secretary,16,0,2,0,0,0,France,8,0,0,0,0,0.0,0,1,1,0,0,0,2026-05-15 20:35:30.529702,CLM042300,No override recorded,No findings
AGENT00188,Judith Sweet,1997-01-21,5112 Southwest 124th Place,,Oklahoma City,OK,73173,29.0,5.0,0.1724137931034483,Operations and Manufacturing,Campus C,Secretary,13,0,1,0,0,0,Ethiopia,0,0,0,0,0,0.0,0,1,1,0,1,0,2026-05-13 20:35:30.529733,CLM037377,No override recorded,No findings
AGENT00189,Trevor Munoz,2002-03-26,4463 Cato Road,,Nashville,TN,37218,28.0,7.0,0.25,Engineering Department,Campus C,Head of Engineering,31,0,3,1,0,0,Israel,15,0,0,0,0,0.0,0,0,0,0,0,0,2026-05-10 20:35:30.529765,CLM042604,No override recorded,No findings
AGENT00190,Mary Jackson,2004-11-05,1734 Tamarack Street Northwest,,Washington,DC,20012,9.0,2.0,0.2222222222222222,Engineering Department,Campus B,Head of Engineering,15,0,3,0,0,0,Israel,0,0,65,0,0,0.0,0,1,1,0,0,1,2026-05-13 20:35:30.529797,CLM022545,Approved above authority limit,Confirmed - insider risk
AGENT00191,Eric Keith,1990-10-21,8041 Elton Street,,Glen Burnie,MD,21060,7.0,0.0,0.0,R&D Department,Campus B,Integration and Testing Engineer,7,0,3,0,0,0,Israel,6,0,41,0,0,0.0,0,1,1,0,0,0,2026-08-17 20:35:30.529829,CLM026547,No override recorded,No findings
AGENT00192,Hassan Taylor,2014-01-08,7804 Abercorn Street,#11,Savannah,GA,31406,100.0,30.0,0.3,R&D Department,Campus A,Algorithm Engineer,11,1,2,0,0,0,Israel,10,0,0,0,0,0.0,0,1,1,0,0,0,2026-05-10 20:35:30.529859,CLM022123,No override recorded,No findings
AGENT00193,John Buck,2017-05-22,9300 C Street,,Oakland,CA,94603,96.0,18.0,0.1875,Engineering Department,Campus B,Test Engineer,0,0,2,0,0,0,India,1,0,30,0,0,0.0,0,0,0,0,0,0,2026-03-28 20:35:30.529891,CLM024271,No override recorded,No findings
AGENT00194,Denita Hall,2008-07-28,316 Sourwood Court,R,Millersville,MD,21108,54.0,10.0,0.18518518518518517,Marketing and Business Development,Campus C,Bid Coordinator,18,0,2,0,0,0,France,24,0,20,0,0,0.0,0,0,0,0,0,0,2026-06-17 20:35:30.529922,CLM026482,No override recorded,Unsubstantiated
AGENT00195,Kathryn Lowe,2017-11-28,31 Baileys Mills Road,,Reading,VT,5062,17.0,6.0,0.35294117647058826,Marketing and Business Development,Campus C,Bid Coordinator,5,0,1,0,0,0,Ethiopia,26,5,0,0,0,0.0,0,0,0,0,0,0,2026-09-10 20:35:30.529952,CLM000565,No override recorded,No findings
AGENT00196,Michael Davila,2017-01-29,182 Irving Street,,Manchester,CT,6042,16.0,6.0,0.375,R&D Department,Campus B,Systems Engineer,13,0,2,1,0,1,Israel,4,0,0,0,0,0.0,0,0,0,0,0,0,2026-08-20 20:35:30.529984,CLM047927,No override recorded,No findings
AGENT00197,Gerald Barretto,2009-03-26,353 Cotswold Cmns,,Norman,OK,73072,53.0,16.0,0.3018867924528302,Engineering Department,Campus C,Secretary,11,0,3,0,0,0,Israel,0,0,0,0,0,0.0,0,1,1,0,1,0,2026-08-09 20:35:30.530037,CLM040729,No override recorded,No findings
AGENT00198,William Jones,2011-11-25,5510 Montgomery Street,#4,Savannah,GA,31405,83.0,28.0,0.3373493975903614,Human Resources,Campus A,Recruitment Coordinator,10,0,2,0,0,0,Israel,14,0,0,0,0,0.0,0,1,1,0,0,0,2026-04-14 20:35:30.530083,CLM034763,No override recorded,No findings
AGENT00199,Norman Hendon,2015-02-18,6086 Kennedy Drive,,Fayetteville,AR,72704,80.0,24.0,0.3,Legal and Regulation,Campus A,Regulatory Affairs Officer,7,0,3,0,0,0,Russia,60,0,0,0,0,0.0,0,1,1,0,0,0,2026-06-01 20:35:30.530122,CLM002346,No override recorded,Unsubstantiated
AGENT00200,Kayla Place,2015-01-26,3321 Furman Boulevard,,Louisville,KY,40220,63.0,22.0,0.3492063492063492,Information Technology,Campus A,Information Security Specialist,25,0,1,0,0,1,South Africa,2,0,56,0,0,0.0,0,0,0,0,0,0,2026-08-31 20:35:30.530158,CLM046783,No override recorded,No findings
AGENT00201,Martha Ray,1998-04-25,43626 Bryant Street,,Fremont,CA,94539,40.0,11.0,0.275,Operations and Manufacturing,Campus B,Warehouse Manager,12,1,1,0,0,0,France,5,0,0,0,0,0.0,0,0,0,0,0,0,2026-06-03 20:35:30.530192,CLM006423,No override recorded,No findings
AGENT00202,Michael Grimes,2016-06-06,4511 43rd Place Northwest,,Washington,DC,20016,4.0,1.0,0.25,Human Resources,Campus B,HR Manager,15,0,2,0,0,1,Israel,19,0,7,0,0,0.0,0,0,0,0,0,0,2026-05-12 20:35:30.530226,CLM031983,No override recorded,No findings
AGENT00203,Linda Adair,2014-04-10,643 Farragut Street Northwest,,Washington,DC,20011,8.0,3.0,0.375,R&D Department,Campus B,Integration and Testing Engineer,16,0,2,0,0,0,Ethiopia,0,0,68,0,0,0.0,0,1,1,0,0,1,2026-03-21 20:35:30.530258,CLM017391,Approved above authority limit,Under investigation
AGENT00204,Gary Carter,1991-06-04,2740 Collie Hill Way,APT A,Anchorage,AK,99504,91.0,22.0,0.24175824175824176,Finance,Campus C,Budget Manager,20,0,2,0,0,0,Russia,14,0,0,0,0,0.0,0,1,1,0,0,0,2026-07-01 20:35:30.530290,CLM034032,No override recorded,No findings
AGENT00205,Rebekah Dawson,2010-02-26,1426 C Street Southeast,,Washington,DC,20003,41.0,15.0,0.36585365853658536,Operations and Manufacturing,Campus A,Procurement Officer,10,0,1,0,0,0,Canada,2,0,0,0,0,0.0,0,1,1,0,0,0,2026-09-10 20:35:30.530323,CLM026055,No override recorded,Unsubstantiated
AGENT00206,Wm Combs,2006-03-13,6225 West Citrus Way,,Glendale,AZ,85301,0.0,0.0,0.0,Human Resources,Campus B,Secretary,3,0,1,0,0,1,South Africa,14,0,0,0,0,0.0,0,1,1,0,0,0,2026-06-14 20:35:30.530368,N/A,No override recorded,Unsubstantiated
AGENT00207,James Willis,2004-11-25,1025 Rose Anne Road,,Glen Burnie,MD,21060,4.0,1.0,0.25,Information Technology,Campus C,BI Developer / Data Analyst,18,1,2,0,0,0,Israel,8,0,55,0,0,0.0,0,0,0,0,0,0,2026-06-25 20:35:30.530402,CLM001974,No override recorded,Unsubstantiated
AGENT00208,Irene Echeverria,2008-01-16,3388 Thomasson Lane,,Fairfield,CA,94534,52.0,16.0,0.3076923076923077,Operations and Manufacturing,Campus C,Logistics Manager,12,0,2,0,0,0,Ukraine,13,0,0,0,0,0.0,0,2,1,0,0,0,2026-08-23 20:35:30.530444,CLM017902,No override recorded,No findings
AGENT00209,John Fullmer,2011-04-05,1738 Annabellas Drive,,Panama City Beach,FL,32407,0.0,0.0,0.0,R&D Department,Campus C,Algorithm Engineer,15,0,2,0,0,0,India,0,0,72,0,0,0.0,0,0,0,0,0,0,2026-07-30 20:35:30.530482,N/A,No override recorded,No findings
AGENT00210,Susan Morace,2011-04-21,3138 Banneker Drive Northeast,,Washington,DC,20018,13.0,2.0,0.15384615384615385,Operations and Manufacturing,Campus C,Secretary,16,0,2,1,0,0,France,39,0,0,0,0,0.0,0,0,0,0,0,0,2026-04-26 20:35:30.530516,CLM038791,No override recorded,No findings
AGENT00211,Lillian Floyd,2013-08-15,1504 P Street Northwest,,Washington,DC,20005,34.0,9.0,0.2647058823529412,Engineering Department,Campus C,Head of Engineering,11,0,2,0,0,0,Argentina,4,1,0,0,0,0.0,0,1,1,0,0,0,2026-08-30 20:35:30.530548,CLM034054,No override recorded,No findings
AGENT00212,Lynne Collins,2012-05-07,208 Waterford Drive,,Lynn Haven,FL,32444,53.0,16.0,0.3018867924528302,Project Management,Campus A,Secretary,3,0,2,0,0,0,Israel,3,0,0,0,0,0.0,0,1,1,0,0,1,2026-08-23 20:35:30.530580,CLM045563,Approved above authority limit,Confirmed - insider risk
AGENT00213,Christopher Flores,1993-07-02,6672 Urban Court,,Arvada,CO,80004,37.0,8.0,0.21621621621621623,R&D Department,Campus A,Development Engineer (Hardware / Software / Mechanical),2,0,3,0,0,0,France,0,0,0,0,1,5.0,0,0,0,0,0,0,2026-03-27 20:35:30.530612,CLM021194,No override recorded,No findings
AGENT00214,Margaret Burks,1995-06-22,4423 Lilac Avenue,,Savannah,GA,31404,13.0,3.0,0.23076923076923078,R&D Department,Campus C,Algorithm Engineer,11,0,3,0,0,1,Qatar,0,0,31,0,0,0.0,0,0,0,0,0,0,2026-04-11 20:35:30.530642,CLM011897,No override recorded,Unsubstantiated
AGENT00215,Alejandro Moran,2006-11-23,2611 Bluefield Avenue,,Nashville,TN,37214,43.0,13.0,0.3023255813953488,Engineering Department,Campus C,Head of Engineering,8,0,3,0,0,0,Romania,0,0,4,0,1,2.0,0,0,0,0,0,0,2026-08-10 20:35:30.530673,CLM029182,No override recorded,No findings
AGENT00216,Claudia Layden,2008-04-13,319 Elderwood Court,,Annapolis,MD,21409,10.0,1.0,0.1,Project Management,Campus B,Project Coordinator,14,0,1,0,0,1,France,45,0,0,0,0,0.0,0,0,0,0,0,0,2026-07-31 20:35:30.530704,CLM034230,No override recorded,No findings
AGENT00217,Deborah Zeller,2014-09-08,33 South Hill Avenue,#306,Fayetteville,AR,72701,22.0,7.0,0.3181818181818182,R&D Department,Campus A,Systems Engineer,5,0,2,0,0,0,Yemen,0,0,0,0,1,1.0,0,0,0,0,0,0,2026-05-24 20:35:30.530734,CLM039482,No override recorded,No findings
AGENT00218,Tina Vallejo,2008-10-12,16 Pine Hill Street,,Manchester,CT,6042,55.0,9.0,0.16363636363636364,Finance,Campus C,Secretary,6,1,2,1,0,0,Israel,30,0,4,0,0,0.0,0,2,1,0,1,0,2026-05-08 20:35:30.530765,CLM009850,Approved above authority limit,No findings
AGENT00219,Gary Grigsby,2008-11-20,3079 North Bentley Ridge,,Fayetteville,AR,72704,49.0,16.0,0.32653061224489793,Finance,Campus C,Finance Manager,17,0,1,1,0,0,Israel,2,0,21,0,0,0.0,0,1,1,0,0,1,2026-06-18 20:35:30.530797,CLM042611,Approved above authority limit,Unsubstantiated
AGENT00220,Debbie Beegle,2002-11-20,6702 Johnny Mercer Boulevard,,Savannah,GA,31410,82.0,23.0,0.2804878048780488,Engineering Department,Campus B,Test Engineer,25,0,2,1,0,0,Brazil,0,0,51,0,0,0.0,0,1,1,0,0,0,2026-03-24 20:35:30.530827,CLM026608,No override recorded,No findings
AGENT00221,Stephen Romney,2015-10-11,13116 West Palo Verde Drive,,Litchfield Park,AZ,85340,48.0,11.0,0.22916666666666666,Engineering Department,Campus C,Design Engineer,21,0,2,1,0,0,Russia,8,0,0,0,0,0.0,0,0,0,0,0,0,2026-04-15 20:35:30.530858,CLM012048,No override recorded,No findings
AGENT00222,Jewell Johnson,2012-11-19,4405 West Solano Drive South,,Glendale,AZ,85301,38.0,10.0,0.2631578947368421,Engineering Department,Campus C,Test Engineer,9,1,3,0,0,0,Israel,6,0,0,0,0,0.0,0,2,1,0,0,0,2026-04-09 20:35:30.530890,CLM043855,No override recorded,No findings
AGENT00223,Elizabeth Dayton,2007-11-12,6029 Wright Street,,Arvada,CO,80004,2.0,0.0,0.0,Information Technology,Campus C,Information Security Specialist,19,0,2,0,1,0,France,32,0,0,0,0,0.0,0,0,0,0,0,0,2026-05-30 20:35:30.530922,CLM033030,No override recorded,No findings
AGENT00224,Evelyn Ortiz,2009-08-24,10340 West 62nd Place,,Arvada,CO,80004,25.0,1.0,0.04,Legal and Regulation,Campus C,Regulatory Affairs Officer,16,0,3,0,1,1,Israel,6,0,13,0,0,0.0,0,2,1,0,0,0,2026-04-24 20:35:30.530954,CLM039379,No override recorded,No findings
AGENT00225,Judith Piacente,2006-03-01,35 Lakewood Circle South,,Manchester,CT,6040,10.0,0.0,0.0,Finance,Campus C,Accountant,7,0,3,0,0,0,Israel,62,0,0,0,0,0.0,0,0,0,0,0,0,2026-04-16 20:35:30.530985,CLM005426,No override recorded,No findings
AGENT00226,David Stephenson,1999-06-10,117 East Cook Avenue,,Anchorage,AK,99501,14.0,1.0,0.07142857142857142,Engineering Department,Campus A,Systems Engineer,24,0,3,0,0,1,Ukraine,7,0,0,0,0,0.0,0,1,1,0,0,0,2026-09-10 20:35:30.531040,CLM013073,No override recorded,No findings
AGENT00227,Percy Rodriguez,2018-02-20,164 Tensaw Road,,Montgomery,AL,36117,141.0,40.0,0.28368794326241137,Operations and Manufacturing,Campus C,Warehouse Manager,12,0,1,0,0,0,France,36,0,0,0,0,0.0,0,1,1,0,0,0,2026-05-23 20:35:30.531084,CLM036818,No override recorded,No findings
AGENT00228,Omar Butler,1994-02-06,1414 East Anderson Street,#317,Savannah,GA,31404,25.0,5.0,0.2,Engineering Department,Campus B,Test Engineer,15,0,2,0,0,0,Israel,1,0,0,0,0,0.0,0,2,1,0,0,0,2026-07-09 20:35:30.531121,CLM002420,No override recorded,No findings
AGENT00229,Roman Hartman,1994-09-20,341 West Tudor Road,#STE 000103,Anchorage,AK,99503,87.0,17.0,0.19540229885057472,Project Management,Campus A,Project Manager,11,0,1,0,1,0,Israel,17,0,0,0,0,0.0,0,1,1,0,0,0,2026-04-29 20:35:30.531159,CLM049143,Approved above authority limit,No findings
AGENT00230,Mark Lee,1997-08-27,5458 30th Street Northwest,,Washington,DC,20015,31.0,10.0,0.3225806451612903,Engineering Department,Campus B,Systems Engineer,10,0,2,0,0,0,South Africa,0,0,89,0,0,0.0,0,1,2,0,1,1,2026-08-12 20:35:30.531193,CLM030595,No override recorded,Confirmed - insider risk
AGENT00231,Melissa Whitman,2000-05-04,138 Bolton Street,,Manchester,CT,6040,71.0,22.0,0.30985915492957744,Project Management,Campus B,Project Coordinator,5,0,2,0,0,0,Russia,1,0,4,0,0,0.0,0,1,1,0,0,0,2026-04-04 20:35:30.531228,CLM019606,No override recorded,No findings
AGENT00232,Mildred Drummond,2017-01-10,1809 Cedar Drive,,Severn,MD,21144,27.0,7.0,0.25925925925925924,R&D Department,Campus A,Systems Engineer,8,0,3,1,0,0,Ukraine,0,0,2,0,0,0.0,0,0,0,0,0,0,2026-04-27 20:35:30.531261,CLM033784,No override recorded,No findings
AGENT00233,Carol Battles,1991-02-03,2732 West 67th Avenue,,Anchorage,AK,99502,28.0,4.0,0.14285714285714285,Operations and Manufacturing,Campus C,Manufacturing Engineer,22,0,2,0,0,0,USA,11,0,0,0,0,0.0,0,1,1,0,0,0,2026-07-09 20:35:30.531293,CLM010351,No override recorded,Unsubstantiated
AGENT00234,Marvin Ritter,2013-05-06,607 North 46th Avenue,,Fayetteville,AR,72704,33.0,8.0,0.24242424242424243,Engineering Department,Campus A,Design Engineer,20,1,3,1,0,0,Russia,1,0,0,0,0,0.0,0,1,1,0,0,0,2026-06-07 20:35:30.531333,CLM049391,Approved above authority limit,No findings
AGENT00235,Barbara Pearce,2008-02-28,18687 County Road 97,,Woodland,CA,95695,10.0,1.0,0.1,Operations and Manufacturing,Campus A,Secretary,14,0,1,0,0,0,Russia,8,0,0,0,0,0.0,0,1,1,0,0,0,2026-09-17 20:35:30.531372,CLM002732,No override recorded,No findings
AGENT00236,Jan Jones,1991-10-04,6624 Strawberry Lane,,Louisville,KY,40214,42.0,11.0,0.2619047619047619,Marketing and Business Development,Campus A,Marketing Manager,18,0,1,1,0,0,Morocco,24,0,0,0,0,0.0,0,1,1,0,0,0,2026-04-24 20:35:30.531406,CLM032827,No override recorded,No findings
AGENT00237,Julie Matthews,2013-06-29,1780 Poplar Ridge Road,,Pasadena,MD,21122,22.0,5.0,0.22727272727272727,Information Technology,Campus A,Information Security Specialist,12,0,1,1,0,0,Ethiopia,6,0,40,0,0,0.0,0,1,1,0,0,0,2026-06-28 20:35:30.531439,CLM031609,Approved above authority limit,No findings
AGENT00238,Robert Sampsell,2002-11-03,83 Kennedy Road,,Manchester,CT,6042,1.0,1.0,1.0,Marketing and Business Development,Campus C,Secretary,14,0,1,1,0,0,Israel,39,0,9,0,0,0.0,0,1,1,0,0,0,2026-07-31 20:35:30.531473,CLM012131,Approved above authority limit,No findings
AGENT00239,Mildred Howell,2009-05-21,9740 Rhythm Road,,Midwest City,OK,73130,39.0,8.0,0.20512820512820512,Human Resources,Campus A,Training Coordinator,4,1,1,0,0,0,UK,21,0,0,0,0,0.0,0,0,0,0,0,0,2026-04-05 20:35:30.531506,CLM002082,No override recorded,No findings
AGENT00240,Ruth Ferrell,2012-11-26,205 Homestead Street,#B3,Manchester,CT,6042,6.0,0.0,0.0,Operations and Manufacturing,Campus B,Warehouse Manager,10,0,1,0,0,0,Israel,1,0,6,0,0,0.0,0,0,0,0,0,0,2026-05-13 20:35:30.531538,CLM013343,Approved above authority limit,No findings
AGENT00241,Kevin Howard,2012-02-24,2036 Gorgas Street,,Montgomery,AL,36106,116.0,26.0,0.22413793103448276,Project Management,Campus A,Project Engineer,20,0,2,0,0,0,Georgia,21,0,0,0,0,0.0,0,1,1,0,0,0,2026-07-06 20:35:30.531569,CLM024316,No override recorded,No findings
AGENT00242,Nellie Holt,2017-09-04,709 Mildred Street,,Montgomery,AL,36104,132.0,44.0,0.3333333333333333,R&D Department,Campus C,Integration and Testing Engineer,26,0,2,0,0,0,Israel,0,0,123,0,0,0.0,0,1,1,0,1,1,2026-06-23 20:35:30.531602,CLM034775,No override recorded,Unsubstantiated
AGENT00243,Lindsay Bolin,2014-01-25,824 Main Street,D,Manchester,CT,6040,92.0,27.0,0.29347826086956524,R&D Department,Campus A,Integration and Testing Engineer,1,1,2,1,0,0,Israel,0,0,0,0,0,0.0,0,1,1,0,1,0,2026-05-07 20:35:30.531635,CLM017868,No override recorded,No findings
AGENT00244,David Dutton,2017-05-31,4876 Norris Road,,Fremont,CA,94536,18.0,4.0,0.2222222222222222,Engineering Department,Campus A,Process Engineer,8,0,2,0,0,1,Ethiopia,0,0,0,0,0,0.0,0,1,1,0,0,0,2026-05-09 20:35:30.531666,CLM038769,No override recorded,No findings
AGENT00245,Angelica Rayburn,2005-09-12,7 South University Avenue,#13,Fayetteville,AR,72701,1.0,0.0,0.0,Project Management,Campus A,Project Engineer,2,0,2,1,0,0,Israel,53,0,0,0,0,0.0,0,0,0,0,0,1,2026-05-21 20:35:30.531697,CLM020141,Unscheduled record access,Confirmed - insider risk
AGENT00246,Rafael Scott,2001-03-04,3440 Brookhaven Road,,Pasadena,MD,21122,125.0,32.0,0.256,Security and Information Security,Campus C,Cyber Analyst,14,0,3,0,0,0,Israel,5,1,0,0,0,0.0,0,0,0,0,0,0,2026-05-03 20:35:30.531728,CLM009736,No override recorded,No findings
AGENT00247,Brenda Estrada,2003-08-04,2245 Southwest Binkley Street,,Oklahoma City,OK,73119,20.0,7.0,0.35,Operations and Manufacturing,Campus B,Manufacturing Engineer,1,0,1,0,0,0,Israel,11,0,0,0,0,0.0,0,0,0,0,0,0,2026-07-23 20:35:30.531757,CLM026278,No override recorded,No findings
AGENT00248,Orville Noto,1991-05-17,3959 Fairlands Drive,,Pleasanton,CA,94588,149.0,35.0,0.2348993288590604,Information Technology,Campus A,Secretary,1,0,1,0,0,0,Russia,0,0,52,0,0,0.0,0,1,1,0,0,0,2026-06-09 20:35:30.531788,CLM014705,No override recorded,Unsubstantiated
AGENT00249,Clayton Bickers,2010-04-13,82 Lookout Mountain Drive,,Manchester,CT,6040,119.0,35.0,0.29411764705882354,R&D Department,Campus B,Systems Engineer,5,0,2,0,0,0,Ukraine,0,0,37,0,0,0.0,0,0,0,0,0,0,2026-08-14 20:35:30.531820,CLM040203,No override recorded,No findings
AGENT00250,Adrian Calderon,2002-06-28,3194 Bladensburg Road Northeast,,Washington,DC,20018,82.0,16.0,0.1951219512195122,Marketing and Business Development,Campus A,Secretary,3,0,2,0,0,0,Israel,16,0,0,0,0,0.0,0,0,0,0,0,0,2026-08-25 20:35:30.531851,CLM027643,No override recorded,No findings
AGENT00251,James Alexander,2015-02-24,201 Lee Boulevard,,Savannah,GA,31405,9.0,1.0,0.1111111111111111,Operations and Manufacturing,Campus B,Secretary,13,0,1,1,0,0,Israel,18,3,0,0,0,0.0,0,0,0,0,0,0,2026-05-29 20:35:30.531882,CLM011125,No override recorded,No findings
AGENT00252,Harold Bonn,1991-10-07,3815 Williams Street,,Anchorage,AK,99508,24.0,6.0,0.25,Legal and Regulation,Campus A,Regulatory Affairs Officer,4,0,4,0,0,0,Israel,117,0,0,0,0,0.0,0,0,0,0,0,0,2026-08-07 20:35:30.531913,CLM008999,No override recorded,No findings
AGENT00253,Michael Cauffman,1996-10-09,2802 US Highway 98,BLDG F,Mexico Beach,FL,32456,69.0,17.0,0.2463768115942029,Project Management,Campus C,Project Coordinator,11,0,2,0,0,0,Morocco,38,0,0,0,0,0.0,0,2,1,0,0,0,2026-07-13 20:35:30.531943,CLM044854,No override recorded,No findings
AGENT00254,Freda Dudley,2013-01-17,1363 Dean Forest Road,,Savannah,GA,31405,8.0,3.0,0.375,Operations and Manufacturing,Campus B,Logistics Manager,19,0,3,0,0,0,UK,15,0,0,0,0,0.0,0,2,1,0,0,0,2026-07-27 20:35:30.531973,CLM039174,No override recorded,No findings
AGENT00255,Dorothy Inabinet,2009-10-05,2613 Cottonwood Street,,Anchorage,AK,99508,9.0,3.0,0.3333333333333333,R&D Department,Campus C,Development Engineer (Hardware / Software / Mechanical),2,0,3,0,0,0,Israel,0,0,90,0,0,0.0,0,0,0,0,0,1,2026-04-21 20:35:30.532020,CLM002090,Unscheduled record access,Under investigation
AGENT00256,Margaret Styons,1995-09-09,803 Kay Lane,,Lynn Haven,FL,32444,37.0,8.0,0.21621621621621623,Project Management,Campus C,Project Manager,8,0,1,0,0,0,Romania,10,0,8,0,0,0.0,0,1,1,0,0,0,2026-06-18 20:35:30.532066,CLM041337,Approved above authority limit,No findings
AGENT00257,Floyd Ruiz,2002-06-22,954 Dowler Drive,,Eureka,CA,95501,107.0,24.0,0.22429906542056074,Information Technology,Campus A,BI Developer / Data Analyst,15,0,1,0,0,0,France,0,0,0,0,1,8.0,0,0,0,0,0,0,2026-04-11 20:35:30.532104,CLM018021,No override recorded,No findings
AGENT00258,Daniel Kissee,2014-09-13,66 Ocala Drive,,Nashville,TN,37013,34.0,6.0,0.17647058823529413,Engineering Department,Campus A,Systems Engineer,26,0,2,0,1,1,Israel,4,1,0,0,0,0.0,0,1,1,0,0,0,2026-06-08 20:35:30.532142,CLM030087,No override recorded,No findings
AGENT00259,Jerome Chittenden,2012-09-04,1349 Burkhart Avenue,,San Leandro,CA,94579,37.0,11.0,0.2972972972972973,Marketing and Business Development,Campus A,Secretary,11,0,1,0,0,0,Poland,6,0,0,0,0,0.0,0,2,1,0,0,0,2026-05-02 20:35:30.532177,CLM039745,No override recorded,No findings
AGENT00260,Cleveland Feyh,1991-08-28,595 West 54th Street,#4,Savannah,GA,31405,7.0,3.0,0.42857142857142855,Marketing and Business Development,Campus C,Secretary,13,0,1,0,0,0,Poland,113,58,0,0,0,0.0,0,2,1,0,0,1,2026-04-25 20:35:30.532211,CLM016607,Approved above authority limit,Under investigation
AGENT00261,Jorge Yusef,2000-11-21,204 North Holt Street,,Montgomery,AL,36104,40.0,13.0,0.325,Information Technology,Campus C,Enterprise Systems Developer (ERP / CRM / SAP),0,0,2,0,0,0,Israel,41,0,123,0,0,0.0,0,0,0,0,0,1,2026-04-22 20:35:30.532242,CLM044581,Unscheduled record access,Confirmed - insider risk
AGENT00262,Stuart Lopez,2002-06-23,4900 Cambridge Way,,Anchorage,AK,99503,194.0,43.0,0.22164948453608246,Marketing and Business Development,Campus A,Business Development Manager,10,0,1,0,0,0,Israel,3,0,0,0,0,0.0,0,1,1,0,0,0,2026-08-02 20:35:30.532274,CLM030179,Approved above authority limit,No findings
AGENT00263,Marita Swearengin,1991-11-04,2443 Sierra Nevada Road,#N5,Mammoth Lakes,CA,93546,8.0,1.0,0.125,Project Management,Campus C,Project Manager,7,0,2,0,0,1,Russia,4,0,0,0,0,0.0,0,2,1,0,0,0,2026-08-13 20:35:30.532307,CLM012550,No override recorded,No findings
AGENT00264,Alfredo Roy,2002-05-31,1194 Cragmont Avenue,M,Berkeley,CA,94708,37.0,12.0,0.32432432432432434,Project Management,Campus C,Project Manager,7,0,3,1,0,0,Sudan,5,1,0,0,0,0.0,0,1,1,0,0,0,2026-04-29 20:35:30.532381,CLM011559,No override recorded,No findings
AGENT00265,Roberta Lewis,2000-06-01,6609 Westshire Drive,,Louisville,KY,40258,110.0,29.0,0.2636363636363636,Information Technology,Campus C,Information Security Specialist,23,0,1,0,0,0,Israel,0,0,127,1,0,0.0,0,2,1,0,0,1,2026-05-04 20:35:30.532418,CLM024285,Unscheduled record access,Under investigation
AGENT00266,Theresa Pelfrey,2015-09-01,7529 West 72nd Avenue,#4,Arvada,CO,80003,57.0,11.0,0.19298245614035087,Engineering Department,Campus B,Process Engineer,13,0,2,0,0,0,Sudan,7,1,8,0,0,0.0,0,0,0,0,0,0,2026-09-04 20:35:30.532451,CLM037126,No override recorded,No findings
AGENT00267,Richard Sideris,1999-10-09,6435 West Hillsborough Avenue,#Lot 11,Tampa,FL,33634,55.0,9.0,0.16363636363636364,Information Technology,Campus B,Enterprise Systems Developer (ERP / CRM / SAP),26,0,1,0,0,0,Russia,0,0,40,0,0,0.0,0,0,0,0,0,0,2026-03-29 20:35:30.532484,CLM021912,No override recorded,No findings
AGENT00268,Ryan Lehman,2004-08-29,3500 Blanchard Drive Southwest,,Washington,DC,20032,49.0,11.0,0.22448979591836735,Human Resources,Campus B,Secretary,1,0,1,0,0,0,Germany,40,0,0,0,0,0.0,0,0,0,0,0,0,2026-07-31 20:35:30.532518,CLM049670,No override recorded,Unsubstantiated
AGENT00269,Lorraine Johnson,2011-09-27,114 Middle Road,,,VT,5488,20.0,4.0,0.2,R&D Department,Campus A,Integration and Testing Engineer,18,0,3,0,0,0,Israel,2,0,39,0,0,0.0,0,0,0,0,0,0,2026-04-17 20:35:30.532553,CLM021342,No override recorded,No findings
AGENT00270,Robert Inks,2017-01-18,6315 North Oro Vista Court,,Litchfield Park,AZ,85340,14.0,2.0,0.14285714285714285,Engineering Department,Campus A,Design Engineer,20,0,2,1,0,0,Israel,0,0,0,0,0,0.0,0,2,1,0,0,0,2026-06-26 20:35:30.532587,CLM013293,No override recorded,No findings
AGENT00271,John Krammes,2008-02-08,5631 West Colter Street,#2129,Glendale,AZ,85301,84.0,14.0,0.16666666666666666,Operations and Manufacturing,Campus B,Operations Manager,5,0,2,0,1,0,Israel,0,0,0,0,0,0.0,0,0,0,0,0,0,2026-05-15 20:35:30.532619,CLM004709,No override recorded,No findings
AGENT00272,Jordon Morris,2007-08-03,16 Pine Hill Street,,Manchester,CT,6042,76.0,19.0,0.25,R&D Department,Campus B,Secretary,1,1,3,0,0,0,Israel,0,0,0,0,0,0.0,0,0,0,0,0,0,2026-04-06 20:35:30.532651,CLM021947,No override recorded,No findings
AGENT00273,Belinda Robertson,2002-11-06,3142 West Finger Road,,Fayetteville,AR,72701,86.0,18.0,0.20930232558139536,R&D Department,Campus C,Algorithm Engineer,0,0,2,1,1,0,Russia,0,0,0,0,0,0.0,0,1,1,0,0,0,2026-05-13 20:35:30.532684,CLM009118,No override recorded,No findings
AGENT00274,Jenny Blessing,1999-10-01,398 Gove Hill Road,,Thetford,VT,5075,94.0,30.0,0.3191489361702128,Engineering Department,Campus C,Head of Engineering,22,0,3,0,0,0,Israel,4,2,0,0,0,0.0,0,1,1,0,0,1,2026-06-07 20:35:30.532716,CLM016993,Approved above authority limit,Confirmed - insider risk
AGENT00275,John Kirby,2002-01-05,100 Fenwick Village Drive,,Savannah,GA,31419,24.0,6.0,0.25,R&D Department,Campus A,Head of R&D,9,0,3,0,0,0,Russia,1,0,39,0,0,0.0,0,1,1,0,0,0,2026-07-18 20:35:30.532748,CLM044909,No override recorded,No findings
AGENT00276,Michael Robbins,1996-07-07,3337 Woodpark Court,,Montgomery,AL,36116,30.0,7.0,0.23333333333333334,R&D Department,Campus C,Algorithm Engineer,0,0,2,1,1,0,Russia,0,0,23,0,0,0.0,0,1,1,0,0,0,2026-09-10 20:35:30.532780,CLM000403,Approved above authority limit,No findings
AGENT00277,Joseph Elmore,2015-05-22,8506 West 54th Avenue,#205,Arvada,CO,80002,68.0,20.0,0.29411764705882354,Human Resources,Campus A,HR Manager,9,0,2,1,0,1,Ukraine,49,0,0,0,0,0.0,0,2,1,0,0,0,2026-09-06 20:35:30.532810,CLM009564,No override recorded,Unsubstantiated
AGENT00278,Patricia Tucker,2007-06-12,313 Lone Oak Drive,,Norman,OK,73071,39.0,11.0,0.28205128205128205,Operations and Manufacturing,Campus B,Operations Manager,14,1,1,0,0,0,India,4,0,0,0,0,0.0,0,1,1,0,0,0,2026-07-20 20:35:30.532842,CLM001528,Approved above authority limit,No findings
AGENT00279,Claude High,1995-04-09,310 Timrod Road,,Manchester,CT,6040,43.0,11.0,0.2558139534883721,Marketing and Business Development,Campus A,Bid Coordinator,8,0,3,0,0,0,Israel,0,0,17,0,0,0.0,0,1,1,0,0,0,2026-04-03 20:35:30.532873,CLM024149,No override recorded,No findings
AGENT00280,Randy Wren,2008-06-18,412 West Ila Street,,Fayetteville,AR,72701,80.0,15.0,0.1875,Operations and Manufacturing,Campus A,Operations Manager,21,0,2,0,0,1,Germany,8,0,0,0,0,0.0,0,0,0,0,0,0,2026-09-03 20:35:30.532905,CLM039199,No override recorded,No findings
AGENT00281,Ann Campos,2009-06-05,3605 Normandy Place South,,Nashville,TN,37209,102.0,25.0,0.24509803921568626,Marketing and Business Development,Campus C,Marketing Manager,12,0,1,0,0,1,Israel,36,0,0,0,0,0.0,0,1,1,0,0,0,2026-07-31 20:35:30.532937,CLM028664,No override recorded,No findings
AGENT00282,Marty Lanier,2016-07-22,5472 Sunstar Common,,Fremont,CA,94555,14.0,6.0,0.42857142857142855,R&D Department,Campus B,Integration and Testing Engineer,15,0,3,1,0,0,Ethiopia,0,0,0,0,0,0.0,0,0,0,0,0,0,2026-09-08 20:35:30.532969,CLM029961,No override recorded,No findings
AGENT00283,Stefani Good,2000-03-11,7770 West Bell Road,,Glendale,AZ,85308,25.0,4.0,0.16,Project Management,Campus B,Project Coordinator,14,0,1,0,0,0,Ethiopia,14,0,0,0,0,0.0,0,0,0,0,0,0,2026-04-09 20:35:30.533001,CLM003014,No override recorded,No findings
AGENT00284,Laura Carroll,2007-05-31,7144 Marlborough Terrace,,Berkeley,CA,94705,3.0,1.0,0.3333333333333333,R&D Department,Campus C,Systems Engineer,1,0,3,0,0,0,Canada,0,0,86,0,0,0.0,0,1,3,0,1,0,2026-07-13 20:35:30.533065,CLM028958,No override recorded,No findings
AGENT00285,Anthony Leatherwood,2009-03-21,2008 Ashton Avenue,,Nashville,TN,37218,35.0,11.0,0.3142857142857143,Marketing and Business Development,Campus A,Business Development Manager,19,0,1,0,0,0,Israel,191,0,0,0,0,0.0,0,1,1,0,0,1,2026-08-27 20:35:30.533102,CLM032808,No override recorded,Confirmed - insider risk
AGENT00286,Hans Woodward,1994-04-13,2A Cleveland Park Rd,,Freetown,MA,2717,2.0,1.0,0.5,Project Management,Campus A,Project Coordinator,21,0,1,0,0,0,Ukraine,1,0,11,0,0,0.0,0,0,0,0,0,0,2026-07-13 20:35:30.533136,CLM043766,No override recorded,No findings
AGENT00287,Barbera Payne,2007-04-19,8112 Equestrian Drive,,Severn,MD,21144,28.0,8.0,0.2857142857142857,Operations and Manufacturing,Campus C,Manufacturing Engineer,19,0,3,0,0,0,Ukraine,38,0,0,0,0,0.0,0,2,1,0,0,0,2026-07-28 20:35:30.533171,CLM001782,Approved above authority limit,No findings
AGENT00288,Michael Fowler,2002-10-08,1500 South Division Street,,Guthrie,OK,73044,35.0,5.0,0.14285714285714285,Project Management,Campus B,Project Manager,10,0,1,0,0,0,Romania,8,0,0,0,0,0.0,0,2,1,0,0,0,2026-04-17 20:35:30.533204,CLM026293,No override recorded,No findings
AGENT00289,Kayla Pearson,1998-09-06,5556 West Northview Avenue,,Glendale,AZ,85301,15.0,5.0,0.3333333333333333,Information Technology,Campus A,Enterprise Systems Developer (ERP / CRM / SAP),18,0,2,0,0,0,Brazil,0,0,92,0,0,0.0,0,0,0,0,0,1,2026-06-20 20:35:30.533236,CLM034504,Bypassed secondary verification,Confirmed - insider risk
AGENT00290,Marjorie Roberts,1990-06-25,6604 Northwest 130th Street,,Oklahoma City,OK,73142,37.0,11.0,0.2972972972972973,R&D Department,Campus B,Algorithm Engineer,3,0,2,0,0,0,Israel,0,0,45,0,0,0.0,0,1,1,0,0,0,2026-04-14 20:35:30.533270,CLM010482,No override recorded,No findings
AGENT00291,Jeff Johnson,1995-01-06,9302 West 58th Avenue,,Arvada,CO,80002,3.0,0.0,0.0,Engineering Department,Campus A,Secretary,4,0,2,1,0,0,Israel,0,0,38,0,0,0.0,0,1,1,0,1,0,2026-07-22 20:35:30.533302,CLM000362,No override recorded,No findings
AGENT00292,Agnes Alsip,2018-01-23,57 Hidden Lake Court,,Savannah,GA,31419,2.0,1.0,0.5,Project Management,Campus C,Secretary,14,1,2,0,0,0,Russia,0,0,0,0,1,5.0,0,0,0,0,0,0,2026-09-16 20:35:30.533342,CLM037495,Approved above authority limit,No findings
AGENT00293,Judy Drinkwater,1993-10-31,8467 Chase Drive,,Arvada,CO,80003,72.0,22.0,0.3055555555555556,R&D Department,Campus B,Systems Engineer,22,0,2,0,0,0,Syria,9,0,0,0,0,0.0,0,1,1,0,0,0,2026-05-20 20:35:30.533380,CLM011607,No override recorded,No findings
AGENT00294,Gary Scott,2008-04-25,7800 River Mist Avenue,,Bakersfield,CA,93313,17.0,5.0,0.29411764705882354,Project Management,Campus A,Project Manager,17,1,1,0,0,0,Germany,0,0,7,0,0,0.0,0,0,0,0,0,0,2026-06-06 20:35:30.533416,CLM034228,No override recorded,No findings
AGENT00295,Alfred Hensley,2001-06-30,815 West Market Street,#6,Louisville,KY,40202,13.0,4.0,0.3076923076923077,Information Technology,Campus C,Enterprise Systems Developer (ERP / CRM / SAP),5,0,3,0,0,0,Israel,11,3,46,0,0,0.0,0,1,1,0,0,0,2026-04-09 20:35:30.533450,CLM022582,Approved above authority limit,No findings
AGENT00296,Vernon Stanfield,2005-04-21,1915 Dean Forest Road,,Pooler,GA,31322,31.0,6.0,0.1935483870967742,Project Management,Campus C,Project Manager,8,0,3,0,0,1,Morocco,13,0,0,0,0,0.0,0,0,0,0,0,0,2026-08-27 20:35:30.533483,CLM047178,No override recorded,No findings
AGENT00297,David Parkin,1995-02-14,15 Cranberry Hill Road,,Thetford,VT,5043,67.0,19.0,0.2835820895522388,Marketing and Business Development,Campus A,Marketing Manager,17,0,1,0,0,0,South Africa,33,9,3,0,0,0.0,0,0,0,0,0,0,2026-06-07 20:35:30.533515,CLM038365,No override recorded,No findings
AGENT00298,Mickey Flanigan,2013-12-13,7720 Allison Street,#105,Arvada,CO,80005,12.0,6.0,0.5,Operations and Manufacturing,Campus B,Secretary,16,0,1,0,0,0,Canada,12,0,0,0,0,0.0,0,0,0,0,0,0,2026-04-19 20:35:30.533549,CLM003240,No override recorded,No findings
AGENT00299,Virginia Huston,2000-02-20,29 Lucian Street,,Manchester,CT,6040,38.0,10.0,0.2631578947368421,Project Management,Campus A,Project Manager,20,0,3,0,0,1,Ukraine,13,0,0,0,0,0.0,0,0,0,0,0,0,2026-08-16 20:35:30.533581,CLM027096,No override recorded,No findings
AGENT00300,Sean Tate,2007-08-11,3722 Kisling Loop,,Tyndall Air Force Base,FL,32403,5.0,1.0,0.2,R&D Department,Campus C,Integration and Testing Engineer,6,0,2,0,0,0,USA,0,0,43,0,0,0.0,0,0,0,0,0,0,2026-04-20 20:35:30.533613,CLM024322,No override recorded,Unsubstantiated
AGENT00301,Devorah Mignot,1995-10-19,3500 Blanchard Drive Southwest,,Washington,DC,20032,1.0,0.0,0.0,Operations and Manufacturing,Campus C,Manufacturing Engineer,19,0,3,0,0,0,Ukraine,2,0,9,0,0,0.0,0,2,1,0,0,0,2026-04-22 20:35:30.533645,CLM005970,No override recorded,Unsubstantiated
AGENT00302,Brenda Trent,1997-08-27,7506 Harvey Street,,Panama City,FL,32404,38.0,10.0,0.2631578947368421,Project Management,Campus B,Project Manager,7,0,2,1,0,0,Israel,4,0,0,0,0,0.0,0,2,1,0,0,0,2026-07-25 20:35:30.533677,CLM006918,No override recorded,No findings
AGENT00303,Deana Hetzler,2007-04-11,8293 Grayson Grove,,Montgomery,AL,36117,23.0,3.0,0.13043478260869565,Marketing and Business Development,Campus A,Marketing Manager,7,0,2,0,0,0,Israel,42,12,0,0,0,0.0,0,2,1,0,0,0,2026-07-31 20:35:30.533708,CLM022952,No override recorded,No findings
AGENT00304,Andrea Storey,2010-08-22,32512 Christine Drive,,Union City,CA,94587,47.0,13.0,0.2765957446808511,R&D Department,Campus A,Head of R&D,8,0,2,0,0,0,Ukraine,16,0,0,0,0,0.0,0,0,0,0,0,0,2026-04-23 20:35:30.533740,CLM014883,No override recorded,No findings
AGENT00305,Randall Gutierrez,1997-08-15,3111 Gentilly Court,,Montgomery,AL,36116,53.0,8.0,0.1509433962264151,Finance,Campus B,Finance Manager,9,0,2,0,0,0,Israel,46,0,0,0,0,0.0,0,1,1,0,0,0,2026-06-06 20:35:30.533772,CLM019696,No override recorded,No findings
AGENT00306,Mary Talley,2010-02-07,2014 Clemens Road,,Oakland,CA,94602,153.0,38.0,0.24836601307189543,Engineering Department,Campus C,Design Engineer,12,0,3,0,0,0,Israel,7,0,0,0,0,0.0,0,1,1,0,0,0,2026-06-02 20:35:30.533804,CLM032253,No override recorded,Unsubstantiated
AGENT00307,John Roberts,2005-07-16,11933 West 71st Avenue,,Arvada,CO,80004,26.0,5.0,0.19230769230769232,R&D Department,Campus A,Integration and Testing Engineer,12,0,2,0,0,0,France,0,0,0,0,0,0.0,0,1,1,0,0,0,2026-07-13 20:35:30.533837,CLM003415,No override recorded,No findings
AGENT00308,Ernesto Brown,1998-04-27,4182 North Valley Lake Drive,#4,Fayetteville,AR,72703,11.0,2.0,0.18181818181818182,Human Resources,Campus A,Secretary,2,0,3,0,0,0,Israel,11,0,0,0,0,0.0,0,2,1,0,0,0,2026-08-09 20:35:30.533867,CLM019459,No override recorded,No findings
AGENT00309,Lee Nieland,2018-01-30,1852 Cherry Road,,Annapolis,MD,21409,53.0,11.0,0.20754716981132076,R&D Department,Campus B,Algorithm Engineer,13,0,3,0,0,0,Ukraine,0,0,51,0,0,0.0,0,1,1,0,0,0,2026-09-08 20:35:30.533899,CLM001984,No override recorded,No findings
AGENT00310,Donna Tanaka,2006-09-23,523 10th Street,,Greeley,CO,80631,19.0,7.0,0.3684210526315789,Information Technology,Campus C,Information Security Specialist,0,0,2,0,0,0,Israel,0,0,40,0,0,0.0,0,2,1,0,1,0,2026-08-28 20:35:30.533932,CLM005811,No override recorded,Unsubstantiated
AGENT00311,Harry Butts,2000-10-02,3065 East Pebblestone Drive,,Fayetteville,AR,72701,14.0,5.0,0.35714285714285715,Operations and Manufacturing,Campus A,Procurement Officer,0,0,1,0,0,0,Israel,17,0,0,0,0,0.0,0,0,0,0,0,0,2026-07-26 20:35:30.533964,CLM020025,No override recorded,No findings
AGENT00312,Danielle Caddell,1998-07-09,81 Reynolds Drive,,Colchester,VT,5446,6.0,2.0,0.3333333333333333,Engineering Department,Campus A,Systems Engineer,26,0,2,0,1,1,Israel,0,0,32,0,0,0.0,0,0,0,0,0,0,2026-04-02 20:35:30.533997,CLM013800,No override recorded,No findings
AGENT00313,Jean Cedeno,2011-03-10,12371 Atlanta Highway,,Montgomery,AL,36117,1.0,1.0,1.0,Engineering Department,Campus A,Secretary,4,0,2,0,0,0,Israel,1,0,27,0,0,0.0,0,1,1,0,0,0,2026-05-26 20:35:30.534058,CLM013524,No override recorded,No findings
AGENT00314,Rosemary Turman,1998-07-16,15510 Champion Lakes Place,,Louisville,KY,40245,160.0,40.0,0.25,R&D Department,Campus B,Systems Engineer,21,1,2,0,0,1,France,0,0,0,0,0,0.0,0,2,1,0,0,0,2026-05-19 20:35:30.534098,CLM035135,No override recorded,No findings
AGENT00315,Jean Mcdonald,2016-09-02,310 West Trinity Lane,,Nashville,TN,37207,60.0,13.0,0.21666666666666667,Operations and Manufacturing,Campus C,Warehouse Manager,20,0,1,0,0,1,Ethiopia,30,0,0,0,0,0.0,0,2,1,0,1,0,2026-06-28 20:35:30.534134,CLM021902,Approved above authority limit,No findings
AGENT00316,Elizabeth King,2017-01-23,1010 10th Street Northeast,,Washington,DC,20002,40.0,12.0,0.3,Finance,Campus A,Financial Analyst,16,0,1,0,0,0,Ukraine,0,0,3,0,0,0.0,0,1,1,0,0,0,2026-08-05 20:35:30.534169,CLM037433,No override recorded,No findings
AGENT00317,Rita Hix,2009-04-30,400 D Street,#STE 1B,Anchorage,AK,99501,30.0,7.0,0.23333333333333334,Engineering Department,Campus C,Design Engineer,21,0,2,1,0,0,USA,0,0,0,0,0,0.0,0,2,1,0,1,1,2026-04-19 20:35:30.534203,CLM003513,Approved above authority limit,Confirmed - insider risk
AGENT00318,Annie Sykes,2010-01-14,7854 Webster Way,,Arvada,CO,80003,6.0,3.0,0.5,Information Technology,Campus C,Enterprise Systems Developer (ERP / CRM / SAP),20,0,2,0,0,0,Israel,0,0,54,0,0,0.0,0,0,0,0,0,0,2026-08-02 20:35:30.534236,CLM007844,No override recorded,No findings
AGENT00319,Frances Kimble,2010-03-17,24147 Clinton Court,,Hayward,CA,94545,9.0,0.0,0.0,Project Management,Campus B,Project Coordinator,2,0,1,0,0,0,Israel,6,0,0,0,0,0.0,0,0,0,0,0,0,2026-09-02 20:35:30.534270,CLM017125,No override recorded,No findings
AGENT00320,Melody Lopez,1998-01-13,7841 West Kristal Way,,Glendale,AZ,85308,13.0,3.0,0.23076923076923078,Security and Information Security,Campus C,Information Security Investigator,2,0,4,0,0,0,Israel,31,0,0,0,0,0.0,0,1,1,0,0,1,2026-06-02 20:35:30.534303,CLM038556,No override recorded,Confirmed - insider risk
AGENT00321,George Ellis,2004-11-22,6880 Xavier Circle,#2,Westminster,CO,80030,46.0,12.0,0.2608695652173913,R&D Department,Campus A,Integration and Testing Engineer,8,0,3,0,0,0,France,12,0,0,0,0,0.0,0,0,0,0,0,0,2026-07-31 20:35:30.534342,CLM022012,No override recorded,No findings
AGENT00322,Edgar Talley,2013-06-02,44 Elm Street,,East Longmeadow,MA,1028,53.0,19.0,0.3584905660377358,Operations and Manufacturing,Campus B,Procurement Officer,21,0,3,0,0,0,Morocco,14,0,0,0,0,0.0,0,0,0,0,0,0,2026-05-20 20:35:30.534380,CLM043620,Approved above authority limit,No findings
AGENT00323,Blanche Pace,2010-10-06,4012 Heritage Place Drive,,Norman,OK,73072,47.0,10.0,0.2127659574468085,Engineering Department,Campus B,Secretary,16,0,3,0,0,1,Israel,0,0,79,0,0,0.0,0,0,0,0,0,1,2026-08-31 20:35:30.534413,CLM002816,Approved above authority limit,Confirmed - insider risk
AGENT00324,Barbara Hernandez,1994-12-13,105 Ridgecrest Court,,Panama City,FL,32405,11.0,2.0,0.18181818181818182,Marketing and Business Development,Campus C,Secretary,8,0,1,1,0,0,Israel,0,0,8,0,1,7.0,0,0,0,0,0,0,2026-07-25 20:35:30.534446,CLM023484,No override recorded,No findings
AGENT00325,Beverly Veil,2006-03-12,3388 Thomasson Lane,,Fairfield,CA,94534,120.0,29.0,0.24166666666666667,Operations and Manufacturing,Campus A,Warehouse Manager,8,0,1,0,0,0,Israel,0,0,11,0,0,0.0,0,1,1,0,0,0,2026-05-14 20:35:30.534478,CLM040251,No override recorded,No findings
AGENT00326,Rowena Nakken,2015-03-29,6041 North 72nd Lane,,Glendale,AZ,85303,48.0,14.0,0.2916666666666667,Information Technology,Campus B,Information Security Specialist,6,0,1,1,0,0,Argentina,0,0,0,0,0,0.0,0,1,1,0,0,0,2026-08-30 20:35:30.534510,CLM025934,No override recorded,No findings
AGENT00327,Julie Kimsey,2013-01-08,5458 30th Street Northwest,,Washington,DC,20015,27.0,9.0,0.3333333333333333,Marketing and Business Development,Campus C,Secretary,2,0,1,0,0,0,France,0,0,0,0,1,3.0,1,0,0,0,0,0,2026-07-15 20:35:30.534541,CLM043050,No override recorded,No findings
AGENT00328,James Obrien,1996-12-27,680 Quintana Road,,Morro Bay,CA,93442,45.0,13.0,0.28888888888888886,R&D Department,Campus A,Integration and Testing Engineer,17,0,2,0,0,0,Israel,9,3,30,0,0,0.0,0,1,1,0,0,0,2026-08-21 20:35:30.534571,CLM004919,No override recorded,No findings
AGENT00329,James Gilmartin,2011-12-12,1710 Massachusetts Avenue Southeast,,Washington,DC,20003,25.0,8.0,0.32,Engineering Department,Campus A,Process Engineer,22,0,2,0,0,0,Israel,1,0,34,0,0,0.0,0,2,1,0,0,0,2026-04-04 20:35:30.534601,CLM012815,No override recorded,No findings
AGENT00330,Amy Ballance,2014-11-25,1304 Northern Hills Road,,Norman,OK,73071,13.0,6.0,0.46153846153846156,Marketing and Business Development,Campus A,Account Manager,12,0,2,0,0,0,France,28,0,0,0,0,0.0,0,0,0,0,0,0,2026-05-13 20:35:30.534632,CLM002724,Approved above authority limit,No findings
AGENT00331,Colton Murphy,2012-07-02,404 Dewey Street,,Woodford,VT,5201,19.0,4.0,0.21052631578947367,Engineering Department,Campus C,Test Engineer,18,0,3,0,0,1,Israel,18,5,0,0,0,0.0,0,0,0,0,0,0,2026-05-10 20:35:30.534664,CLM017956,No override recorded,No findings
AGENT00332,Willie Mortensen,2008-09-10,20933 River Park Drive,,Anchorage,AK,99577,47.0,11.0,0.23404255319148937,Operations and Manufacturing,Campus B,Procurement Officer,2,0,1,0,0,0,Israel,8,0,0,0,0,0.0,0,1,1,0,0,0,2026-04-28 20:35:30.534695,CLM032892,No override recorded,No findings
AGENT00333,Catherine Rojas,1996-10-20,1008 Rhode Island Avenue Northwest,,Washington,DC,20001,0.0,0.0,0.0,Information Technology,Campus B,Information Security Specialist,6,0,1,1,0,0,Argentina,0,0,0,0,0,0.0,0,1,1,0,0,0,2026-05-04 20:35:30.534725,N/A,No override recorded,No findings
AGENT00334,Barbara Corriveau,1996-01-09,62 High Street,,Manchester,CT,6040,3.0,1.0,0.3333333333333333,R&D Department,Campus B,Development Engineer (Hardware / Software / Mechanical),25,0,3,0,0,0,Israel,0,0,5,0,1,7.0,0,0,0,0,0,0,2026-08-28 20:35:30.534757,CLM030710,No override recorded,No findings
AGENT00335,Jermaine Davis,2002-08-17,507 Castlebrook Drive,,Montgomery,AL,36110,2.0,0.0,0.0,Security and Information Security,Campus A,Chief Information Security Officer (CISO),10,1,3,0,0,0,USA,9,0,0,0,0,0.0,0,1,1,0,0,0,2026-04-22 20:35:30.534789,CLM017151,No override recorded,No findings
AGENT00336,Wanda Koehl,2015-02-12,8709 Peeble Lane,,Louisville,KY,40272,1.0,0.0,0.0,Information Technology,Campus A,Information Security Specialist,20,0,1,0,0,0,France,8,0,39,0,0,0.0,0,1,1,0,0,0,2026-09-02 20:35:30.534821,CLM005445,No override recorded,No findings
AGENT00337,Misty Ohara,2000-03-01,2196 East Jonquil Road,,Fayetteville,AR,72703,70.0,16.0,0.22857142857142856,R&D Department,Campus B,Head of R&D,29,0,3,0,0,0,Ethiopia,4,0,0,0,0,0.0,0,1,1,0,0,0,2026-07-26 20:35:30.534853,CLM042220,No override recorded,No findings
AGENT00338,Kristine Hamilton,2003-04-10,111 Rosemary Street,,Brockton,MA,2302,53.0,6.0,0.11320754716981132,Engineering Department,Campus A,Design Engineer,14,0,3,0,0,0,France,1,0,0,0,0,0.0,0,2,1,0,0,0,2026-07-09 20:35:30.534883,CLM016822,No override recorded,No findings
AGENT00339,James Mason,1998-08-02,16 Ambassador Drive,BLDG,Manchester,CT,6042,29.0,6.0,0.20689655172413793,Finance,Campus A,Finance Manager,15,0,2,1,1,1,Germany,15,0,8,0,0,0.0,0,0,0,0,0,0,2026-06-07 20:35:30.534915,CLM005378,No override recorded,No findings
AGENT00340,John Ozment,1995-05-26,1257 John Street,,Nashville,TN,37210,4.0,1.0,0.25,Project Management,Campus A,Project Manager,5,0,1,1,0,0,Argentina,12,0,0,0,0,0.0,0,2,1,0,0,0,2026-05-15 20:35:30.534945,CLM035213,No override recorded,No findings
AGENT00341,Caitlin Heiden,2013-12-09,7187 Holland Court,,Arvada,CO,80005,24.0,4.0,0.16666666666666666,R&D Department,Campus A,Integration and Testing Engineer,12,0,2,0,0,0,France,0,0,23,0,0,0.0,0,2,1,0,0,0,2026-04-24 20:35:30.534975,CLM007969,No override recorded,No findings
AGENT00342,James Horn,1999-07-14,3537 West Chevaux Drive,,Fayetteville,AR,72704,34.0,12.0,0.35294117647058826,Operations and Manufacturing,Campus B,Manufacturing Engineer,23,0,3,0,0,0,Ukraine,11,0,0,0,0,0.0,0,0,0,0,0,0,2026-05-30 20:35:30.535027,CLM002775,No override recorded,No findings
AGENT00343,Heather Piper,2006-10-15,25793 Durrwood Court,,Castro Valley,CA,94552,4.0,0.0,0.0,Engineering Department,Campus B,Design Engineer,3,0,2,1,0,0,Argentina,0,0,38,0,0,0.0,0,1,1,0,0,0,2026-08-14 20:35:30.535074,CLM049998,No override recorded,No findings
AGENT00344,Socorro Jones,2009-08-19,9036 Calico Court,,Hesperia,CA,92344,22.0,5.0,0.22727272727272727,R&D Department,Campus C,Algorithm Engineer,17,0,2,0,0,1,Russia,0,0,34,0,0,0.0,0,0,0,0,0,0,2026-06-16 20:35:30.535109,CLM010748,No override recorded,Unsubstantiated
AGENT00345,Alfredo Dilsaver,1992-02-08,1324 Beddington Park,,Nashville,TN,37215,17.0,2.0,0.11764705882352941,Marketing and Business Development,Campus A,Bid Coordinator,1,0,2,0,0,1,Romania,17,0,0,0,0,0.0,0,1,1,0,0,0,2026-09-12 20:35:30.535143,CLM011881,No override recorded,No findings
AGENT00346,Ruby Candelaria,2002-08-17,6460 Vermont 113,,Vershire,VT,5079,38.0,13.0,0.34210526315789475,Operations and Manufacturing,Campus B,Procurement Officer,23,0,1,0,0,1,Israel,0,0,15,0,0,0.0,0,2,1,0,0,1,2026-07-06 20:35:30.535176,CLM004212,No override recorded,Under investigation
AGENT00347,Tammie Ansbro,2001-12-05,4463 Cato Road,,Nashville,TN,37218,47.0,16.0,0.3404255319148936,Human Resources,Campus B,Secretary,8,1,2,0,0,0,Israel,22,0,0,0,0,0.0,0,0,0,0,0,1,2026-05-19 20:35:30.535207,CLM028209,Bypassed secondary verification,Confirmed - insider risk
AGENT00348,Cindy Darden,2012-06-04,189 Danforth Street,,Framingham,MA,1701,6.0,1.0,0.16666666666666666,Human Resources,Campus A,HR Manager,18,0,2,0,0,0,Israel,57,0,0,0,0,0.0,0,2,1,0,0,0,2026-04-04 20:35:30.535238,CLM048551,No override recorded,No findings
AGENT00349,Ralph Peyser,1999-11-08,25800 Industrial Boulevard,V,Hayward,CA,94545,20.0,7.0,0.35,Operations and Manufacturing,Campus C,Manufacturing Engineer,22,0,2,0,0,0,USA,11,0,0,0,0,0.0,0,1,1,0,0,0,2026-04-20 20:35:30.535270,CLM044971,No override recorded,No findings
AGENT00350,Jessica Lipkin,2012-03-05,20097 Butterfield Drive,,Castro Valley,CA,94546,46.0,13.0,0.2826086956521739,Project Management,Campus C,Project Coordinator,20,0,2,0,0,0,Russia,3,0,7,0,0,0.0,0,1,1,0,0,0,2026-08-27 20:35:30.535302,CLM016899,No override recorded,No findings
AGENT00351,Sally Hayden,2015-10-19,1709 7th Avenue Northwest,,Ardmore,OK,73401,34.0,12.0,0.35294117647058826,Human Resources,Campus B,Secretary,8,1,2,0,0,0,Israel,78,0,0,0,0,0.0,0,0,0,0,0,0,2026-03-21 20:35:30.535341,CLM041859,No override recorded,No findings
AGENT00352,Twila Martin,2010-05-13,15509 East 7th Circle,,Aurora,CO,80011,73.0,16.0,0.2191780821917808,Marketing and Business Development,Campus A,Marketing Manager,14,0,1,0,0,0,USA,20,0,0,0,0,0.0,0,0,0,0,0,0,2026-08-13 20:35:30.535378,CLM036297,Approved above authority limit,No findings
AGENT00353,Sara Fincher,2018-05-12,8509 Olde Gate,,Montgomery,AL,36116,46.0,10.0,0.21739130434782608,Finance,Campus B,Secretary,7,0,2,1,0,0,Israel,39,0,0,0,0,0.0,0,0,0,0,0,0,2026-06-14 20:35:30.535410,CLM040424,No override recorded,No findings
AGENT00354,Steven Reed,1996-06-21,10304 North 179th Drive,,Waddell,AZ,85355,4.0,0.0,0.0,Project Management,Campus C,Project Coordinator,7,0,1,0,0,0,Israel,35,0,0,0,0,0.0,0,1,1,0,0,0,2026-06-18 20:35:30.535445,CLM012643,No override recorded,No findings
AGENT00355,Gilberte Emerson,2009-12-26,8293 Grayson Grove,,Montgomery,AL,36117,2.0,0.0,0.0,Information Technology,Campus B,Systems and Network Administrator,2,1,2,1,0,0,Morocco,0,0,46,0,0,0.0,0,0,0,0,0,0,2026-05-27 20:35:30.535476,CLM032198,No override recorded,No findings
AGENT00356,Helen Goldman,2007-06-20,10304 North 179th Drive,,Waddell,AZ,85355,43.0,10.0,0.23255813953488372,Information Technology,Campus C,Enterprise Systems Developer (ERP / CRM / SAP),26,0,1,0,0,0,Morocco,2,0,0,0,0,0.0,0,2,1,0,0,0,2026-03-29 20:35:30.535507,CLM016674,No override recorded,No findings
AGENT00357,Monty Smith,2009-08-29,243 Kentucky Avenue,,Pasadena,MD,21122,1.0,1.0,1.0,Information Technology,Campus C,Systems and Network Administrator,3,1,2,0,0,0,Israel,4,0,0,0,0,0.0,0,0,0,0,0,0,2026-07-24 20:35:30.535541,CLM039064,No override recorded,No findings
AGENT00358,Mary Tademy,1996-10-24,12493 West 84th Circle,,Arvada,CO,80005,43.0,13.0,0.3023255813953488,Information Technology,Campus A,Enterprise Systems Developer (ERP / CRM / SAP),2,0,2,0,0,1,Morocco,63,0,0,0,0,0.0,0,0,0,0,0,1,2026-07-04 20:35:30.535573,CLM012260,Bypassed secondary verification,Unsubstantiated
AGENT00359,Jennifer Harrison,1998-04-24,2400 Merry Street,,Nashville,TN,37208,111.0,34.0,0.3063063063063063,Engineering Department,Campus C,Systems Engineer,26,0,2,0,0,0,Israel,0,0,38,0,0,0.0,0,1,1,0,0,0,2026-04-14 20:35:30.535605,CLM046794,No override recorded,No findings
AGENT00360,Carlene Juarez,2018-05-12,425 Middle Turnpike East,,Manchester,CT,6040,21.0,2.0,0.09523809523809523,Operations and Manufacturing,Campus A,Manufacturing Engineer,25,0,2,0,0,0,Israel,11,0,2,0,0,0.0,0,0,0,0,0,0,2026-07-18 20:35:30.535636,CLM025320,No override recorded,No findings
AGENT00361,Margaret Glover,1995-10-13,6818 North Lagoon Drive,,Panama City,FL,32408,20.0,5.0,0.25,R&D Department,Campus C,Development Engineer (Hardware / Software / Mechanical),6,0,2,0,0,0,India,10,0,0,0,0,0.0,0,1,1,0,0,0,2026-08-19 20:35:30.535668,CLM019006,No override recorded,No findings
AGENT00362,Rosie Charles,2006-09-16,639 Saltzman Road,,Severna Park,MD,21146,56.0,24.0,0.42857142857142855,Operations and Manufacturing,Campus B,Secretary,11,0,2,0,0,0,Israel,0,0,21,0,0,0.0,0,2,1,0,0,0,2026-06-15 20:35:30.535701,CLM034411,No override recorded,No findings
AGENT00363,Elizabeth Kettle,2016-08-04,6862 North 44th Avenue,#3,Glendale,AZ,85301,29.0,5.0,0.1724137931034483,Marketing and Business Development,Campus A,Secretary,3,0,2,0,0,0,Israel,8,2,0,0,0,0.0,0,1,1,0,0,0,2026-05-29 20:35:30.535733,CLM031616,No override recorded,No findings
AGENT00364,Carole Silva,2001-11-05,8007 Kendrick Crossing Lane,,Louisville,KY,40291,31.0,6.0,0.1935483870967742,Marketing and Business Development,Campus B,Secretary,14,0,3,0,0,0,Israel,0,0,24,0,0,0.0,0,0,0,0,0,0,2026-05-05 20:35:30.535765,CLM005140,No override recorded,No findings
AGENT00365,Arthur Anderson,2018-01-07,1693 Alice Court,,Annapolis,MD,21401,107.0,32.0,0.29906542056074764,Project Management,Campus A,Project Engineer,2,0,2,1,0,0,Israel,0,0,9,0,0,0.0,0,1,1,0,0,1,2026-06-02 20:35:30.535797,CLM012474,Approved above authority limit,Under investigation
AGENT00366,Marcus Sitko,2015-09-24,10202 Vista Drive,,Cupertino,CA,95014,25.0,4.0,0.16,Project Management,Campus B,Project Manager,10,0,1,0,0,0,Romania,0,0,7,0,0,0.0,0,0,0,0,0,0,2026-04-01 20:35:30.535828,CLM025841,No override recorded,No findings
AGENT00367,Nancy Marbley,1992-12-19,368 Winthrop Court,,Montgomery,AL,36104,139.0,42.0,0.302158273381295,R&D Department,Campus C,Systems Engineer,6,0,2,0,0,0,Ukraine,6,2,0,0,0,0.0,0,1,1,0,0,0,2026-08-11 20:35:30.535859,CLM042828,No override recorded,Unsubstantiated
AGENT00368,Helen Curry,1996-10-12,324 East Drive,,Montgomery,AL,36113,104.0,28.0,0.2692307692307692,R&D Department,Campus C,Algorithm Engineer,7,0,3,0,0,0,Israel,3,0,32,0,0,0.0,0,1,1,0,1,0,2026-08-20 20:35:30.535890,CLM022732,Approved above authority limit,No findings
AGENT00369,Joel Buss,2009-03-24,2 Ambelwood Way,,Savannah,GA,31411,10.0,4.0,0.4,R&D Department,Campus C,Algorithm Engineer,1,0,2,0,0,0,Israel,0,0,0,0,0,0.0,0,3,1,0,0,1,2026-07-01 20:35:30.535921,CLM037388,Unscheduled record access,Confirmed - insider risk
AGENT00370,Nadine Bovee,1996-08-27,6702 Johnny Mercer Boulevard,,Savannah,GA,31410,5.0,1.0,0.2,R&D Department,Campus B,Systems Engineer,6,0,3,0,0,0,Ukraine,0,0,0,0,0,0.0,0,1,1,0,0,0,2026-06-30 20:35:30.535952,CLM004282,No override recorded,No findings
AGENT00371,Alan Henriquez,2012-05-12,11515 Leemont Drive,,Louisville,KY,40272,8.0,2.0,0.25,Marketing and Business Development,Campus C,Marketing Manager,11,1,2,0,0,0,Israel,3,0,0,0,0,0.0,0,2,1,0,0,0,2026-09-13 20:35:30.535984,CLM049066,No override recorded,No findings
AGENT00372,Elizabeth Frazier,1996-02-21,6101 North 60th Avenue,#201,Glendale,AZ,85301,4.0,2.0,0.5,R&D Department,Campus A,Development Engineer (Hardware / Software / Mechanical),12,0,2,0,0,0,France,0,0,9,0,0,0.0,0,1,1,0,0,0,2026-05-14 20:35:30.536044,CLM019775,No override recorded,No findings
AGENT00373,Rose Suazo,2015-08-07,200 Edgewood Way,,Louisville,KY,40243,3.0,0.0,0.0,Project Management,Campus B,Project Manager,7,0,2,1,0,0,Morocco,29,0,0,0,0,0.0,0,1,1,0,0,0,2026-05-12 20:35:30.536090,CLM002861,No override recorded,No findings
AGENT00374,Robert Walker,2017-11-05,417 West Park Place,,Oklahoma City,OK,73103,47.0,13.0,0.2765957446808511,Engineering Department,Campus B,Test Engineer,26,0,2,0,0,0,Israel,4,0,0,0,0,0.0,0,1,1,0,0,0,2026-08-16 20:35:30.536128,CLM015771,Approved above authority limit,No findings
AGENT00375,Robert Fulk,1991-05-17,720 South River Landing Road,,Edgewater,MD,21037,6.0,3.0,0.5,Project Management,Campus B,Project Manager,15,0,2,0,1,0,France,44,0,0,0,0,0.0,0,1,1,0,0,0,2026-06-22 20:35:30.536161,CLM019183,No override recorded,No findings
AGENT00376,David Donnelly,2013-08-22,1710 Monroe Street Northeast,,Washington,DC,20018,22.0,4.0,0.18181818181818182,Marketing and Business Development,Campus A,Account Manager,11,0,2,1,0,1,Israel,26,0,0,0,0,0.0,0,1,1,0,0,0,2026-06-14 20:35:30.536195,CLM001366,No override recorded,No findings
AGENT00377,Robert Coldiron,2005-09-23,1954 Wilson Court,,Mountain View,CA,94040,88.0,23.0,0.26136363636363635,Marketing and Business Development,Campus B,Secretary,15,0,2,0,0,0,Israel,51,0,0,0,0,0.0,0,0,0,0,0,0,2026-03-28 20:35:30.536229,CLM026686,No override recorded,No findings
AGENT00378,William Mckay,2016-11-23,776 Morrill Road,,Danville,VT,5828,0.0,0.0,0.0,Information Technology,Campus B,BI Developer / Data Analyst,26,0,2,0,0,0,Israel,57,12,0,0,0,0.0,0,0,0,0,0,0,2026-05-27 20:35:30.536262,N/A,No override recorded,No findings
AGENT00379,Tracy Straight,1995-02-19,1613 Ensenada Way,,Aurora,CO,80011,72.0,15.0,0.20833333333333334,Human Resources,Campus B,Secretary,8,1,2,0,0,0,Israel,195,102,0,0,0,0.0,0,0,0,0,0,1,2026-07-01 20:35:30.536296,CLM049587,Unscheduled record access,Confirmed - insider risk
AGENT00380,Louise Turney,2016-12-29,488 Mill Road,,Hartford,VT,5001,10.0,3.0,0.3,Marketing and Business Development,Campus B,Business Development Manager,10,0,1,0,0,0,Israel,0,0,27,0,0,0.0,0,1,1,0,0,0,2026-05-31 20:35:30.536366,CLM007116,Approved above authority limit,No findings
AGENT00381,Margaret Batchelor,2007-08-09,35 Pilgrim Lane,,Manchester,CT,6040,4.0,1.0,0.25,Marketing and Business Development,Campus C,Marketing Manager,16,0,3,0,0,0,USA,35,8,15,0,0,0.0,0,1,1,0,0,0,2026-07-06 20:35:30.536409,CLM000775,No override recorded,No findings
AGENT00382,Deborah Cendejas,1992-02-18,1110 Okie Street Northeast,,Washington,DC,20002,37.0,8.0,0.21621621621621623,R&D Department,Campus C,Systems Engineer,4,0,2,0,0,0,Germany,3,0,0,0,0,0.0,0,2,1,0,0,0,2026-06-12 20:35:30.536447,CLM030370,No override recorded,No findings
AGENT00383,Fredrick Killen,2014-01-27,15254 North 52nd Avenue,,Glendale,AZ,85306,47.0,13.0,0.2765957446808511,R&D Department,Campus C,Integration and Testing Engineer,7,0,3,0,0,0,France,2,0,0,0,0,0.0,0,0,0,0,0,0,2026-05-10 20:35:30.536483,CLM042055,No override recorded,No findings
AGENT00384,Rhonda Mason,2003-05-11,743 East 9th Avenue,#STE 000200,Anchorage,AK,99501,72.0,17.0,0.2361111111111111,Marketing and Business Development,Campus B,Marketing Manager,15,0,3,0,0,1,Brazil,17,0,0,0,0,0.0,0,1,1,0,0,0,2026-04-23 20:35:30.536517,CLM009577,No override recorded,No findings
AGENT00385,Sarah Pearce,2009-01-01,919 Windsor Avenue,,Annapolis,MD,21403,51.0,9.0,0.17647058823529413,Project Management,Campus A,Project Engineer,16,0,1,0,0,0,Ukraine,18,0,0,0,0,0.0,0,1,1,0,0,0,2026-06-26 20:35:30.536550,CLM002349,No override recorded,No findings
AGENT00386,Justin Bowers,2008-08-11,7800 River Mist Avenue,,Bakersfield,CA,93313,71.0,20.0,0.28169014084507044,Engineering Department,Campus A,Design Engineer,22,0,3,0,0,0,USA,2,0,10,0,0,0.0,0,1,1,0,0,0,2026-03-29 20:35:30.536583,CLM026735,No override recorded,No findings
AGENT00387,Emma Hardwick,1992-03-23,420 D Street Northwest,,Ardmore,OK,73401,14.0,4.0,0.2857142857142857,Information Technology,Campus A,IT Director,19,0,2,0,0,0,Morocco,10,1,0,0,0,0.0,0,0,0,0,0,0,2026-04-02 20:35:30.536617,CLM017935,Approved above authority limit,Unsubstantiated
AGENT00388,Larry Scott,2003-01-06,622 Thomas Street,,Woodland,CA,95776,15.0,1.0,0.06666666666666667,R&D Department,Campus B,Head of R&D,29,0,3,0,0,0,Israel,9,1,0,0,0,0.0,0,1,1,0,0,0,2026-09-06 20:35:30.536649,CLM038788,No override recorded,Unsubstantiated
AGENT00389,Gene Jeffries,2010-09-26,37608 2nd Street,,Fremont,CA,94536,51.0,7.0,0.13725490196078433,Project Management,Campus A,Secretary,3,0,2,0,0,0,Israel,120,0,0,0,0,0.0,0,0,0,0,0,0,2026-05-27 20:35:30.536681,CLM017288,No override recorded,No findings
AGENT00390,Robert Pender,2008-08-10,95 Claiborne Street,,Nashville,TN,37210,58.0,18.0,0.3103448275862069,Operations and Manufacturing,Campus B,Procurement Officer,20,1,1,0,0,0,Israel,33,0,6,0,0,0.0,0,0,0,0,0,0,2026-05-27 20:35:30.536712,CLM010543,No override recorded,Unsubstantiated
AGENT00391,Bernice Mcneeley,2014-10-21,178 Old Homestead Road,,Danville,VT,5873,200.0,48.0,0.24,Engineering Department,Campus C,Process Engineer,3,0,2,0,0,0,Georgia,0,0,40,0,0,0.0,0,0,0,0,0,0,2026-05-02 20:35:30.536744,CLM038810,No override recorded,No findings
AGENT00392,Ramon Brandt,2015-04-26,7650 West 68th Avenue,#315,Arvada,CO,80004,18.0,5.0,0.2777777777777778,Finance,Campus B,Budget Manager,20,0,2,0,0,0,UK,15,0,0,0,0,0.0,0,1,1,0,0,0,2026-03-29 20:35:30.536775,CLM024519,No override recorded,No findings
AGENT00393,Diane Ebeid,2016-01-23,449 Saratoga Lane,,Montgomery,AL,36117,19.0,4.0,0.21052631578947367,Marketing and Business Development,Campus B,Secretary,15,0,2,0,0,0,Israel,29,8,0,0,0,0.0,0,0,0,0,0,0,2026-05-03 20:35:30.536807,CLM022889,Approved above authority limit,No findings
AGENT00394,Thomas Fannin,1995-04-05,16 Ambassador Drive,BLDG,Manchester,CT,6042,65.0,20.0,0.3076923076923077,Human Resources,Campus A,Employee Welfare Coordinator,14,0,1,0,0,0,USA,27,0,0,0,0,0.0,0,0,0,0,0,0,2026-05-30 20:35:30.536839,CLM043482,No override recorded,No findings
AGENT00395,Randall Anna,2001-02-18,4617 East 3rd Street,,Panama City,FL,32404,19.0,2.0,0.10526315789473684,Project Management,Campus C,Project Engineer,13,0,1,0,0,0,Pakistan,19,0,0,0,0,0.0,0,0,0,0,0,0,2026-06-30 20:35:30.536870,CLM001229,No override recorded,No findings
AGENT00396,Majorie Holt,2016-01-02,168 Partridge Hill Road,,Charlton,MA,1507,124.0,28.0,0.22580645161290322,Project Management,Campus B,Project Coordinator,2,0,1,0,0,0,Israel,8,0,0,0,0,0.0,0,0,0,0,0,0,2026-06-20 20:35:30.536901,CLM044339,No override recorded,No findings
AGENT00397,Humberto Tanguay,1993-01-16,24 Lambert Street,,Medford,MA,2155,76.0,17.0,0.2236842105263158,Marketing and Business Development,Campus A,Business Development Manager,15,0,1,0,0,0,South Africa,43,0,0,0,0,0.0,0,1,1,0,0,0,2026-03-29 20:35:30.536933,CLM037278,No override recorded,No findings
AGENT00398,Sarah Roorda,2008-07-21,42223 Edgewood Street,,Fremont,CA,94538,22.0,7.0,0.3181818181818182,Project Management,Campus A,Project Manager,11,0,1,0,1,0,Israel,9,0,0,0,0,0.0,0,1,1,0,0,0,2026-05-20 20:35:30.536964,CLM012532,No override recorded,No findings
AGENT00399,Olivia Bancroft,1997-03-11,6100 Bullard Drive,,Oakland,CA,94611,59.0,15.0,0.2542372881355932,R&D Department,Campus A,Development Engineer (Hardware / Software / Mechanical),9,0,2,0,0,0,Ukraine,3,1,0,0,0,0.0,0,1,1,0,0,0,2026-07-23 20:35:30.536994,CLM035457,No override recorded,No findings
AGENT00400,Sarah Brown,2000-02-16,589 East Main Street,,Newport,VT,5855,58.0,15.0,0.25862068965517243,Project Management,Campus A,Secretary,11,0,1,0,0,0,Russia,0,0,0,0,0,0.0,0,2,1,0,0,0,2026-07-24 20:35:30.537054,CLM027011,No override recorded,No findings
AGENT00401,Carissa Niemann,2000-05-06,30 Tanner Street,,Manchester,CT,6042,6.0,2.0,0.3333333333333333,Finance,Campus A,Budget Manager,17,0,2,0,0,0,Russia,5,0,0,0,0,0.0,0,2,1,0,0,0,2026-08-22 20:35:30.537094,CLM041938,No override recorded,No findings
AGENT00402,Luciano Jackson,2009-08-01,10826 Pointe Royal Drive,,Bakersfield,CA,93311,93.0,15.0,0.16129032258064516,Legal and Regulation,Campus A,Regulatory Affairs Officer,7,0,3,0,0,0,Russia,30,0,0,0,0,0.0,0,1,1,0,0,0,2026-08-16 20:35:30.537131,CLM006949,No override recorded,No findings
AGENT00403,Thomas Cunha,2011-06-21,182 Irving Street,,Manchester,CT,6042,28.0,7.0,0.25,Finance,Campus A,Finance Manager,11,0,2,0,0,0,Israel,5,0,0,0,0,0.0,0,1,1,0,0,0,2026-04-25 20:35:30.537165,CLM046709,No override recorded,Unsubstantiated
AGENT00404,Terry Reitan,1998-08-10,5 Winslow Circle,,Pooler,GA,31322,81.0,21.0,0.25925925925925924,Project Management,Campus B,Project Manager,5,0,2,1,0,0,France,7,0,0,0,0,0.0,0,0,0,0,0,0,2026-08-23 20:35:30.537197,CLM012916,Approved above authority limit,No findings
AGENT00405,Dianne Purcell,2001-09-07,6221 West Wethersfield Road,,Glendale,AZ,85304,19.0,6.0,0.3157894736842105,R&D Department,Campus C,Algorithm Engineer,15,0,2,0,0,0,India,20,0,71,0,0,0.0,0,2,2,0,0,1,2026-05-25 20:35:30.537230,CLM009723,No override recorded,Confirmed - insider risk
AGENT00406,John Hill,1999-06-18,7645 Marshall Street,,Arvada,CO,80003,104.0,22.0,0.21153846153846154,Project Management,Campus B,Project Manager,16,0,1,0,0,0,USA,39,0,0,0,0,0.0,0,2,1,0,0,0,2026-07-21 20:35:30.537262,CLM022525,No override recorded,No findings
AGENT00407,Tanner Payne,1990-11-18,3620 Bentfield Drive,,Nashville,TN,37013,25.0,8.0,0.32,Operations and Manufacturing,Campus B,Logistics Manager,13,0,1,0,0,1,France,18,0,0,0,0,0.0,0,1,1,0,0,0,2026-09-10 20:35:30.537296,CLM026667,No override recorded,No findings
AGENT00408,Mary Ryan,1997-03-12,9222 Sandra Grace Road,,Southport,FL,32409,0.0,0.0,0.0,Project Management,Campus A,Secretary,8,0,2,0,0,0,Israel,44,0,0,0,0,0.0,0,2,1,0,0,0,2026-06-22 20:35:30.537334,N/A,No override recorded,Unsubstantiated
AGENT00409,Darryl Hafenstein,2006-09-04,113 Dove Lane,,Savannah,GA,31406,99.0,23.0,0.23232323232323232,Engineering Department,Campus C,Test Engineer,9,1,3,0,0,0,Israel,0,0,0,0,0,0.0,0,1,1,0,0,0,2026-08-01 20:35:30.537373,CLM015649,No override recorded,No findings
AGENT00410,Ken Tantillo,2006-12-18,212 Ambleside Drive,,Severna Park,MD,21146,2.0,2.0,1.0,Engineering Department,Campus C,Systems Engineer,5,0,2,0,0,0,Israel,0,0,0,0,1,1.0,0,0,0,0,0,0,2026-08-17 20:35:30.537407,CLM018099,No override recorded,No findings
AGENT00411,Michael Proctor,2012-10-19,2716 Fairmont Drive,,Panama City,FL,32405,27.0,9.0,0.3333333333333333,Information Technology,Campus B,BI Developer / Data Analyst,25,0,1,0,0,0,Israel,17,0,0,0,0,0.0,0,0,0,0,0,1,2026-04-02 20:35:30.537440,CLM035097,Bypassed secondary verification,Under investigation
AGENT00412,Sondra Roder,2000-02-15,386 Pratt Road,,,VT,5033,119.0,36.0,0.3025210084033613,R&D Department,Campus C,Systems Engineer,1,0,3,0,0,0,Canada,12,0,0,0,0,0.0,0,1,1,0,0,1,2026-05-09 20:35:30.537474,CLM025705,Bypassed secondary verification,Confirmed - insider risk
AGENT00413,Amy Wangler,1994-01-06,584 Rural Hill Road,,Nashville,TN,37217,133.0,36.0,0.2706766917293233,R&D Department,Campus C,Algorithm Engineer,14,0,2,0,1,0,Israel,0,0,0,0,1,1.0,0,0,0,0,0,0,2026-08-30 20:35:30.537507,CLM008814,No override recorded,No findings
AGENT00414,Christine Carter,2016-06-17,106 Varnum Street Northwest,,Washington,DC,20011,35.0,12.0,0.34285714285714286,Marketing and Business Development,Campus C,Secretary,13,0,1,0,0,0,Poland,5,0,0,0,0,0.0,0,1,1,0,0,1,2026-05-06 20:35:30.537539,CLM031829,No override recorded,Under investigation
AGENT00415,Angel Alexander,2012-08-26,44 Downey Drive,,Manchester,CT,6040,49.0,11.0,0.22448979591836735,Executive Management,Campus B,Chief Marketing and Business Development Officer,9,0,3,0,0,0,Israel,13,3,0,0,0,0.0,0,1,1,0,0,0,2026-06-26 20:35:30.537570,CLM038754,No override recorded,No findings
AGENT00416,Todd Bell,2016-10-17,4728 Rockland Trail,,Nashville,TN,37013,19.0,2.0,0.10526315789473684,Legal and Regulation,Campus A,Regulatory Affairs Officer,23,1,3,0,0,0,Israel,70,0,0,0,0,0.0,0,0,0,0,0,0,2026-03-26 20:35:30.537602,CLM041688,No override recorded,No findings
AGENT00417,Thomas Hull,1999-02-20,512 Tennyson Road,,Hayward,CA,94544,11.0,2.0,0.18181818181818182,Marketing and Business Development,Campus B,Secretary,8,0,2,0,0,0,Argentina,63,6,0,0,0,0.0,0,0,0,0,0,0,2026-05-21 20:35:30.537633,CLM000126,No override recorded,No findings
AGENT00418,Laura Harris,2003-01-18,3 Dayton Street,,Chelmsford,MA,1863,20.0,5.0,0.25,R&D Department,Campus A,Secretary,2,0,2,0,0,0,Ukraine,8,0,46,0,0,0.0,0,2,1,0,0,0,2026-04-26 20:35:30.537663,CLM039212,Approved above authority limit,No findings
AGENT00419,Brian Harris,2002-06-18,188 Saint Matthews Avenue,#1,Louisville,KY,40207,49.0,8.0,0.16326530612244897,Marketing and Business Development,Campus A,Marketing Manager,14,0,1,0,0,0,USA,3,0,0,0,0,0.0,0,0,0,0,0,0,2026-05-11 20:35:30.537694,CLM045947,No override recorded,No findings
AGENT00420,Joyce Fortner,2012-05-30,2317 Fernwood Drive,,Nashville,TN,37216,56.0,10.0,0.17857142857142858,Information Technology,Campus C,Enterprise Systems Developer (ERP / CRM / SAP),9,0,1,0,0,0,Israel,6,1,0,0,0,0.0,0,2,1,0,0,0,2026-05-31 20:35:30.537725,CLM025197,No override recorded,No findings
AGENT00421,Susan Gigliotti,1996-08-24,287 Lawndale Drive,,Nashville,TN,37211,60.0,15.0,0.25,Information Technology,Campus C,Information Security Specialist,22,0,2,0,0,0,Israel,0,0,4,0,0,0.0,0,0,0,0,0,0,2026-08-11 20:35:30.537756,CLM001238,No override recorded,No findings
AGENT00422,Maggie Gentile,2007-12-14,1402 North Capitol Street Northwest,,Washington,DC,20002,68.0,12.0,0.17647058823529413,R&D Department,Campus C,Development Engineer (Hardware / Software / Mechanical),8,0,2,0,0,0,Israel,0,0,41,0,0,0.0,0,1,1,0,1,0,2026-04-12 20:35:30.537786,CLM025063,No override recorded,No findings
AGENT00423,Kellie Floto,2017-04-24,240 Chatham Lane,,Annapolis,MD,21403,4.0,0.0,0.0,Finance,Campus B,Accountant,13,0,2,0,0,1,Canada,25,0,0,0,0,0.0,0,0,0,0,0,0,2026-07-19 20:35:30.537818,CLM022212,No override recorded,No findings
AGENT00424,Robert Obrien,1991-04-05,653 Vermont 12,,Hartland,VT,5048,36.0,9.0,0.25,Operations and Manufacturing,Campus A,Logistics Manager,13,0,1,0,0,0,China,1,0,0,0,0,0.0,0,1,1,0,0,0,2026-08-13 20:35:30.537850,CLM015271,No override recorded,No findings
AGENT00425,William Howard,2012-05-27,6069 Jay Street,,Arvada,CO,80003,2.0,1.0,0.5,R&D Department,Campus A,Head of R&D,9,0,3,0,0,0,Russia,1,0,39,0,0,0.0,0,1,1,0,0,0,2026-09-12 20:35:30.537881,CLM011135,Approved above authority limit,No findings
AGENT00426,Alan Mcmanus,2009-01-18,4200 Northwest 59th Street,,Oklahoma City,OK,73112,31.0,5.0,0.16129032258064516,Information Technology,Campus B,Secretary,13,0,1,0,0,0,Israel,15,0,0,0,0,0.0,0,0,0,0,0,0,2026-08-27 20:35:30.537912,CLM010429,No override recorded,No findings
AGENT00427,James Haynes,2001-01-10,136 Acacia Drive,,Blue Lake,CA,95525,20.0,8.0,0.4,Human Resources,Campus C,Recruitment Coordinator,24,0,3,0,0,0,UK,22,0,0,0,0,0.0,0,1,1,0,0,0,2026-04-30 20:35:30.537943,CLM036310,No override recorded,No findings
AGENT00428,Donita Taylor,2011-07-05,7030 Cotton Blossom Lane,,Montgomery,AL,36117,82.0,18.0,0.21951219512195122,Marketing and Business Development,Campus C,Marketing Manager,5,0,2,1,0,0,Israel,8,0,0,0,0,0.0,0,0,0,0,0,0,2026-04-22 20:35:30.537973,CLM048074,No override recorded,No findings
AGENT00429,Richard Farrell,1991-11-01,7085 Gladiola Street,,Arvada,CO,80004,18.0,3.0,0.16666666666666666,Operations and Manufacturing,Campus B,Warehouse Manager,10,1,1,0,0,0,Israel,8,0,0,0,0,0.0,0,2,1,0,0,0,2026-05-23 20:35:30.538020,CLM036209,No override recorded,Unsubstantiated
AGENT00430,James Mitchell,2006-11-09,1238 Roanwood Way,,Concord,CA,94521,12.0,2.0,0.16666666666666666,Operations and Manufacturing,Campus A,Operations Manager,18,0,1,1,0,0,Morocco,14,0,0,0,0,0.0,0,1,1,0,0,0,2026-07-29 20:35:30.538069,CLM013299,No override recorded,No findings
AGENT00431,Sunshine Lopez,2008-04-05,332 Stafford Road,#2,Fall River,MA,2721,9.0,1.0,0.1111111111111111,Project Management,Campus B,Project Manager,16,0,1,0,0,0,USA,0,0,2,0,0,0.0,0,0,0,0,0,0,2026-09-10 20:35:30.538105,CLM043805,No override recorded,Unsubstantiated
AGENT00432,Merle Stancil,2001-05-09,7025 Queen Street,,Arvada,CO,80004,64.0,20.0,0.3125,R&D Department,Campus A,Algorithm Engineer,21,0,2,0,0,0,USA,0,0,4,0,0,0.0,0,1,1,0,0,0,2026-04-11 20:35:30.538139,CLM036875,No override recorded,No findings
AGENT00433,Shawna Bailey,1990-07-16,6717 North 59th Avenue,,Glendale,AZ,85301,46.0,10.0,0.21739130434782608,Legal and Regulation,Campus A,Regulatory Affairs Officer,25,0,3,0,0,0,Israel,24,0,0,0,0,0.0,0,1,1,0,0,0,2026-09-07 20:35:30.538173,CLM026298,Approved above authority limit,No findings
AGENT00434,Edward Odom,2005-10-05,7407 North 75th Drive,,Glendale,AZ,85303,1.0,1.0,1.0,Operations and Manufacturing,Campus A,Operations Manager,9,0,1,0,0,0,Georgia,11,0,0,0,0,0.0,0,0,0,0,0,0,2026-03-27 20:35:30.538205,CLM043250,No override recorded,No findings
AGENT00435,Eugene Brox,1996-11-09,1729 Frankford Street Southeast,,Washington,DC,20020,3.0,0.0,0.0,Information Technology,Campus C,Systems and Network Administrator,15,0,1,0,0,1,Ukraine,0,0,46,0,0,0.0,0,2,1,0,0,0,2026-04-05 20:35:30.538238,CLM009414,No override recorded,No findings
AGENT00436,Edward Ferguson,1994-06-12,3203 US Highway 98,A,Mexico Beach,FL,32456,58.0,15.0,0.25862068965517243,Operations and Manufacturing,Campus C,Procurement Officer,26,0,2,0,0,0,Ukraine,32,0,0,0,0,0.0,0,1,1,0,0,0,2026-06-29 20:35:30.538270,CLM044913,No override recorded,No findings
AGENT00437,Sarah Mcnish,2007-12-19,1010 M Street Northwest,,Washington,DC,20001,1.0,0.0,0.0,Marketing and Business Development,Campus A,Bid Coordinator,21,0,2,0,0,0,Israel,20,3,0,0,0,0.0,0,0,0,0,0,0,2026-05-28 20:35:30.538303,CLM015159,No override recorded,No findings
AGENT00438,Hollis Mcmillian,2014-11-22,173 Center Street,,Manchester,CT,6040,70.0,12.0,0.17142857142857143,Operations and Manufacturing,Campus A,Logistics Manager,13,0,1,0,0,0,China,5,0,0,0,0,0.0,0,1,1,0,0,0,2026-07-22 20:35:30.538343,CLM028708,No override recorded,No findings
AGENT00439,Nancy Hannah,2017-03-29,5516 West Indore Drive,,Littleton,CO,80128,45.0,10.0,0.2222222222222222,Marketing and Business Development,Campus A,Marketing Manager,9,0,2,0,0,0,Israel,0,0,0,0,0,0.0,0,2,1,0,0,0,2026-07-24 20:35:30.538379,CLM019438,No override recorded,No findings
AGENT00440,Betty Zeigler,2015-07-29,3413 Pheasant Run Road,,Norman,OK,73072,3.0,0.0,0.0,Human Resources,Campus C,Recruitment Coordinator,19,0,2,0,0,0,Iraq,0,0,0,0,1,8.0,0,0,0,0,0,0,2026-09-17 20:35:30.538413,CLM019868,No override recorded,Unsubstantiated
AGENT00441,Charles Earl,2000-05-23,87 Horseshoe Drive,,West Windsor,VT,5037,3.0,0.0,0.0,Engineering Department,Campus C,Secretary,9,0,2,0,0,1,Ukraine,11,1,0,0,0,0.0,0,0,0,0,0,0,2026-04-16 20:35:30.538447,CLM033664,Approved above authority limit,No findings
AGENT00442,John Morrison,1997-11-12,6911 Steven Road,,Panama City,FL,32404,190.0,44.0,0.23157894736842105,Project Management,Campus C,Project Coordinator,1,1,2,0,0,0,Romania,0,0,5,0,0,0.0,0,1,1,0,0,0,2026-06-10 20:35:30.538478,CLM002287,No override recorded,No findings
AGENT00443,Linda Driver,1998-04-18,3320 Peterkin Avenue,,Anchorage,AK,99508,18.0,3.0,0.16666666666666666,R&D Department,Campus B,Head of R&D,27,0,3,0,0,0,Israel,2,0,0,0,0,0.0,0,1,1,0,0,0,2026-08-16 20:35:30.538509,CLM023893,No override recorded,No findings
AGENT00444,Cinthia Carpenter,2010-05-11,4971 Janet Court,,Livermore,CA,94550,24.0,8.0,0.3333333333333333,Operations and Manufacturing,Campus A,Warehouse Manager,6,0,1,0,0,1,Israel,16,0,0,0,0,0.0,0,1,1,0,0,0,2026-07-12 20:35:30.538542,CLM014079,No override recorded,No findings
AGENT00445,Kara Steele,2015-05-10,10980 Splendor Loop,,Anchorage,AK,99577,62.0,14.0,0.22580645161290322,Engineering Department,Campus C,Head of Engineering,16,0,3,1,0,1,South Africa,6,0,29,0,0,0.0,0,1,1,0,0,0,2026-09-07 20:35:30.538575,CLM021655,No override recorded,No findings
AGENT00446,Christina Bock,2009-10-30,1481 Stannage Avenue,R,Berkeley,CA,94702,134.0,35.0,0.26119402985074625,R&D Department,Campus A,Algorithm Engineer,10,0,2,0,0,0,Israel,6,0,0,0,0,0.0,0,1,1,0,0,0,2026-04-07 20:35:30.538607,CLM043310,No override recorded,No findings
AGENT00447,Sandy Loucks,2001-09-30,1481 Stannage Avenue,R,Berkeley,CA,94702,170.0,48.0,0.2823529411764706,R&D Department,Campus A,Algorithm Engineer,15,0,2,0,1,0,Israel,0,0,0,0,0,0.0,0,1,1,0,0,0,2026-06-04 20:35:30.538640,CLM045752,No override recorded,Unsubstantiated
AGENT00448,Joseph Peterson,2000-03-31,8595 West 81st Drive,,Arvada,CO,80005,50.0,9.0,0.18,R&D Department,Campus B,Systems Engineer,15,0,2,0,0,1,Israel,8,1,0,0,0,0.0,0,0,0,0,0,0,2026-05-17 20:35:30.538673,CLM013718,No override recorded,No findings
AGENT00449,Richard Saucedo,2017-05-26,1528 Spruce Street,M,Berkeley,CA,94709,21.0,4.0,0.19047619047619047,R&D Department,Campus B,Algorithm Engineer,26,0,2,0,0,0,India,0,0,0,0,1,6.0,0,0,0,0,0,0,2026-03-22 20:35:30.538706,CLM020560,No override recorded,No findings
AGENT00450,Peter Thomas,2017-10-12,1010 M Street Northwest,,Washington,DC,20001,3.0,1.0,0.3333333333333333,Project Management,Campus C,Project Coordinator,4,1,2,0,0,0,Israel,18,0,0,0,0,0.0,0,1,1,0,0,0,2026-04-28 20:35:30.538739,CLM040290,No override recorded,No findings
AGENT00451,Michael Dike,2008-05-31,112 West Center Street,#210,Fayetteville,AR,72701,53.0,11.0,0.20754716981132076,Legal and Regulation,Campus A,Regulatory Affairs Officer,4,0,4,0,0,0,Israel,172,0,0,0,0,0.0,0,0,0,0,0,0,2026-06-07 20:35:30.538771,CLM031314,No override recorded,No findings
AGENT00452,David Mcintire,2008-04-11,4511 Sloat Road,,Fremont,CA,94538,47.0,13.0,0.2765957446808511,R&D Department,Campus A,Algorithm Engineer,10,1,3,0,0,0,Turkey,0,0,3,0,0,0.0,0,0,0,0,0,0,2026-07-30 20:35:30.538804,CLM006371,No override recorded,Unsubstantiated
AGENT00453,Jose Hannaford,2006-11-16,3115 North Lake Boulevard,#87,Tahoe City,CA,96145,18.0,5.0,0.2777777777777778,R&D Department,Campus C,Development Engineer (Hardware / Software / Mechanical),9,0,2,0,0,0,Israel,0,0,0,0,1,2.0,0,0,0,0,0,0,2026-09-05 20:35:30.538836,CLM000495,No override recorded,No findings
AGENT00454,Roscoe Ricci,1993-07-31,7802 Titan Court,,Pasadena,MD,21122,97.0,29.0,0.29896907216494845,Information Technology,Campus B,BI Developer / Data Analyst,25,0,1,0,0,0,Israel,0,0,158,0,0,0.0,0,2,1,0,0,1,2026-08-14 20:35:30.538868,CLM006226,Approved above authority limit,Under investigation
AGENT00455,Roger Hacker,2004-01-20,324 Martin Luther King Junior Boulevard,,Fayetteville,AR,72701,1.0,0.0,0.0,Marketing and Business Development,Campus A,Business Development Manager,19,0,1,0,0,0,Israel,212,105,0,0,0,0.0,0,1,1,0,0,1,2026-07-01 20:35:30.538900,CLM043600,Unscheduled record access,Unsubstantiated
AGENT00456,David Harris,2015-11-28,130 Carolina Cherry Circle,,Pooler,GA,31322,17.0,4.0,0.23529411764705882,Engineering Department,Campus C,Test Engineer,8,0,3,0,0,0,Israel,0,0,77,0,0,0.0,0,0,0,0,0,1,2026-07-04 20:35:30.538935,CLM016550,No override recorded,Under investigation
AGENT00457,Chester Kuehn,2014-01-13,111 Lakeview Terrace,,Lynn Haven,FL,32444,1.0,0.0,0.0,Project Management,Campus B,Project Manager,13,0,1,1,0,0,Russia,5,0,0,0,0,0.0,0,0,0,0,0,0,2026-09-07 20:35:30.538965,CLM043341,Approved above authority limit,No findings
AGENT00458,Nina Delker,1991-09-23,3337 Woodpark Court,,Montgomery,AL,36116,12.0,3.0,0.25,Finance,Campus C,Accountant,7,0,3,0,0,0,Israel,8,0,0,0,0,0.0,0,1,1,0,0,0,2026-06-25 20:35:30.538999,CLM026457,No override recorded,Unsubstantiated
AGENT00459,Jerry Hoopes,2002-06-22,1709 Travers Court,,Edmond,OK,73003,1.0,0.0,0.0,Marketing and Business Development,Campus B,Secretary,6,0,2,0,0,0,Ethiopia,51,15,0,0,0,0.0,0,0,0,0,0,0,2026-09-03 20:35:30.539061,CLM018414,No override recorded,No findings
AGENT00460,Jamie Williams,2012-05-26,3208 Southwest 65th Street,,Oklahoma City,OK,73159,6.0,0.0,0.0,Engineering Department,Campus C,Design Engineer,21,0,2,1,0,0,Russia,8,0,0,0,0,0.0,0,0,0,0,0,0,2026-08-16 20:35:30.539099,CLM001725,Approved above authority limit,No findings
AGENT00461,Michael Braddock,2016-10-07,276 Adams Street,,Quincy,MA,2169,5.0,2.0,0.4,Engineering Department,Campus A,Process Engineer,19,0,2,0,0,1,China,25,0,125,0,0,0.0,0,1,2,0,0,1,2026-07-04 20:35:30.539134,CLM044009,No override recorded,Confirmed - insider risk
AGENT00462,Charles Tabares,1994-03-23,305 Broderick Place,,Panama City Beach,FL,32413,51.0,13.0,0.2549019607843137,Information Technology,Campus C,Systems and Network Administrator,19,0,1,0,0,0,Canada,10,0,42,0,0,0.0,0,1,1,0,0,0,2026-05-07 20:35:30.539170,CLM009732,No override recorded,No findings
AGENT00463,Randy Preston,2012-04-29,20375 Wisteria Street,,Castro Valley,CA,94546,53.0,13.0,0.24528301886792453,Information Technology,Campus A,Information Security Specialist,10,0,1,0,0,0,UK,1,0,0,0,0,0.0,0,0,0,0,0,0,2026-06-07 20:35:30.539203,CLM030533,No override recorded,No findings
AGENT00464,Dana Ewing,2011-05-05,2809 Rowland Avenue,C,Thunderbolt,GA,31404,37.0,8.0,0.21621621621621623,Operations and Manufacturing,Campus C,Warehouse Manager,17,0,2,0,0,0,Israel,33,0,0,0,0,0.0,0,1,1,0,0,0,2026-06-17 20:35:30.539236,CLM006934,No override recorded,No findings
AGENT00465,Allison Taylor,2012-09-03,5275 North 59th Avenue,,Glendale,AZ,85301,123.0,26.0,0.21138211382113822,Marketing and Business Development,Campus C,Account Manager,13,0,3,0,0,0,Israel,0,0,7,0,0,0.0,0,0,0,0,0,0,2026-09-07 20:35:30.539269,CLM000569,No override recorded,No findings
AGENT00466,Mary Beals,1991-09-28,5112 Southwest 124th Place,,Oklahoma City,OK,73173,18.0,3.0,0.16666666666666666,Operations and Manufacturing,Campus A,Warehouse Manager,21,0,1,1,0,0,Hungary,0,0,10,0,0,0.0,0,1,1,0,0,0,2026-09-11 20:35:30.539302,CLM024047,Approved above authority limit,No findings
AGENT00467,Thomas Marshall,2004-02-28,7003 9th Street Northwest,,Washington,DC,20012,20.0,7.0,0.35,R&D Department,Campus A,Integration and Testing Engineer,1,1,2,1,0,0,Israel,0,0,0,0,0,0.0,0,3,1,0,0,1,2026-04-16 20:35:30.539341,CLM032201,Bypassed secondary verification,Confirmed - insider risk
AGENT00468,Andrea Beaucage,1993-04-18,10891 Kamishak Bay Circle,,Anchorage,AK,99515,78.0,13.0,0.16666666666666666,Information Technology,Campus C,Secretary,9,0,1,0,0,0,UK,0,0,42,0,0,0.0,0,0,0,0,0,0,2026-04-20 20:35:30.539378,CLM038401,No override recorded,No findings
AGENT00469,Stephen Fanter,2012-04-03,36043 Soapberry Commons,,Fremont,CA,94536,8.0,2.0,0.25,Information Technology,Campus A,Secretary,16,1,2,1,1,0,Ukraine,2,0,0,0,0,0.0,0,0,0,0,0,0,2026-05-29 20:35:30.539410,CLM020494,No override recorded,No findings
AGENT00470,Charles Turner,2010-04-04,238 La Salle Avenue,,Piedmont,CA,94610,128.0,28.0,0.21875,Operations and Manufacturing,Campus A,Warehouse Manager,7,0,1,0,0,0,UK,4,0,10,0,0,0.0,0,0,0,0,0,0,2026-05-07 20:35:30.539443,CLM027123,No override recorded,No findings
AGENT00471,Mary Porter,2017-10-18,313 Wiley Street,,Nashville,TN,37115,0.0,0.0,0.0,R&D Department,Campus A,Algorithm Engineer,12,0,2,0,0,1,Ethiopia,0,0,9,0,0,0.0,0,2,1,0,0,0,2026-08-19 20:35:30.539476,N/A,No override recorded,No findings
AGENT00472,Harold Campbell,2003-11-26,529 Barr Hill Road,,Greensboro,VT,5841,156.0,40.0,0.2564102564102564,R&D Department,Campus B,Integration and Testing Engineer,15,1,3,0,0,0,Israel,0,0,0,0,0,0.0,0,2,1,0,0,0,2026-07-30 20:35:30.539508,CLM006639,No override recorded,Unsubstantiated
AGENT00473,Kenneth Bottorff,2013-11-02,615 Long Hunter Court,,Nashville,TN,37217,0.0,0.0,0.0,Information Technology,Campus B,IT Director,11,0,1,0,0,0,Israel,6,1,0,0,0,0.0,0,1,1,0,0,0,2026-09-11 20:35:30.539542,N/A,No override recorded,Unsubstantiated
AGENT00474,Antoinette Rehkop,2003-04-05,1 Portsmouth Road,,Piedmont,CA,94610,98.0,21.0,0.21428571428571427,Project Management,Campus C,Project Coordinator,2,0,1,1,0,0,Israel,22,0,0,0,0,0.0,0,0,0,0,0,0,2026-05-25 20:35:30.539575,CLM032033,No override recorded,No findings
AGENT00475,Brittany Ramirez,2006-04-08,2650 East Huntsville Road,,Fayetteville,AR,72701,28.0,7.0,0.25,Engineering Department,Campus C,Design Engineer,12,0,3,0,0,0,Germany,9,0,0,0,0,0.0,0,0,0,0,0,0,2026-04-15 20:35:30.539608,CLM003695,No override recorded,No findings
AGENT00476,Melvin Schmidt,1997-11-13,1309 Clay Avenue,,Panama City,FL,32401,195.0,43.0,0.2205128205128205,Information Technology,Campus C,Information Security Specialist,2,0,1,0,1,0,Canada,9,0,0,0,0,0.0,0,1,1,0,0,0,2026-06-22 20:35:30.539640,CLM033616,No override recorded,No findings
AGENT00477,Rebecca Santarelli,2006-09-17,1628 Button Bay Road,,Vergennes,VT,5491,2.0,1.0,0.5,Finance,Campus B,Financial Analyst,9,0,2,0,1,0,France,11,0,0,0,0,0.0,0,0,0,0,0,0,2026-03-24 20:35:30.539671,CLM012235,No override recorded,No findings
AGENT00478,Sharon Kilgore,1997-11-14,720 Southwest 2nd Street,,Moore,OK,73160,38.0,9.0,0.23684210526315788,Operations and Manufacturing,Campus B,Secretary,11,0,1,0,0,0,South Africa,44,0,0,0,0,0.0,0,0,0,0,0,0,2026-03-27 20:35:30.539704,CLM023035,No override recorded,No findings
AGENT00479,Letha Staton,2006-03-18,407 Bon Air Avenue,,Brooklyn Park,MD,21225,158.0,40.0,0.25316455696202533,Engineering Department,Campus A,Design Engineer,14,0,3,0,0,0,France,0,0,30,0,0,0.0,0,0,0,0,0,0,2026-06-11 20:35:30.539737,CLM006340,Approved above authority limit,No findings
AGENT00480,Richard Burns,1995-11-21,45430 Lauri Lane,,Oakhurst,CA,93644,30.0,5.0,0.16666666666666666,Marketing and Business Development,Campus A,Business Development Manager,6,0,1,1,0,0,Israel,45,0,0,0,0,0.0,0,0,0,0,0,0,2026-07-08 20:35:30.539768,CLM030641,No override recorded,No findings
AGENT00481,Mary Scribner,2000-07-15,14505 Landis Villa Drive,,Louisville,KY,40245,36.0,8.0,0.2222222222222222,Engineering Department,Campus C,Test Engineer,13,0,2,0,0,0,Hungary,6,0,0,0,0,0.0,0,1,1,0,0,0,2026-06-04 20:35:30.539800,CLM018123,No override recorded,No findings
AGENT00482,Jose Dame,2011-01-14,422 Richmond Street,,El Cerrito,CA,94530,46.0,13.0,0.2826086956521739,Project Management,Campus A,Secretary,3,0,1,0,0,0,Israel,3,0,0,0,0,0.0,0,1,1,0,0,0,2026-04-09 20:35:30.539831,CLM043707,No override recorded,No findings
AGENT00483,Simone Linstrom,1996-04-17,9828 East Pueblo Avenue,,Mesa,AZ,85208,24.0,8.0,0.3333333333333333,Operations and Manufacturing,Campus B,Operations Manager,5,1,1,0,0,0,Germany,0,0,10,0,0,0.0,0,1,1,0,1,0,2026-04-06 20:35:30.539864,CLM020410,No override recorded,No findings
AGENT00484,Wilson Herrick,2005-09-10,7650 West 68th Avenue,#315,Arvada,CO,80004,56.0,12.0,0.21428571428571427,Project Management,Campus A,Project Engineer,25,0,2,0,0,0,Israel,0,0,11,0,0,0.0,0,0,0,0,0,0,2026-06-18 20:35:30.539896,CLM010690,No override recorded,No findings
AGENT00485,Peter Bailey,1992-12-02,1427 H Street,,Anchorage,AK,99501,36.0,11.0,0.3055555555555556,Marketing and Business Development,Campus C,Marketing Manager,12,0,1,0,0,0,USA,23,0,0,0,0,0.0,0,1,1,0,0,0,2026-06-20 20:35:30.539930,CLM027023,No override recorded,No findings
AGENT00486,Ray Higdon,2006-12-13,320 Northwest 22nd Street,,Oklahoma City,OK,73103,78.0,24.0,0.3076923076923077,Operations and Manufacturing,Campus B,Procurement Officer,23,0,1,0,0,1,Israel,76,0,0,0,0,0.0,0,1,1,0,0,0,2026-08-31 20:35:30.539962,CLM044495,Approved above authority limit,No findings
AGENT00487,Deborah Bolyard,2004-01-16,500 Revere Beach Boulevard,#109,Revere,MA,2151,3.0,0.0,0.0,Operations and Manufacturing,Campus A,Logistics Manager,13,0,1,0,0,0,China,0,0,10,0,0,0.0,0,1,1,0,0,0,2026-06-06 20:35:30.539993,CLM011890,No override recorded,No findings
AGENT00488,Jeanine Chee,1999-04-29,1353 West 27th Avenue,#APT 000004,Anchorage,AK,99503,13.0,2.0,0.15384615384615385,R&D Department,Campus B,Head of R&D,19,0,2,0,0,0,Israel,0,0,29,0,0,0.0,0,0,0,0,0,0,2026-08-14 20:35:30.540053,CLM010022,No override recorded,No findings
AGENT00489,Molly Martz,1993-09-04,200 Pheasant Avenue,#103,Louisville,KY,40118,116.0,31.0,0.2672413793103448,Operations and Manufacturing,Campus A,Operations Manager,18,0,1,1,0,0,Morocco,2,0,0,0,0,0.0,0,2,1,0,0,0,2026-06-30 20:35:30.540094,CLM028503,No override recorded,Unsubstantiated
AGENT00490,Kenneth Elmer,2015-06-12,5222 West Laurie Lane,,Glendale,AZ,85302,94.0,24.0,0.2553191489361702,Project Management,Campus C,Secretary,13,0,3,1,0,0,Israel,18,3,0,0,0,0.0,0,1,1,0,0,0,2026-08-19 20:35:30.540132,CLM049163,No override recorded,No findings
AGENT00491,Joel Nix,2011-10-09,2204 7th Street Road,#12,Louisville,KY,40208,24.0,6.0,0.25,Human Resources,Campus C,Training Coordinator,23,0,1,0,0,0,Israel,61,0,5,0,0,0.0,0,0,0,0,0,0,2026-09-13 20:35:30.540167,CLM004711,No override recorded,No findings
AGENT00492,James Wood,2006-04-17,145 Grau Drive,,Fremont,CA,94536,46.0,8.0,0.17391304347826086,R&D Department,Campus C,Secretary,1,0,2,1,0,0,Israel,0,0,0,0,0,0.0,0,2,1,0,1,0,2026-06-06 20:35:30.540200,CLM020158,No override recorded,No findings
AGENT00493,Sandra Chau,1999-10-17,2220 Kirk Avenue,,Nashville,TN,37218,17.0,0.0,0.0,Operations and Manufacturing,Campus C,Operations Manager,20,0,1,0,0,0,Germany,2,0,0,0,0,0.0,0,0,0,0,0,0,2026-07-05 20:35:30.540233,CLM011852,No override recorded,No findings
AGENT00494,Hilary Ruffo,1993-08-27,2200 East Victory Drive,#36,Savannah,GA,31404,8.0,0.0,0.0,Engineering Department,Campus B,Process Engineer,26,0,2,0,0,1,Russia,1,0,0,0,0,0.0,0,1,1,0,0,0,2026-07-30 20:35:30.540266,CLM001348,No override recorded,No findings
AGENT00495,Marcia Ramirez,2000-05-26,6624 Strawberry Lane,,Louisville,KY,40214,32.0,5.0,0.15625,Marketing and Business Development,Campus B,Business Development Manager,14,0,1,0,0,0,Ukraine,28,0,0,0,0,0.0,0,2,1,0,0,0,2026-06-04 20:35:30.540298,CLM018080,No override recorded,No findings
AGENT00496,Shawn Mitchell,2014-07-31,534 North 31st Street,#1,Louisville,KY,40212,21.0,6.0,0.2857142857142857,R&D Department,Campus C,Algorithm Engineer,19,0,2,0,0,0,France,0,0,42,0,0,0.0,0,1,1,0,0,0,2026-05-23 20:35:30.540365,CLM026935,No override recorded,No findings
AGENT00497,Donnell Phillips,2007-07-17,398 Gove Hill Road,,Thetford,VT,5075,45.0,9.0,0.2,Operations and Manufacturing,Campus B,Manufacturing Engineer,14,0,2,0,0,0,USA,37,14,0,0,0,0.0,0,0,0,0,0,1,2026-07-31 20:35:30.540407,CLM031565,Approved above authority limit,Under investigation
AGENT00498,Connie Phillips,1991-03-20,653 Vermont 12,,Hartland,VT,5048,3.0,1.0,0.3333333333333333,Information Technology,Campus A,IT Director,27,0,1,0,0,0,Israel,0,0,38,0,0,0.0,0,1,1,0,0,0,2026-07-05 20:35:30.540444,CLM008631,No override recorded,No findings
AGENT00499,Carolyn Todd,1991-07-23,6 Little Country Place,,Savannah,GA,31406,184.0,45.0,0.24456521739130435,Engineering Department,Campus B,Process Engineer,1,0,2,0,0,0,Ukraine,0,0,38,0,0,0.0,0,1,1,0,0,0,2026-04-10 20:35:30.540478,CLM028025,No override recorded,No findings
AGENT00500,Matthew Reed,1998-06-24,4430 Davenport Street Northwest,,Washington,DC,20016,180.0,48.0,0.26666666666666666,R&D Department,Campus C,Integration and Testing Engineer,22,0,2,0,0,1,Israel,0,0,27,0,0,0.0,0,2,1,0,0,0,2026-06-10 20:35:30.540512,CLM020793,No override recorded,No findings
AGENT00501,Shirley Conway,1998-02-10,6870 West 52nd Avenue,,Arvada,CO,80002,51.0,14.0,0.27450980392156865,Security and Information Security,Campus B,Security Officer,10,0,2,0,0,1,USA,6,4,2,0,0,0.0,0,1,1,0,1,1,2026-03-26 20:35:30.540546,CLM030963,Bypassed secondary verification,Confirmed - insider risk
AGENT00502,Yvonne Rogers,2005-07-09,827 10th Street Northeast,,Washington,DC,20002,37.0,12.0,0.32432432432432434,R&D Department,Campus C,Integration and Testing Engineer,26,0,2,0,0,0,Israel,0,0,90,0,0,0.0,0,1,1,0,0,1,2026-04-10 20:35:30.540579,CLM011634,No override recorded,Under investigation
AGENT00503,Robbie Sampley,2002-10-12,188 River Road,,Essex,VT,5452,14.0,5.0,0.35714285714285715,Engineering Department,Campus C,Head of Engineering,31,0,3,1,0,0,Israel,11,0,62,0,0,0.0,0,1,1,0,0,1,2026-07-22 20:35:30.540611,CLM000924,No override recorded,Under investigation
AGENT00504,Chris Trahan,1992-10-28,8852 Broderick Street,,Montgomery,AL,36117,83.0,26.0,0.3132530120481928,Marketing and Business Development,Campus A,Business Development Manager,20,0,2,0,0,0,Israel,29,0,0,0,0,0.0,0,0,0,0,0,0,2026-06-24 20:35:30.540643,CLM013944,No override recorded,No findings
AGENT00505,Janet Stevens,2001-06-24,6739 Taft Court,,Arvada,CO,80004,43.0,14.0,0.32558139534883723,Project Management,Campus C,Project Coordinator,8,0,1,1,1,0,Ukraine,121,0,0,0,0,0.0,0,0,0,0,0,1,2026-07-15 20:35:30.540676,CLM040830,Unscheduled record access,Unsubstantiated
AGENT00506,Olive Buchanan,2005-03-08,57 Birdie Lane,,Tewksbury,MA,1876,4.0,1.0,0.25,Marketing and Business Development,Campus C,Account Manager,9,0,1,0,0,0,Turkey,11,0,0,0,0,0.0,0,1,1,0,0,0,2026-09-06 20:35:30.540709,CLM015174,No override recorded,No findings
AGENT00507,Gabriel Lucas,2002-05-15,1497 Greenbrier Road,,West Sacramento,CA,95691,96.0,19.0,0.19791666666666666,Operations and Manufacturing,Campus A,Manufacturing Engineer,6,0,1,0,0,0,Israel,10,1,0,0,0,0.0,0,1,1,0,0,0,2026-08-20 20:35:30.540740,CLM031877,No override recorded,No findings
AGENT00508,Lilia Fletcher,2007-03-02,35 Lakewood Circle South,,Manchester,CT,6040,69.0,25.0,0.36231884057971014,Information Technology,Campus A,Information Security Specialist,12,0,1,1,0,0,Ethiopia,20,0,0,0,0,0.0,0,1,1,0,0,0,2026-04-03 20:35:30.540773,CLM025362,No override recorded,No findings
AGENT00509,Ryan Otoole,2006-05-18,6821 Northwest 25th Street,,Bethany,OK,73008,130.0,33.0,0.25384615384615383,R&D Department,Campus C,Development Engineer (Hardware / Software / Mechanical),5,0,3,0,0,0,USA,4,0,0,0,0,0.0,0,1,1,0,0,0,2026-08-24 20:35:30.540804,CLM024275,No override recorded,No findings
AGENT00510,Katherine Williams,2008-11-14,419 Wabasso Avenue,,Louisville,KY,40209,53.0,12.0,0.22641509433962265,Information Technology,Campus A,Enterprise Systems Developer (ERP / CRM / SAP),2,0,2,0,0,1,Morocco,71,21,73,0,0,0.0,0,2,1,0,0,1,2026-04-17 20:35:30.540835,CLM038869,No override recorded,Unsubstantiated
AGENT00511,Delores Scott,1996-12-31,308 Woodleaf Court,,Glen Burnie,MD,21061,52.0,10.0,0.19230769230769232,Executive Management,Campus C,Chief Operating Officer (COO),27,0,4,0,0,0,France,1,0,0,0,0,0.0,0,1,1,0,0,0,2026-08-09 20:35:30.540867,CLM042657,No override recorded,No findings
AGENT00512,Patricia Burnett,2012-04-20,11 Pine Point Road,,Duxbury,MA,2332,20.0,6.0,0.3,R&D Department,Campus A,Integration and Testing Engineer,1,1,2,1,0,0,Israel,0,0,111,1,0,0.0,0,0,0,0,0,1,2026-08-10 20:35:30.540900,CLM024941,Unscheduled record access,Under investigation
AGENT00513,Thomas Freeman,2007-07-15,1902 6th Street Northwest,,Washington,DC,20001,109.0,34.0,0.3119266055045872,Engineering Department,Campus B,Secretary,16,1,2,1,0,1,Russia,0,0,35,0,0,0.0,0,1,1,0,0,0,2026-05-26 20:35:30.540932,CLM000778,No override recorded,Unsubstantiated
AGENT00514,Isaura Cole,2011-07-07,6800 West Bell Road,,Glendale,AZ,85308,88.0,25.0,0.2840909090909091,Operations and Manufacturing,Campus C,Logistics Manager,5,0,1,1,0,0,Ukraine,3,0,0,0,0,0.0,0,2,1,0,1,0,2026-08-23 20:35:30.540965,CLM009072,No override recorded,No findings
AGENT00515,Janelle Hill,2004-09-30,2787 West Blackstone Crossing,,Fayetteville,AR,72704,1.0,0.0,0.0,Operations and Manufacturing,Campus A,Manufacturing Engineer,7,1,2,0,0,0,China,55,0,0,0,0,0.0,0,2,1,0,0,0,2026-04-20 20:35:30.540996,CLM022027,Approved above authority limit,No findings
AGENT00516,Jose Wood,2012-09-12,159 North Pawlet Road,,Pawlet,VT,5761,1.0,1.0,1.0,Operations and Manufacturing,Campus C,Warehouse Manager,16,0,3,1,0,0,Morocco,0,0,0,0,1,7.0,0,0,0,0,0,0,2026-03-21 20:35:30.541057,CLM049488,No override recorded,No findings
AGENT00517,Betty Henderson,2010-06-29,578 Vermont 30,,Newfane,VT,5345,26.0,6.0,0.23076923076923078,Operations and Manufacturing,Campus A,Manufacturing Engineer,22,0,2,0,0,0,Canada,21,0,0,0,0,0.0,0,0,0,0,0,0,2026-04-18 20:35:30.541095,CLM015296,No override recorded,No findings
AGENT00518,Carl Heck,2017-03-17,7 Oliver Street,#2,Athol,MA,1331,78.0,17.0,0.21794871794871795,Project Management,Campus A,Project Manager,5,0,1,1,0,0,Argentina,23,0,0,0,0,0.0,0,0,0,0,0,0,2026-05-29 20:35:30.541131,CLM003742,No override recorded,Unsubstantiated
AGENT00519,William Clark,2016-07-07,2375 Main Street,B,Palmer,MA,1069,150.0,35.0,0.23333333333333334,Operations and Manufacturing,Campus C,Operations Manager,15,0,2,0,0,0,Israel,0,0,0,0,0,0.0,0,2,1,0,0,0,2026-04-22 20:35:30.541183,CLM031478,No override recorded,No findings
AGENT00520,Geraldine Ritter,2008-08-14,14525 South Brent Drive,,Oklahoma City,OK,73170,7.0,2.0,0.2857142857142857,Project Management,Campus A,Secretary,3,0,2,0,0,0,Israel,84,0,0,0,0,0.0,0,0,0,0,0,1,2026-07-11 20:35:30.541217,CLM013114,Approved above authority limit,Under investigation
AGENT00521,Sarah Gabriel,2001-11-05,82 East Foster Street,#2,Melrose,MA,2176,39.0,11.0,0.28205128205128205,Engineering Department,Campus A,Test Engineer,21,1,3,0,0,0,Israel,0,0,8,0,0,0.0,0,1,1,0,0,0,2026-04-12 20:35:30.541250,CLM020818,No override recorded,Unsubstantiated
AGENT00522,Dexter Herman,2002-02-17,12371 Atlanta Highway,,Montgomery,AL,36117,21.0,4.0,0.19047619047619047,R&D Department,Campus A,Head of R&D,21,0,2,1,0,0,Israel,0,0,3,0,0,0.0,0,0,0,0,0,0,2026-04-05 20:35:30.541285,CLM046579,No override recorded,No findings
AGENT00523,Sandra Lemieux,1998-07-05,15267 Hesperian Boulevard,#32,San Leandro,CA,94578,139.0,30.0,0.2158273381294964,Operations and Manufacturing,Campus C,Manufacturing Engineer,19,0,2,0,0,0,Canada,5,0,0,0,0,0.0,0,0,0,0,0,0,2026-09-10 20:35:30.541319,CLM005462,No override recorded,No findings
AGENT00524,Sylvia Bapties,1990-10-12,1061 Sumatra Street,,Hayward,CA,94544,68.0,15.0,0.22058823529411764,Information Technology,Campus C,Data Scientist,25,0,1,0,0,0,Israel,7,0,3,0,0,0.0,0,1,1,0,0,0,2026-06-11 20:35:30.541363,CLM009314,No override recorded,No findings
AGENT00525,Don Ritchie,1992-07-13,6420 Via Baron,,Rancho Palos Verdes,CA,90275,75.0,24.0,0.32,R&D Department,Campus A,Integration and Testing Engineer,23,0,2,1,0,1,Israel,0,0,0,0,0,0.0,0,4,1,0,0,1,2026-05-08 20:35:30.541397,CLM010244,Bypassed secondary verification,Confirmed - insider risk
AGENT00526,Doris Aragon,2004-11-14,34 Harris Street,#6,Brookline,MA,2446,25.0,8.0,0.32,Operations and Manufacturing,Campus B,Secretary,13,0,1,1,0,0,Argentina,48,0,0,0,0,0.0,0,1,1,0,0,0,2026-08-26 20:35:30.541428,CLM032412,No override recorded,No findings
AGENT00527,Ian Garrett,2005-05-13,14 Tranquil Place,,Pooler,GA,31322,19.0,3.0,0.15789473684210525,Human Resources,Campus B,HR Manager,8,0,1,1,0,1,Israel,9,0,0,0,0,0.0,0,1,1,0,0,0,2026-06-08 20:35:30.541461,CLM012185,Approved above authority limit,No findings
AGENT00528,Victoria Miles,1999-08-02,202 Pepperbush Road,,Louisville,KY,40207,9.0,2.0,0.2222222222222222,Finance,Campus A,Budget Manager,20,0,2,0,0,0,Israel,29,0,0,0,0,0.0,0,2,1,0,0,0,2026-09-11 20:35:30.541494,CLM042612,No override recorded,No findings
AGENT00529,David Fitzpatrick,1990-09-02,1403 Lincoln Street,,Savannah,GA,31401,3.0,0.0,0.0,R&D Department,Campus A,Systems Engineer,22,0,3,0,0,0,Morocco,0,0,3,0,0,0.0,0,1,1,0,0,0,2026-08-23 20:35:30.541526,CLM040209,No override recorded,No findings
AGENT00530,Richard Schexnayder,2014-04-23,260 Rio Del Mar Boulevard,##14,Aptos,CA,95003,71.0,20.0,0.28169014084507044,Human Resources,Campus A,Training Coordinator,24,0,1,0,0,0,Israel,56,0,0,0,0,0.0,0,0,0,0,0,0,2026-05-23 20:35:30.541556,CLM044876,No override recorded,Unsubstantiated
AGENT00531,Tara Walling,2017-06-21,706 James Road,,Glen Burnie,MD,21061,73.0,16.0,0.2191780821917808,Engineering Department,Campus A,Process Engineer,19,0,2,0,0,1,China,0,0,0,0,0,0.0,0,2,2,0,1,1,2026-09-17 20:35:30.541588,CLM009776,Bypassed secondary verification,Confirmed - insider risk
AGENT00532,John Lester,2017-11-21,1275 South Holland Drive,,Fayetteville,AR,72704,341.0,80.0,0.23460410557184752,R&D Department,Campus A,Secretary,14,0,2,0,0,0,Israel,3,0,0,0,0,0.0,0,1,1,0,0,0,2026-09-02 20:35:30.541620,CLM018076,No override recorded,No findings
AGENT00533,Barbara Rentz,2012-09-10,1330 West 82nd Avenue,,Anchorage,AK,99518,242.0,52.0,0.21487603305785125,Operations and Manufacturing,Campus C,Operations Manager,21,0,1,0,1,0,Israel,0,0,0,0,0,0.0,0,2,1,0,0,0,2026-05-10 20:35:30.541653,CLM021181,No override recorded,No findings
AGENT00534,Richard Sheehan,1992-04-07,1317 Allison Street Northeast,,Washington,DC,20017,29.0,3.0,0.10344827586206896,Engineering Department,Campus A,Design Engineer,5,0,2,0,0,1,Ukraine,1,0,0,0,0,0.0,0,0,0,0,0,0,2026-04-14 20:35:30.541685,CLM007914,No override recorded,No findings
AGENT00535,William Defalco,2009-05-03,501 West Maple Street,#203,Fayetteville,AR,72701,57.0,8.0,0.14035087719298245,Operations and Manufacturing,Campus C,Manufacturing Engineer,13,0,3,0,0,1,Russia,2,0,0,0,0,0.0,0,2,1,0,0,0,2026-07-10 20:35:30.541716,CLM023331,No override recorded,Unsubstantiated
AGENT00536,Florence Ashlock,1997-11-19,6605 North 93RD Avenue,#1016,Glendale,AZ,85305,121.0,41.0,0.33884297520661155,Finance,Campus A,Budget Manager,10,1,3,1,0,0,India,17,0,0,0,0,0.0,0,0,0,0,0,0,2026-06-16 20:35:30.541748,CLM027993,No override recorded,No findings
AGENT00537,Jaime Villanueva,2011-02-06,4922 West Cholla Street,,Glendale,AZ,85304,68.0,22.0,0.3235294117647059,Operations and Manufacturing,Campus B,Warehouse Manager,10,1,1,0,0,0,Israel,18,0,0,0,0,0.0,0,0,0,0,0,0,2026-05-09 20:35:30.541780,CLM027386,Approved above authority limit,No findings
AGENT00538,Gerald Kolmer,2002-12-11,109 Summit Street,,Burlington,VT,5401,8.0,3.0,0.375,Engineering Department,Campus C,Design Engineer,21,0,2,1,0,0,USA,0,0,3,0,0,0.0,0,0,0,0,0,1,2026-07-07 20:35:30.541812,CLM040094,Bypassed secondary verification,Under investigation
AGENT00539,Bryan Mccurdy,1996-08-24,222 Plymouth Street,A,Middleborough,MA,2346,25.0,5.0,0.2,Marketing and Business Development,Campus B,Secretary,9,1,1,0,0,0,Israel,4,0,16,0,0,0.0,0,0,0,0,0,0,2026-08-05 20:35:30.541844,CLM027288,No override recorded,No findings
AGENT00540,William Harper,2003-12-28,1352 Purdue Street,,San Leandro,CA,94579,5.0,1.0,0.2,Engineering Department,Campus A,Process Engineer,8,0,2,1,0,0,Israel,0,0,30,0,0,0.0,0,1,1,0,0,0,2026-08-23 20:35:30.541877,CLM042849,No override recorded,No findings
AGENT00541,Travis Velasco,2000-07-08,2944 Sheldon Jackson Street,,Anchorage,AK,99508,122.0,29.0,0.23770491803278687,Human Resources,Campus A,HR Manager,17,0,2,0,0,0,Israel,15,0,0,0,0,0.0,0,2,1,0,0,0,2026-08-01 20:35:30.541912,CLM013928,No override recorded,No findings
AGENT00542,Andrew Tomczak,2015-06-30,2927 Martin Luther King Junior Avenue Southeast,,Washington,DC,20020,43.0,16.0,0.37209302325581395,Marketing and Business Development,Campus A,Business Development Manager,19,0,1,0,0,0,Israel,93,0,0,0,0,0.0,0,1,1,0,1,1,2026-04-21 20:35:30.541944,CLM037100,Bypassed secondary verification,Under investigation
AGENT00543,Lucia Holt,1991-08-13,2362 Acushnet Avenue,,New Bedford,MA,2745,16.0,4.0,0.25,Operations and Manufacturing,Campus C,Manufacturing Engineer,22,0,2,0,0,0,USA,11,0,0,0,0,0.0,0,1,1,0,0,0,2026-08-25 20:35:30.541974,CLM034621,Approved above authority limit,No findings
AGENT00544,Virginia Baker,2014-03-02,2811 Battery Place Northwest,,Washington,DC,20016,44.0,11.0,0.25,R&D Department,Campus C,Systems Engineer,0,0,3,0,0,0,Israel,0,0,39,0,0,0.0,0,0,0,0,0,0,2026-08-12 20:35:30.542021,CLM009642,No override recorded,Unsubstantiated
AGENT00545,Bruce Weeden,2013-02-08,2170 Benton Boulevard,#2107,Pooler,GA,31322,35.0,6.0,0.17142857142857143,Finance,Campus A,Accountant,23,0,1,0,0,0,Israel,3,0,0,0,0,0.0,0,1,1,0,0,0,2026-06-20 20:35:30.542068,CLM025514,No override recorded,Unsubstantiated
AGENT00546,Charles Wilson,2013-07-03,8505 Waters Avenue,#66,Savannah,GA,31406,20.0,6.0,0.3,Operations and Manufacturing,Campus A,Manufacturing Engineer,7,0,1,0,0,0,France,21,0,10,0,0,0.0,0,1,1,0,0,0,2026-03-29 20:35:30.542104,CLM047388,No override recorded,No findings
AGENT00547,Richard Anderson,2012-12-11,4050 Bryce Road,,Nashville,TN,37211,5.0,0.0,0.0,Information Technology,Campus A,Enterprise Systems Developer (ERP / CRM / SAP),13,0,1,0,0,1,Israel,1,0,37,0,0,0.0,0,1,1,0,0,0,2026-04-27 20:35:30.542137,CLM029955,Approved above authority limit,No findings
AGENT00548,Dorothy Bruce,2016-08-19,6401 Green Meadow Lane,,Oklahoma City,OK,73132,43.0,14.0,0.32558139534883723,Operations and Manufacturing,Campus B,Manufacturing Engineer,17,0,1,0,0,0,USA,27,0,2,0,0,0.0,0,1,1,0,0,0,2026-06-21 20:35:30.542170,CLM034455,No override recorded,No findings
AGENT00549,Anthony Contreras,2015-06-08,4511 Sloat Road,,Fremont,CA,94538,20.0,8.0,0.4,Information Technology,Campus C,Enterprise Systems Developer (ERP / CRM / SAP),0,0,2,0,0,0,Israel,40,0,0,0,0,0.0,0,2,1,0,0,1,2026-06-23 20:35:30.542203,CLM008963,No override recorded,Under investigation
AGENT00550,Oscar Travis,1998-10-05,1772 150th Avenue,,San Leandro,CA,94578,77.0,21.0,0.2727272727272727,Operations and Manufacturing,Campus C,Logistics Manager,16,0,2,0,0,0,Ukraine,20,0,0,0,0,0.0,0,2,1,0,0,0,2026-07-18 20:35:30.542236,CLM002643,No override recorded,No findings
AGENT00551,Rickey Ellis,2004-04-04,628 Ayrlie Water Road,,Gibson Island,MD,21056,26.0,6.0,0.23076923076923078,Operations and Manufacturing,Campus B,Manufacturing Engineer,14,0,2,0,0,0,USA,10,0,0,0,0,0.0,0,0,0,0,0,0,2026-07-17 20:35:30.542267,CLM029694,No override recorded,No findings
AGENT00552,Lauren Kimble,1998-07-29,6534 Benton Circle,,Arvada,CO,80003,83.0,22.0,0.26506024096385544,Marketing and Business Development,Campus B,Secretary,10,0,1,1,0,0,Russia,0,0,0,0,1,9.0,0,0,0,0,0,0,2026-05-19 20:35:30.542299,CLM004396,Approved above authority limit,No findings
AGENT00553,Jerry Clark,1999-11-26,18 Densmore Drive,,Essex,VT,5452,22.0,4.0,0.18181818181818182,Engineering Department,Campus C,Process Engineer,14,0,3,0,0,0,Georgia,0,0,0,0,0,0.0,0,2,1,0,1,0,2026-09-05 20:35:30.542337,CLM037106,No override recorded,No findings
AGENT00554,Daniel Benevides,1991-07-25,120 Wells Avenue,,Glen Burnie,MD,21061,35.0,14.0,0.4,Human Resources,Campus B,Secretary,1,0,1,0,0,0,Germany,1,0,5,0,0,0.0,0,1,1,0,0,0,2026-06-11 20:35:30.542374,CLM014527,No override recorded,No findings
AGENT00555,Dorothy Bedell,2016-05-10,18318 Pioneer Drive,,Anchorage,AK,99577,82.0,18.0,0.21951219512195122,R&D Department,Campus C,Integration and Testing Engineer,17,0,2,0,0,0,Ethiopia,10,0,0,0,0,0.0,0,2,1,0,0,0,2026-03-28 20:35:30.542408,CLM035025,No override recorded,No findings
AGENT00556,Pearl Bowdry,2008-10-05,7573 National Drive,,Livermore,CA,94550,24.0,5.0,0.20833333333333334,Engineering Department,Campus A,Design Engineer,7,0,3,0,0,0,Brazil,0,0,31,0,0,0.0,0,1,1,0,0,0,2026-04-15 20:35:30.542440,CLM039353,No override recorded,No findings
AGENT00557,Martha Terry,2012-03-25,1828 East Parkshore Drive,#8,Fayetteville,AR,72703,6.0,0.0,0.0,Project Management,Campus B,Project Manager,7,1,1,0,0,0,South Africa,63,0,0,0,0,0.0,0,0,0,0,0,0,2026-05-03 20:35:30.542473,CLM012378,No override recorded,No findings
AGENT00558,Cecile Pasceri,1993-04-04,1635 Generals Highway,,Annapolis,MD,21401,1.0,0.0,0.0,Operations and Manufacturing,Campus A,Manufacturing Engineer,24,0,2,0,0,1,Israel,32,0,0,0,0,0.0,0,1,1,0,0,0,2026-04-16 20:35:30.542505,CLM005926,No override recorded,No findings
AGENT00559,Walter Hardesty,2006-02-26,4500 Margalo Avenue,,Bakersfield,CA,93313,58.0,13.0,0.22413793103448276,Marketing and Business Development,Campus C,Bid Coordinator,11,0,1,0,0,0,Israel,5,1,0,0,0,0.0,0,1,1,0,0,0,2026-04-06 20:35:30.542538,CLM028505,No override recorded,No findings
AGENT00560,Delphia Sammarco,2002-06-07,1514 16th Street Southeast,,Washington,DC,20020,44.0,9.0,0.20454545454545456,Information Technology,Campus C,Data Scientist,0,0,3,0,0,0,Israel,5,0,0,0,0,0.0,0,0,0,0,0,0,2026-04-28 20:35:30.542571,CLM004765,No override recorded,No findings
AGENT00561,Julia Constant,2015-08-14,7804 Abercorn Street,#11,Savannah,GA,31406,39.0,13.0,0.3333333333333333,R&D Department,Campus B,Algorithm Engineer,18,0,3,0,1,0,France,0,0,4,0,0,0.0,0,0,0,0,0,0,2026-06-10 20:35:30.542604,CLM004175,No override recorded,No findings
AGENT00562,Steve Gray,2008-11-26,737 Nelson Road,,Ludlow,VT,5149,10.0,3.0,0.3,Finance,Campus B,Secretary,16,0,2,0,0,0,France,45,0,10,0,0,0.0,0,0,0,0,0,0,2026-03-28 20:35:30.542637,CLM002078,No override recorded,No findings
AGENT00563,Arthur Gordon,2001-03-11,922 Judge Court East,,West River,MD,20778,9.0,1.0,0.1111111111111111,Engineering Department,Campus A,Process Engineer,10,0,3,0,0,0,Ethiopia,0,0,39,0,0,0.0,0,0,0,0,0,0,2026-04-01 20:35:30.542669,CLM004799,No override recorded,No findings
AGENT00564,Mary Harris,1991-03-27,1110 Okie Street Northeast,,Washington,DC,20002,0.0,0.0,0.0,R&D Department,Campus C,Head of R&D,19,0,2,0,0,1,Israel,15,0,0,0,0,0.0,0,1,1,0,0,0,2026-07-11 20:35:30.542701,N/A,No override recorded,No findings
AGENT00565,Jonathan Onusko,1997-04-09,3449 Rockway Avenue,,Annapolis,MD,21403,17.0,4.0,0.23529411764705882,Information Technology,Campus B,Enterprise Systems Developer (ERP / CRM / SAP),26,0,1,0,0,0,Russia,15,5,0,0,0,0.0,0,0,0,0,0,0,2026-07-13 20:35:30.542731,CLM011026,No override recorded,No findings
AGENT00566,Paul Ragland,2014-02-05,6315 North Oro Vista Court,,Litchfield Park,AZ,85340,41.0,11.0,0.2682926829268293,R&D Department,Campus C,Secretary,8,1,3,1,1,0,Israel,2,0,0,0,0,0.0,0,1,1,0,0,0,2026-06-17 20:35:30.542763,CLM030918,No override recorded,No findings
AGENT00567,Albert Tardiff,1998-08-30,19404 North 77th Avenue,,Glendale,AZ,85308,19.0,2.0,0.10526315789473684,Finance,Campus C,Accountant,16,0,1,0,0,0,Israel,64,0,0,0,0,0.0,0,0,0,0,0,0,2026-07-28 20:35:30.542796,CLM017424,No override recorded,No findings
AGENT00568,Brian Christensen,2001-01-12,10406 Sunlight Lane,,Louisville,KY,40272,20.0,9.0,0.45,Engineering Department,Campus B,Design Engineer,10,0,2,0,0,0,Russia,0,0,53,0,0,0.0,0,0,0,0,0,1,2026-08-24 20:35:30.542827,CLM038723,Unscheduled record access,Under investigation
AGENT00569,Alvin Herrman,1992-08-05,5434 West Beck Lane,,Glendale,AZ,85306,110.0,27.0,0.24545454545454545,Project Management,Campus C,Secretary,13,0,3,1,0,0,Israel,1,0,0,0,0,0.0,0,2,1,0,0,0,2026-06-03 20:35:30.542860,CLM015716,No override recorded,No findings
AGENT00570,Michael Holbrook,1999-09-12,275 Ridge Lane,#204,Waltham,MA,2452,15.0,1.0,0.06666666666666667,Operations and Manufacturing,Campus A,Warehouse Manager,19,0,1,1,0,0,South Africa,13,0,0,0,0,0.0,0,2,1,0,0,0,2026-06-01 20:35:30.542892,CLM011184,No override recorded,No findings
AGENT00571,Michele Downs,2008-07-07,3302 Woodland Park Drive,#APT 000001,Anchorage,AK,99517,32.0,8.0,0.25,Marketing and Business Development,Campus C,Account Manager,11,0,1,0,0,0,France,16,0,0,0,0,0.0,0,0,0,0,0,1,2026-05-13 20:35:30.542922,CLM024020,Unscheduled record access,Unsubstantiated
AGENT00572,Harriett Williamson,2001-07-05,89 High Ledge Circle,,Manchester,CT,6040,63.0,11.0,0.1746031746031746,R&D Department,Campus A,Integration and Testing Engineer,7,0,2,0,0,0,Iran,7,0,0,0,0,0.0,0,1,1,0,0,0,2026-07-05 20:35:30.542955,CLM017446,No override recorded,Unsubstantiated
AGENT00573,Diane Burge,2013-04-17,108 Springer Lane,,Yarmouth,MA,2673,23.0,6.0,0.2608695652173913,Engineering Department,Campus C,Systems Engineer,26,0,2,0,0,0,Israel,2,0,0,0,0,0.0,0,0,0,0,0,0,2026-05-13 20:35:30.542986,CLM048043,No override recorded,No findings
AGENT00574,Jacqueline Craft,2004-06-06,2349 East Tall Oaks Drive,,Fayetteville,AR,72703,36.0,9.0,0.25,Marketing and Business Development,Campus B,Business Development Manager,10,0,1,0,0,0,Israel,17,6,0,0,0,0.0,0,0,0,0,0,0,2026-04-03 20:35:30.543041,CLM049469,No override recorded,No findings
AGENT00575,Donna Boucher,2015-04-12,95 Middle Turnpike West,F,Manchester,CT,6040,92.0,17.0,0.18478260869565216,Marketing and Business Development,Campus C,Marketing Manager,12,0,1,0,0,1,Israel,4,1,14,0,0,0.0,0,0,0,0,0,0,2026-03-31 20:35:30.543087,CLM008927,No override recorded,No findings
AGENT00576,Bertha Reynolds,2001-08-23,343 Daman Drive,,Montgomery,AL,36108,121.0,28.0,0.23140495867768596,Marketing and Business Development,Campus C,Business Development Manager,7,1,1,0,0,0,Hungary,30,0,0,0,0,0.0,0,1,1,0,0,0,2026-09-06 20:35:30.543127,CLM041842,No override recorded,No findings
AGENT00577,David Magill,2014-07-30,6007 Yarrow Street,H,Arvada,CO,80004,5.0,0.0,0.0,Information Technology,Campus C,BI Developer / Data Analyst,18,0,1,1,0,0,Russia,0,0,35,0,0,0.0,0,1,1,0,0,0,2026-05-27 20:35:30.543162,CLM043702,No override recorded,No findings
AGENT00578,Richard Swinford,1992-04-04,17 Stratfield Avenue,,Westfield,MA,1085,116.0,35.0,0.3017241379310345,Operations and Manufacturing,Campus B,Warehouse Manager,12,1,1,0,0,0,France,80,0,0,0,0,0.0,0,2,1,0,0,0,2026-08-12 20:35:30.543196,CLM015445,No override recorded,No findings
AGENT00579,Lori Peterson,2000-08-24,702 East 53rd Street,,Savannah,GA,31405,23.0,1.0,0.043478260869565216,Engineering Department,Campus A,Systems Engineer,19,0,3,0,0,0,Israel,16,0,31,0,0,0.0,0,0,0,0,0,0,2026-04-20 20:35:30.543229,CLM027727,No override recorded,No findings
AGENT00580,John Hassan,1997-07-05,11330 Elmore Road,,Anchorage,AK,99516,11.0,2.0,0.18181818181818182,Operations and Manufacturing,Campus A,Operations Manager,9,0,1,0,0,0,Georgia,4,0,0,0,0,0.0,0,0,0,0,0,0,2026-08-28 20:35:30.543263,CLM021229,No override recorded,No findings
AGENT00581,Angel Elliott,1998-03-27,49 West Street,,Bolton,VT,5676,30.0,5.0,0.16666666666666666,Information Technology,Campus B,Information Security Specialist,23,0,2,0,0,0,Ukraine,0,0,51,0,0,0.0,0,1,1,0,0,0,2026-09-03 20:35:30.543294,CLM006365,Approved above authority limit,No findings
AGENT00582,Michael Reed,2015-03-12,439 Crestmont Drive,,Oakland,CA,94619,177.0,48.0,0.2711864406779661,Marketing and Business Development,Campus C,Bid Coordinator,13,0,2,1,0,1,Israel,10,0,5,0,0,0.0,0,1,1,0,0,0,2026-03-31 20:35:30.543332,CLM032785,No override recorded,No findings
AGENT00583,Thomas Brauer,2018-04-25,1109 East Glenn Lane,,Fayetteville,AR,72703,33.0,11.0,0.3333333333333333,Security and Information Security,Campus B,Information Security Investigator,7,0,4,0,0,0,Israel,5,0,4,0,0,0.0,0,1,1,0,0,0,2026-04-28 20:35:30.543371,CLM011985,No override recorded,No findings
AGENT00584,William Bassett,2000-12-17,11 Alden Court,,Roseville,CA,95678,20.0,4.0,0.2,Information Technology,Campus A,IT Director,17,0,1,0,0,0,Israel,1,0,36,0,0,0.0,0,2,1,0,0,0,2026-04-13 20:35:30.543405,CLM034683,No override recorded,Unsubstantiated
AGENT00585,Matthew Stepp,2008-08-15,1405 Monroe Street Northeast,,Washington,DC,20017,48.0,12.0,0.25,Finance,Campus A,Finance Manager,17,1,2,0,0,0,Argentina,3,1,0,0,0,0.0,0,0,0,0,0,0,2026-09-07 20:35:30.543438,CLM009261,No override recorded,Unsubstantiated
AGENT00586,Danny Morrison,1991-07-13,5805 Armada Drive,,Carlsbad,CA,92008,11.0,5.0,0.45454545454545453,Operations and Manufacturing,Campus C,Logistics Manager,6,0,1,0,0,0,Ukraine,18,0,0,0,0,0.0,0,0,0,0,0,0,2026-04-07 20:35:30.543470,CLM037040,Approved above authority limit,No findings
AGENT00587,Evelyn Carter,2003-09-06,68 Hampstead Place,,Athol,MA,1331,4.0,3.0,0.75,Engineering Department,Campus A,Systems Engineer,24,0,3,0,0,0,Israel,0,0,7,0,0,0.0,0,1,1,0,0,0,2026-08-30 20:35:30.543502,CLM001996,No override recorded,No findings
AGENT00588,John Travis,2006-10-23,6740 Dickerson Drive,,Anchorage,AK,99504,9.0,3.0,0.3333333333333333,R&D Department,Campus C,Systems Engineer,5,0,2,0,0,0,Israel,1,0,0,0,0,0.0,0,1,1,0,0,0,2026-03-27 20:35:30.543533,CLM046019,No override recorded,Unsubstantiated
AGENT00589,Jeffrey Jackson,2003-11-10,525 Merrill Lane,#308,Dracut,MA,1826,9.0,1.0,0.1111111111111111,Engineering Department,Campus C,Test Engineer,21,0,2,0,0,0,Israel,6,0,36,0,0,0.0,0,1,1,0,0,0,2026-04-29 20:35:30.543566,CLM016045,Approved above authority limit,No findings
AGENT00590,Ronnie Carter,2008-09-05,26 Battery Drive,,Tybee Island,GA,31328,10.0,2.0,0.2,Finance,Campus A,Finance Manager,5,0,1,0,0,0,India,14,0,0,0,0,0.0,0,1,1,0,1,0,2026-07-01 20:35:30.543597,CLM041548,No override recorded,Unsubstantiated
AGENT00591,Jill Noble,2001-12-16,814 Miner Road,,Crownsville,MD,21032,11.0,4.0,0.36363636363636365,Marketing and Business Development,Campus C,Account Manager,11,0,1,0,0,0,France,91,49,0,0,0,0.0,0,1,1,0,0,1,2026-09-09 20:35:30.543628,CLM004848,Unscheduled record access,Confirmed - insider risk
AGENT00592,Sara Ruiz,1991-09-11,6817 Brentwood Street,,Arvada,CO,80004,35.0,9.0,0.2571428571428571,R&D Department,Campus A,Secretary,8,0,2,0,0,1,Israel,1,0,0,0,0,0.0,0,1,1,0,0,0,2026-06-10 20:35:30.543661,CLM017353,No override recorded,No findings
AGENT00593,Jennifer Wright,2006-02-15,6398 Jellison Way,,Arvada,CO,80004,9.0,3.0,0.3333333333333333,Operations and Manufacturing,Campus C,Logistics Manager,16,0,2,0,0,0,Ukraine,4,0,0,0,0,0.0,0,2,1,0,0,0,2026-05-29 20:35:30.543694,CLM016404,Approved above authority limit,No findings
AGENT00594,Susan Russell,2003-09-15,6214 Herzog Street,,Oakland,CA,94608,19.0,7.0,0.3684210526315789,Engineering Department,Campus A,Design Engineer,11,0,3,0,0,0,Russia,0,0,0,0,0,0.0,0,2,1,0,0,0,2026-09-11 20:35:30.543727,CLM019764,No override recorded,Unsubstantiated
AGENT00595,Patricia Taylor,2006-02-15,514 Flower Lane,,Alameda,CA,94502,104.0,25.0,0.2403846153846154,Operations and Manufacturing,Campus C,Procurement Officer,24,0,1,0,0,1,Israel,0,0,0,0,0,0.0,0,1,1,0,0,0,2026-07-14 20:35:30.543760,CLM041536,No override recorded,No findings
AGENT00596,Robert Janus,2016-01-02,417 R Street Northwest,,Washington,DC,20001,28.0,7.0,0.25,Operations and Manufacturing,Campus B,Procurement Officer,0,0,2,0,0,0,Israel,0,0,0,0,1,14.0,0,0,0,0,0,0,2026-08-19 20:35:30.543793,CLM028202,No override recorded,No findings
AGENT00597,Loretta Branson,2014-07-01,6385 Oak Street,#101,Arvada,CO,80004,43.0,7.0,0.16279069767441862,Finance,Campus A,Budget Manager,17,0,2,0,0,0,Russia,0,0,6,0,0,0.0,0,1,1,0,0,0,2026-03-25 20:35:30.543827,CLM049584,No override recorded,No findings
AGENT00598,Alicia Workman,2002-06-16,16133 Hillsborough Boulevard,,Port Charlotte,FL,33954,9.0,3.0,0.3333333333333333,Marketing and Business Development,Campus C,Secretary,8,0,1,1,0,0,Israel,8,1,0,0,0,0.0,0,1,1,0,0,0,2026-05-27 20:35:30.543859,CLM018592,No override recorded,No findings
AGENT00599,James Miller,2015-01-26,756 Neponset Street,,Norwood,MA,2062,10.0,3.0,0.3,R&D Department,Campus C,Algorithm Engineer,5,0,3,1,0,0,Ukraine,8,1,0,0,0,0.0,0,1,1,0,0,0,2026-08-30 20:35:30.543891,CLM020059,No override recorded,No findings
AGENT00600,Ray Kutz,2003-11-11,6140 Fenton Street,,Arvada,CO,80003,1.0,0.0,0.0,Finance,Campus C,Accountant,18,0,1,0,0,0,Israel,12,0,9,0,0,0.0,0,1,1,0,0,0,2026-03-23 20:35:30.543923,CLM018289,No override recorded,No findings
AGENT00601,Evelyn Bacot,1994-10-04,4714 Narrow Lane Road,,Montgomery,AL,36116,8.0,3.0,0.375,Engineering Department,Campus C,Head of Engineering,22,0,3,0,0,0,Israel,105,0,70,0,0,0.0,0,0,0,0,0,0,2026-05-08 20:35:30.543954,CLM036219,No override recorded,No findings
AGENT00602,Brandi Twitchell,1992-01-09,2032 Gorgas Street,,Montgomery,AL,36106,15.0,3.0,0.2,Operations and Manufacturing,Campus C,Logistics Manager,5,0,1,1,0,0,Ukraine,3,0,0,0,0,0.0,0,0,0,0,0,0,2026-06-25 20:35:30.543987,CLM027016,No override recorded,No findings
AGENT00603,Eleanor Timko,1993-09-27,1636 Briarview Court,,Severn,MD,21144,6.0,1.0,0.16666666666666666,Operations and Manufacturing,Campus A,Manufacturing Engineer,25,0,2,0,0,0,Israel,22,0,0,0,0,0.0,0,2,1,0,0,0,2026-08-15 20:35:30.544043,CLM049410,No override recorded,Unsubstantiated
AGENT00604,Thelma Salinas,2014-03-26,189 Danforth Street,,Framingham,MA,1701,1.0,0.0,0.0,Project Management,Campus B,Project Coordinator,10,0,2,0,0,0,Israel,22,0,0,0,0,0.0,0,2,1,0,0,0,2026-04-12 20:35:30.544089,CLM014689,No override recorded,No findings
AGENT00605,Frances Smith,1999-02-15,2140 East 56th Avenue,#APT 11,Anchorage,AK,99507,3.0,1.0,0.3333333333333333,R&D Department,Campus C,Head of R&D,11,0,2,0,0,0,India,0,0,36,0,0,0.0,0,1,1,0,0,0,2026-05-17 20:35:30.544127,CLM004975,No override recorded,No findings
AGENT00606,Jamie Collins,2000-08-30,21402 Caribbean Lane,,Panama City Beach,FL,32413,35.0,9.0,0.2571428571428571,Information Technology,Campus C,Enterprise Systems Developer (ERP / CRM / SAP),11,0,1,0,0,0,Israel,2,0,5,0,0,0.0,0,0,0,0,0,0,2026-07-12 20:35:30.544162,CLM037505,Approved above authority limit,No findings
AGENT00607,Joyce Bumgardner,2005-04-19,4001 Teton Lane,,Norman,OK,73072,12.0,3.0,0.25,Operations and Manufacturing,Campus A,Warehouse Manager,7,0,1,0,0,0,UK,22,0,0,0,0,0.0,0,0,0,0,0,0,2026-05-15 20:35:30.544197,CLM006145,No override recorded,No findings
AGENT00608,Renee Zaldana,2015-02-24,61 Callahan Way,#B4,Mammoth Lakes,CA,93546,16.0,5.0,0.3125,Operations and Manufacturing,Campus A,Secretary,14,0,1,0,0,1,Tunisia,16,0,0,0,0,0.0,0,0,0,0,0,0,2026-05-05 20:35:30.544233,CLM032108,No override recorded,No findings
AGENT00609,Mathew Prater,1993-09-17,265 Slater Street,#122,Manchester,CT,6042,25.0,7.0,0.28,Information Technology,Campus A,IT Director,29,0,1,0,0,0,Argentina,0,0,51,0,0,0.0,0,2,1,0,0,0,2026-08-25 20:35:30.544266,CLM027078,No override recorded,No findings
AGENT00610,Gene Duarte,1991-09-03,707 Pinkston Street,,Montgomery,AL,36109,56.0,16.0,0.2857142857142857,Operations and Manufacturing,Campus C,Secretary,13,0,1,0,0,0,Ethiopia,8,2,0,0,0,0.0,0,2,1,0,0,0,2026-08-10 20:35:30.544300,CLM021114,No override recorded,No findings
AGENT00611,Michael Olson,2008-03-13,6413 Kendall Street,,Arvada,CO,80003,2.0,1.0,0.5,Executive Management,Campus B,Chief Marketing and Business Development Officer,9,0,3,0,0,0,Israel,23,0,0,0,0,0.0,0,1,1,0,0,0,2026-05-06 20:35:30.544368,CLM032380,No override recorded,No findings
AGENT00612,Susan Mincey,1998-02-17,8526 Preston Highway,,Louisville,KY,40219,68.0,20.0,0.29411764705882354,Engineering Department,Campus C,Process Engineer,21,0,2,0,1,0,Ukraine,12,3,0,0,0,0.0,0,0,0,0,0,0,2026-04-18 20:35:30.544409,CLM034958,No override recorded,No findings
AGENT00613,Samuel Keppler,1998-07-03,126 Garth Road,,Manchester,CT,6040,46.0,8.0,0.17391304347826086,Operations and Manufacturing,Campus C,Operations Manager,21,0,1,0,1,0,Israel,8,0,0,0,0,0.0,0,0,0,0,0,0,2026-06-07 20:35:30.544447,CLM036846,No override recorded,No findings
AGENT00614,Scott Leist,2006-06-13,2212 Daffin Drive,,Savannah,GA,31404,6.0,1.0,0.16666666666666666,Engineering Department,Campus B,Head of Engineering,9,0,2,0,0,0,Ukraine,6,1,0,0,0,0.0,0,0,0,0,0,0,2026-04-26 20:35:30.544480,CLM008672,No override recorded,No findings
AGENT00615,Kira Bilodeau,1998-01-24,8390 Alkire Street,,Arvada,CO,80005,87.0,23.0,0.26436781609195403,Information Technology,Campus C,Systems and Network Administrator,15,0,1,0,0,1,Ukraine,0,0,46,0,0,0.0,0,2,1,0,0,0,2026-04-16 20:35:30.544514,CLM039403,No override recorded,No findings
AGENT00616,Dave Mitchelle,2014-01-14,1720 Quacco Road,A,Pooler,GA,31322,104.0,22.0,0.21153846153846154,Marketing and Business Development,Campus B,Business Development Manager,10,0,1,0,0,0,Israel,23,0,0,0,0,0.0,0,1,1,0,0,0,2026-05-08 20:35:30.544547,CLM042514,No override recorded,No findings
AGENT00617,Michael Brim,2001-11-28,812 Southwest 151st Street,,Oklahoma City,OK,73170,2.0,0.0,0.0,Marketing and Business Development,Campus A,Marketing Manager,9,0,2,0,0,0,Israel,46,0,0,0,0,0.0,0,2,1,0,0,0,2026-09-03 20:35:30.544580,CLM047142,No override recorded,No findings
AGENT00618,David Carr,2006-09-10,2375 Main Street,B,Palmer,MA,1069,11.0,4.0,0.36363636363636365,R&D Department,Campus A,Integration and Testing Engineer,26,0,3,0,0,0,China,37,21,0,0,0,0.0,0,1,1,0,0,1,2026-04-03 20:35:30.544613,CLM009149,Unscheduled record access,Under investigation
AGENT00619,Billie Barefield,2011-06-24,1318 22nd Street Northwest,,Washington,DC,20037,67.0,23.0,0.34328358208955223,Information Technology,Campus B,BI Developer / Data Analyst,25,0,1,0,0,0,Israel,71,0,118,0,0,0.0,0,2,1,0,1,1,2026-08-28 20:35:30.544644,CLM020837,Approved above authority limit,Confirmed - insider risk
AGENT00620,Bobbie Burwell,2007-04-17,6820 West 84th Circle,#27,Arvada,CO,80003,52.0,9.0,0.17307692307692307,Information Technology,Campus A,Secretary,1,0,2,0,0,0,Israel,0,0,45,0,0,0.0,0,1,1,0,0,0,2026-05-13 20:35:30.544675,CLM015692,No override recorded,No findings
AGENT00621,Richard Murphy,1990-11-06,343 Daman Drive,,Montgomery,AL,36108,3.0,1.0,0.3333333333333333,Project Management,Campus A,Secretary,16,0,1,0,0,0,Brazil,6,2,0,0,0,0.0,0,1,1,0,0,0,2026-04-03 20:35:30.544705,CLM009762,No override recorded,No findings
AGENT00622,Roscoe Wooden,2015-01-04,743 East 9th Avenue,#STE 000200,Anchorage,AK,99501,12.0,5.0,0.4166666666666667,Human Resources,Campus B,Secretary,1,0,1,0,0,0,Germany,5,0,0,0,0,0.0,0,1,1,0,0,0,2026-04-07 20:35:30.544735,CLM013331,Approved above authority limit,Unsubstantiated
AGENT00623,William Crume,1993-01-23,14505 Landis Villa Drive,,Louisville,KY,40245,16.0,5.0,0.3125,R&D Department,Campus C,Algorithm Engineer,1,0,2,0,0,0,Israel,0,0,123,0,0,0.0,0,1,1,0,1,1,2026-08-20 20:35:30.544766,CLM042174,Bypassed secondary verification,Under investigation
AGENT00624,Stacey Louis,2007-05-17,312 Shepherd Hills Drive,,Nashville,TN,37115,23.0,7.0,0.30434782608695654,Operations and Manufacturing,Campus B,Secretary,13,0,1,1,0,0,Argentina,31,0,0,0,0,0.0,0,2,1,0,0,0,2026-07-13 20:35:30.544797,CLM022274,Approved above authority limit,Unsubstantiated
AGENT00625,Mary Vick,1995-05-24,31130 Meadowbrook Avenue,,Hayward,CA,94544,33.0,6.0,0.18181818181818182,R&D Department,Campus C,Head of R&D,11,0,2,0,0,0,India,0,0,30,0,0,0.0,0,1,1,0,0,0,2026-04-19 20:35:30.544828,CLM009428,No override recorded,No findings
AGENT00626,Wayne Rios,2001-07-07,6108 Iris Way,,Arvada,CO,80004,19.0,2.0,0.10526315789473684,R&D Department,Campus B,Head of R&D,17,0,2,0,0,0,Russia,9,1,0,0,0,0.0,0,0,0,0,0,0,2026-09-01 20:35:30.544861,CLM011912,No override recorded,No findings
AGENT00627,Lori Rutledge,2011-07-31,55 Sunrise Avenue,,Moretown,VT,5660,18.0,4.0,0.2222222222222222,R&D Department,Campus C,Development Engineer (Hardware / Software / Mechanical),26,0,2,0,0,0,Hungary,0,0,27,0,0,0.0,0,1,1,0,0,0,2026-09-04 20:35:30.544892,CLM023986,No override recorded,No findings
AGENT00628,Marsha Kingsley,2015-05-05,1504 East 55th Street,,Savannah,GA,31404,64.0,11.0,0.171875,Project Management,Campus C,Project Coordinator,7,0,1,1,0,1,Germany,10,0,0,0,0,0.0,0,2,1,0,1,0,2026-05-06 20:35:30.544924,CLM014329,No override recorded,No findings
AGENT00629,Brandy Fuentez,2004-11-27,269 Park Street,#1,North Reading,MA,1864,0.0,0.0,0.0,Finance,Campus C,Budget Manager,15,0,3,0,1,0,India,12,0,0,0,0,0.0,0,1,1,0,0,0,2026-07-08 20:35:30.544955,N/A,No override recorded,No findings
AGENT00630,Myrtle Mackie,2014-04-20,17 Gregory Street,,Middleton,MA,1949,14.0,2.0,0.14285714285714285,R&D Department,Campus A,Algorithm Engineer,9,0,2,0,0,1,Israel,1,0,52,0,0,0.0,0,1,1,0,0,0,2026-08-24 20:35:30.544986,CLM007912,No override recorded,No findings
AGENT00631,Ashley Baird,2000-01-06,5908 Sedberry Road,,Nashville,TN,37205,41.0,6.0,0.14634146341463414,Information Technology,Campus C,IT Director,29,0,1,0,0,1,Israel,10,0,0,0,0,0.0,0,0,0,0,0,0,2026-06-02 20:35:30.545044,CLM031027,No override recorded,Unsubstantiated
AGENT00632,Caitlin Campbell,2012-10-13,615 Sand Road,,Severn,MD,21144,75.0,23.0,0.30666666666666664,Operations and Manufacturing,Campus B,Procurement Officer,23,0,1,0,0,1,Israel,6,0,0,0,0,0.0,0,1,1,0,0,1,2026-05-14 20:35:30.545090,CLM027448,Unscheduled record access,Under investigation
AGENT00633,Clarence Mcclendon,2016-09-18,129 Glen Street,,West Brattleboro,VT,5301,34.0,7.0,0.20588235294117646,Marketing and Business Development,Campus C,Bid Coordinator,10,0,1,1,0,0,Ukraine,0,0,24,0,0,0.0,0,2,1,0,0,0,2026-06-17 20:35:30.545129,CLM020126,No override recorded,Unsubstantiated
AGENT00634,Constance Padel,2012-03-24,7230 Montagne Circle,,Anchorage,AK,99507,27.0,8.0,0.2962962962962963,R&D Department,Campus B,Systems Engineer,2,0,3,1,0,0,South Africa,7,0,32,0,0,0.0,0,1,1,0,0,0,2026-06-30 20:35:30.545165,CLM022203,No override recorded,No findings
AGENT00635,Allison Bailey,2008-02-12,3605 Normandy Place South,,Nashville,TN,37209,8.0,2.0,0.25,Marketing and Business Development,Campus B,Bid Coordinator,24,0,1,0,0,0,India,108,0,0,0,0,0.0,0,2,2,0,0,1,2026-05-03 20:35:30.545200,CLM037663,Approved above authority limit,Under investigation
AGENT00636,Brenda Bean,2010-01-19,120 Wells Avenue,,Glen Burnie,MD,21061,30.0,12.0,0.4,Information Technology,Campus B,Data Scientist,14,0,2,0,0,0,Ukraine,24,14,122,0,0,0.0,0,1,1,0,0,1,2026-08-13 20:35:30.545233,CLM010783,Unscheduled record access,Confirmed - insider risk
AGENT00637,Martha Dunne,2005-08-21,8293 Grayson Grove,,Montgomery,AL,36117,33.0,8.0,0.24242424242424243,Information Technology,Campus C,Enterprise Systems Developer (ERP / CRM / SAP),9,0,1,0,0,0,Israel,2,0,0,0,0,0.0,0,0,0,0,0,0,2026-06-05 20:35:30.545265,CLM048791,No override recorded,No findings
AGENT00638,Kathryn Mckee,2009-02-27,433 Keith Street,,Norman,OK,73071,11.0,3.0,0.2727272727272727,Operations and Manufacturing,Campus C,Secretary,13,0,1,0,0,0,Ethiopia,19,0,0,0,0,0.0,0,1,1,0,0,0,2026-07-11 20:35:30.545298,CLM032801,No override recorded,No findings
AGENT00639,Shelby Richards,1995-03-01,35 Pilgrim Lane,,Manchester,CT,6040,19.0,4.0,0.21052631578947367,Project Management,Campus B,Secretary,16,0,2,1,0,0,Ukraine,69,0,0,0,0,0.0,0,0,0,0,0,0,2026-08-10 20:35:30.545337,CLM008610,No override recorded,No findings
AGENT00640,Mary Woods,2017-09-09,6208 Ingalls Street,,Arvada,CO,80003,20.0,4.0,0.2,Operations and Manufacturing,Campus C,Logistics Manager,8,1,2,0,0,0,France,23,0,0,0,0,0.0,0,1,1,0,0,0,2026-06-03 20:35:30.545376,CLM043807,No override recorded,No findings
AGENT00641,Tom Lee,2014-09-10,20251 North 75th Avenue,#1046,Glendale,AZ,85308,1.0,0.0,0.0,Human Resources,Campus A,Secretary,6,0,2,0,1,0,Israel,15,0,0,0,0,0.0,0,0,0,0,0,0,2026-06-08 20:35:30.545411,CLM029375,No override recorded,No findings
AGENT00642,Toni Singh,1998-10-03,82 Linnmore Drive,,Manchester,CT,6040,8.0,3.0,0.375,R&D Department,Campus C,Systems Engineer,1,0,3,0,0,0,Canada,0,0,102,0,0,0.0,0,0,0,0,0,1,2026-09-06 20:35:30.545445,CLM027983,No override recorded,Under investigation
AGENT00643,Alicia Richards,2017-07-02,13531 West 72nd Drive,,Arvada,CO,80005,8.0,4.0,0.5,Information Technology,Campus A,Enterprise Systems Developer (ERP / CRM / SAP),15,1,2,0,0,0,Ethiopia,9,0,35,0,0,0.0,0,2,1,0,1,0,2026-03-22 20:35:30.545478,CLM036949,No override recorded,No findings
AGENT00644,James Castlen,1995-03-09,3142 West Finger Road,,Fayetteville,AR,72701,19.0,6.0,0.3157894736842105,R&D Department,Campus C,Algorithm Engineer,7,0,3,0,0,0,Israel,0,0,37,0,0,0.0,0,1,1,0,0,0,2026-06-22 20:35:30.545509,CLM008185,No override recorded,No findings
AGENT00645,Anthony Joshi,2011-03-12,780 South Wilmington Avenue,#107,Fayetteville,AR,72701,6.0,2.0,0.3333333333333333,Security and Information Security,Campus C,Security Officer,4,1,3,0,0,0,Israel,0,0,0,0,1,2.0,0,0,0,0,0,0,2026-08-16 20:35:30.545540,CLM032666,Approved above authority limit,Unsubstantiated
AGENT00646,Emma Tubbs,2000-07-19,8757 Lamar Circle,,Arvada,CO,80003,77.0,22.0,0.2857142857142857,Information Technology,Campus C,Systems and Network Administrator,15,0,1,0,0,1,Ukraine,0,0,46,0,0,0.0,0,2,1,0,0,0,2026-04-07 20:35:30.545572,CLM006675,No override recorded,No findings
AGENT00647,Jefferson Tadlock,2006-07-19,16 Clark Street,,,VT,5150,37.0,5.0,0.13513513513513514,Marketing and Business Development,Campus A,Account Manager,7,0,1,1,0,0,Israel,41,13,0,0,0,0.0,0,1,1,0,0,0,2026-06-09 20:35:30.545603,CLM011155,No override recorded,No findings
AGENT00648,Melody Koontz,2016-08-08,903 Burton Avenue,,Louisville,KY,40208,54.0,8.0,0.14814814814814814,Operations and Manufacturing,Campus A,Manufacturing Engineer,25,0,1,0,0,0,Israel,16,4,0,0,0,0.0,0,0,0,0,0,0,2026-07-04 20:35:30.545632,CLM030055,No override recorded,No findings
AGENT00649,Maria Briggs,2004-06-09,8 Chestnut Street,,Winchester,MA,1890,54.0,14.0,0.25925925925925924,R&D Department,Campus B,Secretary,13,0,2,0,0,0,Israel,0,0,34,0,0,0.0,0,2,1,0,1,0,2026-05-02 20:35:30.545662,CLM025068,No override recorded,Unsubstantiated
AGENT00650,Marvin Robinson,2010-01-04,2014 Clemens Road,,Oakland,CA,94602,34.0,9.0,0.2647058823529412,R&D Department,Campus C,Head of R&D,15,1,2,0,0,0,Israel,0,0,35,0,0,0.0,0,0,0,0,0,0,2026-07-26 20:35:30.545693,CLM036051,No override recorded,No findings
AGENT00651,Ernestine Baxter,2012-02-08,125 13th Street Northeast,,Washington,DC,20002,3.0,1.0,0.3333333333333333,R&D Department,Campus C,Algorithm Engineer,5,0,3,1,0,0,Ukraine,8,1,0,0,0,0.0,0,1,1,0,0,0,2026-04-02 20:35:30.545723,CLM027032,No override recorded,No findings
AGENT00652,Emily Kilgore,2015-07-05,10 Dalry Lane,,Savannah,GA,31419,28.0,4.0,0.14285714285714285,Project Management,Campus B,Project Manager,14,1,1,0,0,0,Israel,12,0,0,0,0,0.0,0,0,0,0,0,0,2026-03-22 20:35:30.545755,CLM032613,Approved above authority limit,No findings
AGENT00653,William Stewart,1995-06-21,5813 Hammermill Loop,,Montgomery,AL,36116,40.0,8.0,0.2,Marketing and Business Development,Campus B,Marketing Manager,14,0,1,0,0,1,France,1,0,0,0,0,0.0,0,1,1,0,0,0,2026-07-28 20:35:30.545786,CLM011378,No override recorded,No findings
AGENT00654,Dominique Touhey,2015-10-28,7728 Twin Oaks Road,,Severn,MD,21144,57.0,12.0,0.21052631578947367,Operations and Manufacturing,Campus C,Logistics Manager,16,0,1,0,0,0,France,107,0,0,0,0,0.0,0,2,1,0,0,1,2026-06-04 20:35:30.545818,CLM006530,No override recorded,Confirmed - insider risk
AGENT00655,Jason Davis,2007-08-28,23 Cove Drive,,Savannah,GA,31419,15.0,5.0,0.3333333333333333,R&D Department,Campus A,Algorithm Engineer,1,0,3,0,0,0,Israel,4,0,2,0,0,0.0,0,0,0,0,0,0,2026-07-17 20:35:30.545850,CLM021523,No override recorded,No findings
AGENT00656,Matthew Harrison,1994-09-23,5108 Franklin Street,,Savannah,GA,31405,10.0,3.0,0.3,Marketing and Business Development,Campus C,Bid Coordinator,10,0,1,1,0,0,Ukraine,30,9,0,0,0,0.0,0,0,0,0,0,0,2026-08-31 20:35:30.545882,CLM010305,No override recorded,No findings
AGENT00657,David Agnew,1992-02-27,2068 Happy Lane,,Crofton,MD,21114,19.0,4.0,0.21052631578947367,Marketing and Business Development,Campus C,Secretary,14,0,1,1,0,0,Israel,19,0,0,0,0,0.0,0,1,1,0,0,0,2026-05-06 20:35:30.545912,CLM020349,No override recorded,No findings
AGENT00658,Edwin Raines,2004-08-04,921 5th Street Southeast,,Washington,DC,20003,20.0,6.0,0.3,Project Management,Campus C,Project Coordinator,6,0,1,0,0,0,Russia,30,0,0,0,0,0.0,0,1,1,0,0,0,2026-05-17 20:35:30.545944,CLM031212,No override recorded,No findings
AGENT00659,Julie Lang,1997-06-27,5118 Augusta Road,,Garden City,GA,31408,38.0,8.0,0.21052631578947367,Project Management,Campus C,Project Coordinator,5,0,1,0,0,0,Georgia,1,0,0,0,0,0.0,0,2,1,0,0,0,2026-09-09 20:35:30.545974,CLM020237,No override recorded,No findings
AGENT00660,Ralph Roberson,2006-11-15,5436 Dorbrandt Street,#APT 000002,Anchorage,AK,99518,37.0,14.0,0.3783783783783784,Operations and Manufacturing,Campus A,Warehouse Manager,5,0,1,0,0,0,Russia,2,0,0,0,0,0.0,0,0,0,0,0,0,2026-04-24 20:35:30.546019,CLM035416,No override recorded,No findings
AGENT00661,Johnny Borders,1993-11-14,52 Oleary Drive,,Manchester,CT,6040,19.0,6.0,0.3157894736842105,Engineering Department,Campus B,Design Engineer,24,0,2,0,0,0,Israel,12,3,102,1,0,0.0,0,1,1,0,0,1,2026-04-14 20:35:30.546067,CLM031133,No override recorded,Confirmed - insider risk
AGENT00662,Ernestine Dedrick,2009-07-10,211 West Oak Street,#519,Louisville,KY,40203,180.0,42.0,0.23333333333333334,Marketing and Business Development,Campus B,Secretary,9,1,1,0,0,0,Israel,53,10,0,0,0,0.0,0,0,0,0,0,0,2026-07-19 20:35:30.546104,CLM044774,No override recorded,No findings
AGENT00663,Foster Rucker,1998-06-26,5224 Wasena Avenue,,Baltimore,MD,21225,36.0,8.0,0.2222222222222222,R&D Department,Campus B,Systems Engineer,4,0,2,1,0,0,Sudan,3,0,0,0,0,0.0,0,1,1,0,0,0,2026-04-23 20:35:30.546138,CLM029860,No override recorded,No findings
AGENT00664,Howard Planas,1994-03-01,1644 Queenstown Road,,Nichols Hills,OK,73116,11.0,4.0,0.36363636363636365,Operations and Manufacturing,Campus B,Manufacturing Engineer,18,1,1,1,0,0,Romania,0,0,14,0,0,0.0,0,1,1,0,1,1,2026-08-11 20:35:30.546173,CLM041008,Bypassed secondary verification,Under investigation
AGENT00665,Peggy Shaw,1995-07-31,121 Alpine Way,,Panama City,FL,32404,3.0,1.0,0.3333333333333333,Engineering Department,Campus B,Systems Engineer,25,0,2,0,0,0,Poland,6,3,0,0,0,0.0,0,0,0,0,0,0,2026-08-07 20:35:30.546205,CLM034794,No override recorded,No findings
AGENT00666,Fernando Tippets,2003-11-29,1601 East 19th Street,,Edmond,OK,73013,6.0,0.0,0.0,R&D Department,Campus C,Development Engineer (Hardware / Software / Mechanical),2,0,3,1,0,0,Morocco,0,0,31,0,0,0.0,0,1,1,0,0,0,2026-05-18 20:35:30.546237,CLM019856,No override recorded,No findings
AGENT00667,Jim Espinosa,2002-02-02,3522 Whiting Avenue,,Montgomery,AL,36105,9.0,4.0,0.4444444444444444,R&D Department,Campus C,Integration and Testing Engineer,26,0,2,0,0,0,Israel,0,0,87,0,0,0.0,0,1,1,0,1,1,2026-08-14 20:35:30.546270,CLM011622,No override recorded,Under investigation
AGENT00668,Carol Prescott,2010-01-03,22062 Cameron Street,,Castro Valley,CA,94546,8.0,1.0,0.125,Marketing and Business Development,Campus A,Secretary,5,0,2,0,0,0,France,2,0,0,0,0,0.0,0,0,0,0,0,0,2026-05-17 20:35:30.546312,CLM040066,Approved above authority limit,No findings
AGENT00669,Clayton Veit,1997-02-11,201 Juniper Springs Drive,#311,Mammoth Lakes,CA,93546,5.0,1.0,0.2,Information Technology,Campus B,Secretary,16,1,2,0,0,0,Pakistan,10,0,0,0,0,0.0,0,1,1,0,0,0,2026-08-21 20:35:30.546356,CLM019806,No override recorded,No findings
AGENT00670,Susan Sanders,2013-05-23,18 Curry Lane,,Manchester,CT,6040,19.0,5.0,0.2631578947368421,Operations and Manufacturing,Campus C,Manufacturing Engineer,12,0,3,1,0,0,India,189,75,0,0,0,0.0,0,0,0,0,0,1,2026-07-20 20:35:30.546391,CLM028185,Approved above authority limit,Confirmed - insider risk
AGENT00671,Stacy Bird,2010-07-28,203 East Gwinnett Street,,Savannah,GA,31401,8.0,5.0,0.625,Engineering Department,Campus A,Secretary,12,0,2,0,1,0,France,0,0,0,0,0,0.0,0,2,1,0,0,0,2026-03-22 20:35:30.546425,CLM017086,No override recorded,No findings
AGENT00672,Amos Casillas,1992-02-27,3578 Galindo Street,,Oakland,CA,94601,94.0,23.0,0.24468085106382978,Operations and Manufacturing,Campus C,Logistics Manager,19,0,3,0,0,0,Israel,6,0,0,0,0,0.0,0,0,0,0,0,0,2026-09-07 20:35:30.546457,CLM020143,No override recorded,No findings
AGENT00673,Virginia Vorse,2002-03-21,238 Brookley Avenue Southwest,,Washington,DC,20373,2.0,0.0,0.0,R&D Department,Campus C,Head of R&D,11,0,3,1,0,0,Israel,4,1,0,0,0,0.0,0,1,1,0,0,0,2026-04-06 20:35:30.546490,CLM026091,No override recorded,Unsubstantiated
AGENT00674,Carlos Nelson,2006-11-16,3635 Bisquier Drive,,Anchorage,AK,99508,30.0,6.0,0.2,Marketing and Business Development,Campus A,Secretary,3,0,2,0,0,0,Israel,16,0,0,0,0,0.0,0,0,0,0,0,0,2026-07-07 20:35:30.546524,CLM007776,No override recorded,Unsubstantiated
AGENT00675,Cindy Wilcox,2003-06-28,18505 Onyx Avenue,,Waddell,AZ,85355,24.0,5.0,0.20833333333333334,R&D Department,Campus A,Secretary,4,0,3,0,0,0,Israel,5,0,0,0,0,0.0,0,1,1,0,0,0,2026-08-12 20:35:30.546557,CLM040233,No override recorded,No findings
AGENT00676,Elizabeth Baeza,2017-12-15,5631 West Colter Street,#2129,Glendale,AZ,85301,167.0,44.0,0.2634730538922156,R&D Department,Campus C,Algorithm Engineer,25,0,3,0,0,0,Israel,0,0,3,0,0,0.0,0,0,0,0,0,0,2026-04-03 20:35:30.546590,CLM024254,No override recorded,No findings
AGENT00677,Mary Apilado,2007-04-06,3623 Chateau Lane,,Louisville,KY,40219,2.0,0.0,0.0,R&D Department,Campus A,Algorithm Engineer,21,0,2,0,0,1,Kuwait,0,0,9,0,0,0.0,0,2,1,0,0,0,2026-06-11 20:35:30.546623,CLM041853,No override recorded,No findings
AGENT00678,Norman Brown,2004-04-05,5275 North 59th Avenue,,Glendale,AZ,85301,23.0,4.0,0.17391304347826086,Operations and Manufacturing,Campus B,Logistics Manager,7,0,1,0,0,1,Israel,12,0,0,0,0,0.0,0,2,1,0,0,0,2026-09-04 20:35:30.546655,CLM030750,No override recorded,Unsubstantiated
AGENT00679,Clara Barnett,1994-08-25,503 Early Street,,Savannah,GA,31405,139.0,40.0,0.28776978417266186,Finance,Campus B,Accountant,14,1,3,0,1,0,UK,19,0,0,0,0,0.0,0,2,1,0,0,0,2026-04-05 20:35:30.546688,CLM002068,No override recorded,No findings
AGENT00680,Martha Hanni,2011-04-13,224 Charter Oak Street,,Manchester,CT,6040,84.0,17.0,0.20238095238095238,Marketing and Business Development,Campus C,Marketing Manager,21,0,3,1,0,0,Ukraine,85,0,0,0,0,0.0,0,0,0,0,0,0,2026-07-24 20:35:30.546719,CLM027337,No override recorded,No findings
AGENT00681,Luciano Urbina,1993-02-23,210 Long Hill Court,,Pasadena,MD,21122,65.0,19.0,0.2923076923076923,Engineering Department,Campus C,Secretary,2,1,2,1,1,0,France,0,0,3,0,0,0.0,0,2,1,0,0,0,2026-09-09 20:35:30.546751,CLM031965,No override recorded,No findings
AGENT00682,Michael Ortiz,2000-08-10,4221 Thompson Avenue,APT C,Anchorage,AK,99508,12.0,2.0,0.16666666666666666,Information Technology,Campus B,BI Developer / Data Analyst,6,0,2,0,0,1,China,8,0,0,0,0,0.0,0,1,1,0,0,0,2026-05-03 20:35:30.546783,CLM005190,No override recorded,No findings
AGENT00683,Elodia Brown,1994-05-23,2246 West Fairview Avenue,,Montgomery,AL,36108,10.0,2.0,0.2,R&D Department,Campus C,Head of R&D,21,0,2,1,0,0,Israel,0,0,7,0,0,0.0,0,1,1,0,0,0,2026-03-25 20:35:30.546814,CLM041852,Approved above authority limit,No findings
AGENT00684,Candace Oleson,2015-03-13,2355 Pearl Point,#5?,Fayetteville,AR,72701,51.0,14.0,0.27450980392156865,Finance,Campus A,Financial Analyst,0,0,2,0,0,1,Morocco,2,0,0,0,0,0.0,0,1,1,0,0,0,2026-07-30 20:35:30.546846,CLM008682,No override recorded,Unsubstantiated
AGENT00685,Willie Drew,2000-04-11,6755 Mulberry Drive,,Anchorage,AK,99502,98.0,22.0,0.22448979591836735,Information Technology,Campus C,BI Developer / Data Analyst,19,1,1,0,0,0,Russia,6,0,0,0,0,0.0,0,2,1,0,0,0,2026-07-03 20:35:30.546877,CLM025561,No override recorded,No findings
AGENT00686,Louise Garst,2003-09-19,901 Samson Road,,Saint Albans City,VT,5478,30.0,11.0,0.36666666666666664,R&D Department,Campus B,Development Engineer (Hardware / Software / Mechanical),0,0,2,0,0,0,Israel,0,0,27,0,0,0.0,0,1,1,0,0,0,2026-07-18 20:35:30.546908,CLM023697,No override recorded,No findings
AGENT00687,Crystal Bostic,1996-08-21,12 Saint Andrews Crossover,,Severna Park,MD,21146,38.0,13.0,0.34210526315789475,Operations and Manufacturing,Campus A,Manufacturing Engineer,5,0,2,0,0,0,USA,16,0,0,0,0,0.0,0,1,1,0,0,0,2026-03-29 20:35:30.546940,CLM032496,No override recorded,No findings
AGENT00688,Glenda Briney,1991-03-08,123 Villa View Court,,Brentwood,TN,37027,11.0,6.0,0.5454545454545454,Marketing and Business Development,Campus A,Business Development Manager,19,0,1,0,0,0,Israel,164,0,0,0,0,0.0,0,1,1,0,0,1,2026-04-20 20:35:30.546973,CLM043130,Approved above authority limit,Under investigation
AGENT00689,Connie Hunt,2009-12-24,8347 Ames Way,,Arvada,CO,80003,48.0,12.0,0.25,Marketing and Business Development,Campus C,Marketing Manager,12,0,1,0,0,0,USA,24,0,0,0,0,0.0,0,0,0,0,0,0,2026-07-16 20:35:30.547021,CLM022937,No override recorded,No findings
AGENT00690,Robert Ward,2010-08-21,6002 Jo Danielle Place,D,Louisville,KY,40291,11.0,4.0,0.36363636363636365,Marketing and Business Development,Campus B,Secretary,7,0,2,1,0,0,Israel,16,0,0,0,0,0.0,0,2,1,0,0,0,2026-03-21 20:35:30.547068,CLM023990,No override recorded,No findings
AGENT00691,Terri Kranz,2002-04-27,100 East Joyce Boulevard,#110,Fayetteville,AR,72703,13.0,3.0,0.23076923076923078,R&D Department,Campus B,Algorithm Engineer,10,0,3,1,0,0,USA,4,0,0,0,0,0.0,0,1,1,0,0,0,2026-06-26 20:35:30.547105,CLM043840,Approved above authority limit,Unsubstantiated
AGENT00692,Allen Bailey,1998-02-02,175 Creek Road,,Castleton,VT,5735,29.0,6.0,0.20689655172413793,R&D Department,Campus A,Systems Engineer,5,0,3,0,0,0,Germany,8,0,0,0,0,0.0,0,0,0,0,0,0,2026-09-11 20:35:30.547141,CLM016733,No override recorded,No findings
AGENT00693,Gerald Proctor,1991-06-26,6228 West Larkspur Drive,,Glendale,AZ,85304,34.0,12.0,0.35294117647058826,Operations and Manufacturing,Campus A,Secretary,5,0,1,0,0,0,Israel,17,0,0,0,0,0.0,0,2,1,0,0,0,2026-08-18 20:35:30.547174,CLM032262,No override recorded,No findings
AGENT00694,Jean Dominguez,2004-11-01,91 Rushforde Drive,,Manchester,CT,6040,11.0,2.0,0.18181818181818182,R&D Department,Campus A,Integration and Testing Engineer,8,0,3,0,0,0,France,1,0,39,0,0,0.0,0,0,0,0,0,0,2026-04-15 20:35:30.547206,CLM015851,No override recorded,No findings
AGENT00695,Michael Pat,1995-11-13,195 Kennedy Road,,Manchester,CT,6042,3.0,1.0,0.3333333333333333,R&D Department,Campus B,Systems Engineer,5,0,3,0,0,1,Israel,7,1,0,0,0,0.0,0,0,0,0,0,0,2026-08-10 20:35:30.547239,CLM002709,No override recorded,No findings
AGENT00696,James Harrison,1999-02-17,4231 Miramonte Way,,Union City,CA,94587,44.0,12.0,0.2727272727272727,Information Technology,Campus B,BI Developer / Data Analyst,6,0,2,0,0,1,China,0,0,0,0,0,0.0,0,0,0,0,0,0,2026-06-21 20:35:30.547270,CLM041781,No override recorded,No findings
AGENT00697,Judy Hall,2015-11-02,3301 Nora Lane,,Louisville,KY,40220,14.0,1.0,0.07142857142857142,Project Management,Campus B,Project Manager,17,0,2,0,0,0,Russia,3,0,0,0,0,0.0,0,1,1,0,0,0,2026-04-30 20:35:30.547303,CLM016892,No override recorded,No findings
AGENT00698,Noemi Guerrero,2008-12-11,6741 West Robert E Lee Street,,Glendale,AZ,85308,37.0,8.0,0.21621621621621623,Project Management,Campus C,Project Manager,7,0,3,1,0,0,Sudan,12,0,0,0,0,0.0,0,0,0,0,0,0,2026-07-03 20:35:30.547341,CLM014624,No override recorded,No findings
AGENT00699,Chris Edmonds,2001-06-04,721 Vermont 5A,,Westmore,VT,5860,8.0,3.0,0.375,R&D Department,Campus C,Development Engineer (Hardware / Software / Mechanical),16,1,3,0,0,0,France,0,0,25,0,0,0.0,0,0,0,0,0,0,2026-09-05 20:35:30.547378,CLM019188,No override recorded,No findings
AGENT00700,Jonas Walker,2010-07-03,5701 North 67th Avenue,#143,Glendale,AZ,85301,27.0,5.0,0.18518518518518517,Marketing and Business Development,Campus A,Secretary,8,0,1,0,0,0,Israel,2,0,0,0,0,0.0,0,1,1,0,0,0,2026-09-09 20:35:30.547410,CLM039381,No override recorded,No findings
AGENT00701,Jenny Mikelson,2007-06-03,4207 Ranch Drive,,Edmond,OK,73013,27.0,8.0,0.2962962962962963,R&D Department,Campus C,Development Engineer (Hardware / Software / Mechanical),9,1,2,0,0,0,Russia,1,0,40,0,0,0.0,0,1,1,0,0,0,2026-07-10 20:35:30.547444,CLM003280,No override recorded,No findings
AGENT00702,William Cole,1990-10-19,445 Industrial Lane,,Barre,VT,5641,2.0,1.0,0.5,R&D Department,Campus C,Development Engineer (Hardware / Software / Mechanical),20,0,2,0,0,0,South Africa,0,0,41,0,0,0.0,0,0,0,0,0,0,2026-07-26 20:35:30.547476,CLM046796,No override recorded,No findings
AGENT00703,Sherri Bowser,2010-05-20,562 South Pierremont Drive,,Fayetteville,AR,72701,13.0,3.0,0.23076923076923078,Marketing and Business Development,Campus C,Marketing Manager,21,0,3,1,0,0,Ukraine,52,0,0,0,0,0.0,0,0,0,0,0,0,2026-05-17 20:35:30.547510,CLM019208,No override recorded,No findings
AGENT00704,Jane Townsend,2006-06-28,7841 West Kristal Way,,Glendale,AZ,85308,3.0,1.0,0.3333333333333333,Marketing and Business Development,Campus C,Secretary,6,0,2,0,0,0,Israel,34,4,0,0,0,0.0,0,0,0,0,0,0,2026-03-27 20:35:30.547542,CLM033986,No override recorded,No findings
AGENT00705,William Ruder,1998-07-13,625 West Main Street,,Moore,OK,73160,2.0,0.0,0.0,Engineering Department,Campus A,Design Engineer,11,0,3,0,0,0,Russia,0,0,0,0,0,0.0,0,2,1,0,0,0,2026-08-18 20:35:30.547574,CLM047782,No override recorded,No findings
AGENT00706,Laura Staggs,2013-05-27,11 Alden Court,,Roseville,CA,95678,220.0,57.0,0.2590909090909091,Human Resources,Campus B,Training Coordinator,16,0,2,0,0,0,Israel,8,0,0,0,0,0.0,0,1,1,0,0,0,2026-07-19 20:35:30.547607,CLM009729,No override recorded,No findings
AGENT00707,Nancy Tseng,2004-07-26,10277 West 52nd Place,#211,Wheat Ridge,CO,80033,20.0,3.0,0.15,Project Management,Campus B,Project Coordinator,7,1,2,0,0,0,Ukraine,23,0,0,0,0,0.0,0,1,1,0,0,0,2026-05-09 20:35:30.547639,CLM045275,No override recorded,No findings
AGENT00708,Fannie Miranda,2017-03-01,203 East Gwinnett Street,,Savannah,GA,31401,65.0,21.0,0.3230769230769231,R&D Department,Campus B,Algorithm Engineer,13,0,3,0,0,0,Ukraine,0,0,74,1,0,0.0,0,1,1,0,0,1,2026-07-07 20:35:30.547671,CLM017749,Bypassed secondary verification,Under investigation
AGENT00709,Richard Joyner,2001-06-03,8496 Isles Court,,Pasadena,MD,21122,8.0,1.0,0.125,Engineering Department,Campus C,Process Engineer,20,0,2,0,0,0,Poland,5,0,0,0,0,0.0,0,1,1,0,0,0,2026-08-13 20:35:30.547703,CLM023908,No override recorded,No findings
AGENT00710,Michelle Theriot,2011-09-11,4207 Ranch Drive,,Edmond,OK,73013,52.0,15.0,0.28846153846153844,Engineering Department,Campus A,Secretary,2,0,3,0,0,0,Morocco,0,0,40,0,0,0.0,0,1,1,0,0,0,2026-08-06 20:35:30.547734,CLM047077,No override recorded,No findings
AGENT00711,Casey King,2013-06-11,6342 Kendall Street,,Arvada,CO,80003,55.0,14.0,0.2545454545454545,R&D Department,Campus B,Head of R&D,9,0,3,0,0,1,UK,4,0,0,0,0,0.0,0,0,0,0,0,0,2026-07-26 20:35:30.547767,CLM001738,No override recorded,No findings
AGENT00712,Karen Brown,2002-01-18,7416 West Maryland Avenue,,Glendale,AZ,85303,41.0,8.0,0.1951219512195122,R&D Department,Campus C,Systems Engineer,0,0,3,0,0,0,Israel,0,0,0,0,1,9.0,0,0,0,0,0,0,2026-08-29 20:35:30.547802,CLM009673,No override recorded,No findings
AGENT00713,Ashley Jackson,2017-06-01,38 Bruce Road,,Manchester,CT,6040,30.0,7.0,0.23333333333333334,Project Management,Campus B,Project Manager,12,1,1,0,0,0,Israel,0,0,2,0,0,0.0,0,1,1,0,0,0,2026-07-20 20:35:30.547834,CLM034063,No override recorded,No findings
AGENT00714,Elias Bergan,1999-10-09,159 Adams Street,,Manchester,CT,6040,22.0,6.0,0.2727272727272727,Operations and Manufacturing,Campus A,Operations Manager,12,0,3,0,0,1,USA,1,0,0,0,0,0.0,0,2,1,0,0,0,2026-04-30 20:35:30.547865,CLM019277,No override recorded,No findings
AGENT00715,Everett Lopez,1994-09-11,2811 Mechanics Avenue,,Savannah,GA,31404,15.0,5.0,0.3333333333333333,R&D Department,Campus C,Systems Engineer,3,1,2,0,0,0,Israel,0,0,36,0,0,0.0,0,1,1,0,0,0,2026-05-02 20:35:30.547896,CLM014478,No override recorded,Unsubstantiated
AGENT00716,David Zuluaga,1994-02-21,505 Tarpon Street,,Panama City Beach,FL,32413,106.0,29.0,0.27358490566037735,Engineering Department,Campus A,Design Engineer,7,0,3,0,0,1,Germany,15,0,0,0,0,0.0,0,1,1,0,0,0,2026-03-24 20:35:30.547927,CLM038231,No override recorded,No findings
AGENT00717,Richard Mckinney,2011-06-26,904 Walthour Road,,Savannah,GA,31410,75.0,24.0,0.32,Operations and Manufacturing,Campus A,Secretary,2,0,1,1,0,1,Israel,21,0,0,0,0,0.0,0,0,0,0,0,0,2026-04-15 20:35:30.547960,CLM014509,No override recorded,No findings
AGENT00718,Cheryl Haynes,2016-01-16,1432 Bell Trace Drive,,Nashville,TN,37013,124.0,34.0,0.27419354838709675,Legal and Regulation,Campus A,Defense Export Compliance Officer,16,0,3,1,1,0,Israel,0,0,8,0,0,0.0,0,2,1,0,0,0,2026-08-22 20:35:30.547992,CLM022079,No override recorded,No findings
AGENT00719,Jose Jones,1999-12-24,4719 Bayou Bluff Trail,,Lynn Haven,FL,32444,5.0,1.0,0.2,R&D Department,Campus A,Integration and Testing Engineer,8,0,3,0,0,0,France,1,0,39,0,0,0.0,0,0,0,0,0,0,2026-07-23 20:35:30.548053,CLM041123,No override recorded,No findings
AGENT00720,Margaret Collier,2004-12-17,134 Butternut Road,,Manchester,CT,6040,55.0,13.0,0.23636363636363636,Operations and Manufacturing,Campus C,Warehouse Manager,12,0,1,0,0,0,China,4,0,0,0,0,0.0,0,1,1,0,0,0,2026-04-07 20:35:30.548096,CLM010991,No override recorded,No findings
AGENT00721,Martin Murphy,2016-01-31,942 Lewis Road,,,CA,95076,122.0,32.0,0.26229508196721313,R&D Department,Campus B,Integration and Testing Engineer,12,0,3,0,0,0,Ukraine,0,0,31,0,0,0.0,0,0,0,0,0,0,2026-04-02 20:35:30.548136,CLM045653,No override recorded,No findings
AGENT00722,Kim Coll,2005-07-09,84 Orange Street,,Barre,VT,5641,8.0,2.0,0.25,Engineering Department,Campus A,Design Engineer,7,0,3,0,0,0,Brazil,0,0,6,0,0,0.0,0,0,0,0,0,0,2026-04-03 20:35:30.548185,CLM021774,No override recorded,No findings
AGENT00723,Thomas Phariss,1992-10-25,833 Williamson Road,,Montgomery,AL,36109,4.0,0.0,0.0,Project Management,Campus A,Secretary,2,1,2,0,0,1,Russia,17,0,0,0,0,0.0,0,0,0,0,0,0,2026-05-21 20:35:30.548235,CLM028320,No override recorded,No findings
AGENT00724,Dortha Davis,1997-08-27,137 Gazebo East Drive,,Montgomery,AL,36117,58.0,20.0,0.3448275862068966,R&D Department,Campus B,Development Engineer (Hardware / Software / Mechanical),14,0,3,0,0,0,Israel,0,0,0,0,0,0.0,0,0,0,0,0,0,2026-08-11 20:35:30.548275,CLM003800,No override recorded,No findings
AGENT00725,Mary Williams,1996-01-15,400 South 28th Street,,Louisville,KY,40212,33.0,6.0,0.18181818181818182,Human Resources,Campus C,Employee Welfare Coordinator,19,0,3,0,0,0,Israel,78,0,0,0,0,0.0,0,0,0,0,0,0,2026-06-19 20:35:30.548338,CLM046745,No override recorded,No findings
AGENT00726,Phil Murat,1993-06-04,4 Elm Street,,Windsor,VT,5089,72.0,15.0,0.20833333333333334,R&D Department,Campus C,Algorithm Engineer,17,0,2,0,0,1,Russia,0,0,34,0,0,0.0,0,0,0,0,0,0,2026-06-03 20:35:30.548391,CLM012777,No override recorded,No findings
AGENT00727,Evelyn Hurt,1992-03-03,11 Pine Point Road,,Duxbury,MA,2332,9.0,2.0,0.2222222222222222,Information Technology,Campus C,BI Developer / Data Analyst,19,1,1,0,0,0,Russia,0,0,9,0,0,0.0,0,0,0,0,0,0,2026-08-27 20:35:30.548429,CLM003788,No override recorded,No findings
AGENT00728,Robert Rusher,2010-09-28,3208 Southwest 65th Street,,Oklahoma City,OK,73159,67.0,17.0,0.2537313432835821,Marketing and Business Development,Campus B,Bid Coordinator,26,0,1,0,0,0,Canada,3,0,0,0,0,0.0,0,0,0,0,0,0,2026-08-29 20:35:30.548465,CLM018465,No override recorded,No findings
AGENT00729,Samuel Tolman,1994-07-26,8307 Brookline Place,,Oklahoma City,OK,73159,14.0,1.0,0.07142857142857142,Information Technology,Campus A,IT Director,29,0,1,0,0,0,Argentina,5,1,0,0,0,0.0,0,0,0,0,0,0,2026-05-30 20:35:30.548498,CLM041342,No override recorded,No findings
AGENT00730,Enrique Acosta,2008-01-18,1025 West 19th Street,#UNIT 1-C,Panama City,FL,32405,6.0,1.0,0.16666666666666666,Information Technology,Campus C,Data Scientist,13,0,3,1,0,0,Israel,7,0,0,0,0,0.0,0,0,0,0,0,0,2026-04-21 20:35:30.548530,CLM031237,No override recorded,No findings
AGENT00731,Lacy Powers,2006-04-28,2811 Battery Place Northwest,,Washington,DC,20016,7.0,0.0,0.0,Operations and Manufacturing,Campus B,Manufacturing Engineer,17,0,1,0,0,0,USA,26,0,0,0,0,0.0,0,1,1,0,0,0,2026-05-17 20:35:30.548564,CLM048783,No override recorded,No findings
AGENT00732,Sylvia Tran,1998-02-14,13426 West Rovey Avenue,,Litchfield Park,AZ,85340,64.0,16.0,0.25,Engineering Department,Campus B,Systems Engineer,26,0,2,0,0,1,Russia,2,0,0,0,0,0.0,0,1,1,0,0,1,2026-07-25 20:35:30.548596,CLM049413,Unscheduled record access,Confirmed - insider risk
AGENT00733,Karla Cota,2004-11-04,4012 Heritage Place Drive,,Norman,OK,73072,44.0,11.0,0.25,Operations and Manufacturing,Campus A,Logistics Manager,9,0,2,1,0,0,Israel,10,0,0,0,0,0.0,0,1,1,0,0,0,2026-03-29 20:35:30.548629,CLM011320,Approved above authority limit,Unsubstantiated
AGENT00734,Patrick Baptiste,2006-10-29,11330 Elmore Road,,Anchorage,AK,99516,25.0,6.0,0.24,Operations and Manufacturing,Campus C,Operations Manager,7,0,2,0,0,1,Ethiopia,10,0,0,0,0,0.0,0,0,0,0,0,0,2026-06-16 20:35:30.548661,CLM039117,No override recorded,No findings
AGENT00735,Kieth Black,2014-12-07,243 Kentucky Avenue,,Pasadena,MD,21122,14.0,4.0,0.2857142857142857,Operations and Manufacturing,Campus B,Warehouse Manager,14,0,2,0,0,0,Germany,25,0,3,0,0,0.0,0,0,0,0,0,0,2026-06-14 20:35:30.548693,CLM041135,No override recorded,No findings
AGENT00736,Robert Dixon,1992-07-22,31130 Meadowbrook Avenue,,Hayward,CA,94544,101.0,25.0,0.24752475247524752,Human Resources,Campus B,Training Coordinator,8,1,1,0,1,0,Israel,16,0,0,0,0,0.0,0,0,0,0,0,0,2026-05-17 20:35:30.548726,CLM012958,No override recorded,No findings
AGENT00737,Joan Schuldt,2007-11-21,1303 Buckingham Court,,Louisville,KY,40118,18.0,8.0,0.4444444444444444,Marketing and Business Development,Campus B,Bid Coordinator,24,0,1,0,0,0,India,11,0,0,0,0,0.0,0,1,1,0,0,1,2026-04-19 20:35:30.548758,CLM023083,No override recorded,Under investigation
AGENT00738,Marco Lopez,1995-12-10,6223 Kilmer Loop,#206,Arvada,CO,80403,78.0,15.0,0.19230769230769232,R&D Department,Campus C,Secretary,3,1,2,0,0,0,Germany,0,0,45,0,0,0.0,0,0,0,0,0,0,2026-05-01 20:35:30.548789,CLM004016,No override recorded,Unsubstantiated
AGENT00739,Jonathan Ortiz,2000-08-21,112 Joyner Avenue,,Nashville,TN,37210,28.0,5.0,0.17857142857142858,R&D Department,Campus B,Development Engineer (Hardware / Software / Mechanical),11,0,2,0,0,0,Israel,10,0,0,0,0,0.0,0,0,0,0,0,0,2026-04-29 20:35:30.548821,CLM033801,Approved above authority limit,No findings
AGENT00740,Aletha Cooper,2002-02-25,7407 North 75th Drive,,Glendale,AZ,85303,32.0,9.0,0.28125,Human Resources,Campus A,HR Manager,18,0,2,0,0,0,Israel,18,0,0,0,0,0.0,0,2,1,0,0,0,2026-08-25 20:35:30.548858,CLM039854,No override recorded,Unsubstantiated
AGENT00741,Michael Buchanan,1994-08-04,5024 West Christy Drive,,Glendale,AZ,85304,28.0,7.0,0.25,Operations and Manufacturing,Campus A,Secretary,7,0,1,0,0,0,Israel,6,0,0,0,0,0.0,0,2,1,0,0,0,2026-07-02 20:35:30.548890,CLM010277,No override recorded,No findings
AGENT00742,Robert Densmore,2004-06-04,802 East 37th Street,,Savannah,GA,31401,19.0,2.0,0.10526315789473684,Engineering Department,Campus C,Systems Engineer,13,0,3,0,0,0,Israel,12,0,0,0,0,0.0,0,1,1,0,0,0,2026-07-14 20:35:30.548920,CLM002010,No override recorded,No findings
AGENT00743,Roberto Wetzel,2015-12-23,5927 Camrose Drive,,Anchorage,AK,99504,53.0,14.0,0.2641509433962264,Information Technology,Campus A,Data Scientist,16,1,3,0,0,0,South Africa,3,0,0,0,0,0.0,0,0,0,0,0,0,2026-04-01 20:35:30.548952,CLM031613,No override recorded,No findings
AGENT00744,Dorothy Rodriguez,1997-05-11,7326 North 62nd Avenue,#2,Glendale,AZ,85301,36.0,7.0,0.19444444444444445,Marketing and Business Development,Campus A,Account Manager,8,0,1,1,0,0,Israel,31,0,0,0,0,0.0,0,1,1,0,0,0,2026-04-23 20:35:30.548983,CLM031068,No override recorded,No findings
AGENT00745,Paul Yocom,2003-11-22,205 Harrison Avenue,,Louisville,KY,40243,7.0,3.0,0.42857142857142855,R&D Department,Campus B,Secretary,1,1,3,0,0,0,Israel,0,0,0,0,0,0.0,0,0,0,0,0,0,2026-09-05 20:35:30.549050,CLM024507,No override recorded,No findings
AGENT00746,Christopher Harris,2012-04-21,6630 MacArthur Boulevard,#19,Oakland,CA,94605,105.0,32.0,0.3047619047619048,R&D Department,Campus C,Algorithm Engineer,13,1,2,0,0,0,Israel,0,0,0,0,0,0.0,0,1,1,0,0,0,2026-08-30 20:35:30.549097,CLM016530,No override recorded,No findings
AGENT00747,Tanya Caswell,2010-12-20,6231 North 67th Avenue,#241,Glendale,AZ,85301,14.0,3.0,0.21428571428571427,Marketing and Business Development,Campus A,Business Development Manager,11,0,1,0,0,0,Israel,8,0,0,0,0,0.0,0,1,1,0,0,0,2026-04-29 20:35:30.549134,CLM048330,No override recorded,No findings
AGENT00748,Anna Paulo,1995-12-08,14006 Coffee Bluff Road,,Savannah,GA,31419,43.0,15.0,0.3488372093023256,Engineering Department,Campus B,Systems Engineer,10,0,2,0,0,0,South Africa,0,0,0,0,0,0.0,0,1,3,0,0,1,2026-09-15 20:35:30.549167,CLM015873,Unscheduled record access,Confirmed - insider risk
AGENT00749,Richard Melendez,2014-01-31,6148 Avon Avenue,,San Gabriel,CA,91775,96.0,27.0,0.28125,R&D Department,Campus A,Head of R&D,11,0,2,0,0,0,Israel,2,0,36,0,0,0.0,0,0,0,0,0,0,2026-04-15 20:35:30.549201,CLM008123,No override recorded,No findings
AGENT00750,Mildred Whitmore,2000-05-28,735 West Treadwell Street,#33,Fayetteville,AR,72701,45.0,11.0,0.24444444444444444,Project Management,Campus C,Project Manager,19,0,1,0,0,0,Israel,60,0,0,0,0,0.0,0,1,1,0,0,0,2026-08-23 20:35:30.549235,CLM023717,No override recorded,No findings
AGENT00751,Mirta Parson,1995-01-04,8150 North 61st Avenue,#3128,Glendale,AZ,85302,7.0,2.0,0.2857142857142857,Security and Information Security,Campus A,Cyber Analyst,4,0,2,0,0,1,Israel,1,0,0,0,0,0.0,0,1,1,0,0,0,2026-08-16 20:35:30.549268,CLM025538,No override recorded,No findings
AGENT00752,Trevor Bishop,2006-05-25,123 Remember Baker Lane,,Hartford,VT,5001,101.0,29.0,0.2871287128712871,R&D Department,Campus C,Integration and Testing Engineer,18,1,3,1,0,0,India,5,0,0,0,0,0.0,0,0,0,0,0,0,2026-08-12 20:35:30.549299,CLM005638,No override recorded,No findings
AGENT00753,Constance Nathanson,2002-09-11,401 East Northern Lights Boulevard,#STE 000203,Anchorage,AK,99503,31.0,7.0,0.22580645161290322,R&D Department,Campus A,Algorithm Engineer,21,0,2,0,0,1,Kuwait,22,0,0,0,0,0.0,0,0,0,0,0,0,2026-07-29 20:35:30.549336,CLM048117,No override recorded,No findings
AGENT00754,Ismael Miller,2008-05-13,829 Dunbarton Road,,Montgomery,AL,36117,15.0,3.0,0.2,Engineering Department,Campus C,Test Engineer,5,0,3,0,0,0,USA,10,0,0,0,0,0.0,0,1,1,0,0,0,2026-06-20 20:35:30.549374,CLM016796,No override recorded,No findings
AGENT00755,Patricia Williams,2001-10-23,5813 Hammermill Loop,,Montgomery,AL,36116,2.0,0.0,0.0,R&D Department,Campus C,Algorithm Engineer,9,0,2,0,0,0,Georgia,12,4,0,0,0,0.0,0,2,1,0,0,0,2026-05-31 20:35:30.549410,CLM045838,No override recorded,No findings
AGENT00756,Elizabeth Smith,2006-11-12,5209 North Dewey Avenue,,Oklahoma City,OK,73118,74.0,16.0,0.21621621621621623,Marketing and Business Development,Campus C,Secretary,13,0,1,0,0,0,Poland,142,0,0,0,0,0.0,0,2,1,0,0,1,2026-04-27 20:35:30.549443,CLM004706,Unscheduled record access,Under investigation
AGENT00757,Nora Stump,2004-05-11,1552 Gibson Street,,Montgomery,AL,36110,49.0,13.0,0.2653061224489796,R&D Department,Campus B,Development Engineer (Hardware / Software / Mechanical),5,0,3,0,0,0,Israel,0,0,10,0,0,0.0,0,1,1,0,0,0,2026-06-07 20:35:30.549476,CLM003949,No override recorded,No findings
AGENT00758,David Bernal,1994-10-06,109 East 64th Street,,Savannah,GA,31405,32.0,9.0,0.28125,Engineering Department,Campus A,Design Engineer,24,0,2,0,0,0,Russia,0,0,36,0,0,0.0,0,1,1,0,0,0,2026-06-21 20:35:30.549508,CLM045924,No override recorded,No findings
AGENT00759,Cynthia Lowe,2013-04-13,4604 Virginia Loop Road,,Montgomery,AL,36116,90.0,25.0,0.2777777777777778,Project Management,Campus B,Project Manager,7,1,1,0,0,0,South Africa,17,0,0,0,0,0.0,0,2,1,0,0,0,2026-03-21 20:35:30.549540,CLM017934,No override recorded,No findings
AGENT00760,Emil Savage,2000-12-24,1456 East 39th Street,,Savannah,GA,31404,69.0,16.0,0.2318840579710145,Engineering Department,Campus B,Systems Engineer,26,0,2,0,0,1,Russia,42,0,102,0,0,0.0,0,2,1,0,1,1,2026-06-01 20:35:30.549572,CLM026625,Unscheduled record access,Confirmed - insider risk
AGENT00761,Marlene West,1998-02-06,1838 Crofton Parkway,,Crofton,MD,21114,5.0,2.0,0.4,Marketing and Business Development,Campus B,Secretary,7,0,2,1,0,0,Israel,29,0,21,0,0,0.0,0,2,1,0,0,0,2026-09-14 20:35:30.549604,CLM014994,No override recorded,No findings
AGENT00762,Juanita Mccommons,1990-10-29,1606 Trevilian Way,,Louisville,KY,40205,22.0,0.0,0.0,Project Management,Campus A,Secretary,9,0,2,0,0,0,USA,4,0,0,0,0,0.0,0,1,1,0,0,0,2026-06-03 20:35:30.549636,CLM030587,No override recorded,No findings
AGENT00763,Paul Banerjee,2000-03-10,36360 Beech Place,,Newark,CA,94560,7.0,1.0,0.14285714285714285,Project Management,Campus C,Project Manager,7,0,3,1,0,0,Sudan,21,0,0,0,0,0.0,0,1,1,0,0,0,2026-07-29 20:35:30.549668,CLM048616,No override recorded,No findings
AGENT00764,Kimberly Zwolinski,2009-06-09,2750 Gilmore Lane,##C304,Oroville,CA,95966,62.0,13.0,0.20967741935483872,Finance,Campus A,Budget Manager,20,0,2,0,0,0,Israel,11,0,0,0,0,0.0,0,1,1,0,0,0,2026-06-29 20:35:30.549700,CLM018698,No override recorded,Unsubstantiated
AGENT00765,Pam Ault,1993-05-14,921 Woodmont Boulevard,,Nashville,TN,37204,0.0,0.0,0.0,Information Technology,Campus C,Information Security Specialist,7,0,1,1,0,0,Israel,0,0,38,0,0,0.0,0,0,0,0,0,0,2026-08-11 20:35:30.549743,N/A,No override recorded,Unsubstantiated
AGENT00766,Ellen Chon,1996-10-20,1513 Cathy Street,,Savannah,GA,31415,42.0,10.0,0.23809523809523808,Engineering Department,Campus A,Process Engineer,8,0,2,1,0,0,Israel,1,0,0,0,0,0.0,0,0,0,0,0,0,2026-05-24 20:35:30.549780,CLM020764,Approved above authority limit,No findings
AGENT00767,Mike Purnell,1995-12-13,463 East Rutgers Loop,,Montgomery,AL,36109,65.0,17.0,0.26153846153846155,Security and Information Security,Campus C,Physical Access Control,13,0,3,0,0,0,Israel,0,0,7,0,0,0.0,0,0,0,0,0,1,2026-08-10 20:35:30.549814,CLM031319,Bypassed secondary verification,Confirmed - insider risk
AGENT00768,Magdalena Kirby,2017-01-09,1429 Harrison Avenue,,Panama City,FL,32401,77.0,27.0,0.35064935064935066,Engineering Department,Campus C,Systems Engineer,13,0,2,0,0,0,Brazil,0,0,110,0,0,0.0,0,1,1,0,0,1,2026-08-20 20:35:30.549845,CLM011729,Bypassed secondary verification,Under investigation
AGENT00769,Jessica Montez,2004-05-28,6114 West Glenn Drive,#1,Glendale,AZ,85301,13.0,4.0,0.3076923076923077,Security and Information Security,Campus C,Chief Information Security Officer (CISO),15,1,4,0,0,0,China,2,0,0,0,0,0.0,0,1,1,0,0,0,2026-09-16 20:35:30.549876,CLM043362,No override recorded,No findings
AGENT00770,James Santiago,1990-12-02,2115 Northwest 22nd Street,,Oklahoma City,OK,73107,71.0,15.0,0.2112676056338028,Marketing and Business Development,Campus A,Account Manager,13,0,2,0,0,0,Israel,49,0,0,0,0,0.0,0,0,0,0,0,0,2026-05-26 20:35:30.549908,CLM048070,No override recorded,No findings
AGENT00771,Roger Burns,1995-04-13,2320 Northwest 113th Place,,Oklahoma City,OK,73120,1.0,1.0,1.0,Information Technology,Campus B,Secretary,7,0,1,0,0,0,Russia,2,0,0,0,0,0.0,0,1,1,0,0,0,2026-07-23 20:35:30.549938,CLM007330,No override recorded,No findings
AGENT00772,Colleen Penn,2011-06-24,8070 Holland Court,,Arvada,CO,80005,78.0,16.0,0.20512820512820512,Operations and Manufacturing,Campus A,Operations Manager,12,0,3,0,0,1,USA,39,0,0,0,0,0.0,0,1,1,0,0,0,2026-07-11 20:35:30.549968,CLM008873,Approved above authority limit,No findings
AGENT00773,David Brandenberger,1998-12-20,7002 Secrest Court,,Arvada,CO,80007,4.0,0.0,0.0,R&D Department,Campus A,Head of R&D,11,0,2,0,0,0,Israel,0,0,32,0,0,0.0,0,1,1,0,0,0,2026-04-28 20:35:30.550000,CLM014001,No override recorded,No findings
AGENT00774,Alfred Acuna,1994-10-20,601 Farragut Place Northeast,,Washington,DC,20017,19.0,2.0,0.10526315789473684,Human Resources,Campus A,Training Coordinator,0,0,1,0,1,0,Israel,0,0,0,0,0,0.0,0,0,0,0,0,0,2026-06-10 20:35:30.550068,CLM000584,No override recorded,Unsubstantiated
AGENT00775,Jewel Freeman,1997-08-23,2961 Vinson Road,,Montgomery,AL,36110,62.0,19.0,0.3064516129032258,R&D Department,Campus B,Head of R&D,13,0,2,0,0,0,Ethiopia,3,0,0,0,0,0.0,0,0,0,0,0,0,2026-09-10 20:35:30.550106,CLM011358,No override recorded,No findings
AGENT00776,Joshua Pagano,2007-08-28,5837 West Evans Drive,,Glendale,AZ,85306,6.0,1.0,0.16666666666666666,Marketing and Business Development,Campus B,Secretary,12,0,1,1,0,0,Israel,15,0,4,0,0,0.0,0,0,0,0,0,0,2026-06-02 20:35:30.550142,CLM018138,No override recorded,No findings
AGENT00777,Eleanor Lagatta,2013-05-07,19590 East Batavia Drive,,Aurora,CO,80011,2.0,0.0,0.0,Operations and Manufacturing,Campus B,Manufacturing Engineer,18,0,1,0,0,0,Hungary,1,0,0,0,0,0.0,0,0,0,0,0,0,2026-07-15 20:35:30.550176,CLM004327,No override recorded,No findings
AGENT00778,Bernice Ross,2006-12-18,6716 South Mariposa Lane,,Dublin,CA,94568,49.0,8.0,0.16326530612244897,Engineering Department,Campus B,Process Engineer,13,0,2,0,0,0,Sudan,0,0,29,0,0,0.0,0,2,1,0,0,0,2026-04-07 20:35:30.550211,CLM038618,No override recorded,No findings
AGENT00779,Melissa Scott,1990-10-12,2723 East Joyce Boulevard,,Fayetteville,AR,72703,49.0,17.0,0.3469387755102041,Engineering Department,Campus B,Design Engineer,10,0,2,0,0,0,Russia,0,0,80,0,0,0.0,0,2,1,0,0,1,2026-07-21 20:35:30.550245,CLM001612,Approved above authority limit,Unsubstantiated
AGENT00780,Yvonne Coomer,1996-12-22,4430 Davenport Street Northwest,,Washington,DC,20016,49.0,14.0,0.2857142857142857,Legal and Regulation,Campus A,Legal Advisor,9,0,3,0,0,0,Morocco,0,0,0,0,0,0.0,0,2,1,0,0,0,2026-05-20 20:35:30.550278,CLM013844,No override recorded,Unsubstantiated
AGENT00781,Matthew Williams,2001-09-11,3815 Williams Street,,Anchorage,AK,99508,49.0,13.0,0.2653061224489796,Engineering Department,Campus C,Process Engineer,3,0,2,0,0,0,Georgia,9,0,0,0,0,0.0,0,0,0,0,0,0,2026-08-22 20:35:30.550312,CLM029342,No override recorded,No findings
AGENT00782,Wilma Rubio,2003-06-23,3521 Stargate Circle,,Anchorage,AK,99517,35.0,5.0,0.14285714285714285,Information Technology,Campus C,Data Scientist,0,0,1,0,0,0,USA,0,0,38,0,0,0.0,0,0,0,0,0,0,2026-07-24 20:35:30.550354,CLM043066,No override recorded,Unsubstantiated
AGENT00783,Lynette Curran,2007-09-17,328 Missouri Avenue Northwest,,Washington,DC,20011,10.0,3.0,0.3,Engineering Department,Campus B,Secretary,10,1,2,0,0,0,Israel,0,0,35,0,0,0.0,0,1,1,0,1,0,2026-04-30 20:35:30.550391,CLM014347,Approved above authority limit,No findings
AGENT00784,Deanna Elmore,1997-06-07,86 Highland Street,,Manchester,CT,6040,27.0,6.0,0.2222222222222222,Marketing and Business Development,Campus B,Secretary,16,0,1,0,0,0,Israel,76,0,0,0,0,0.0,0,2,1,0,0,0,2026-08-03 20:35:30.550424,CLM013500,Approved above authority limit,No findings
AGENT00785,Larry Wakham,2007-07-05,5170 Hickory Hollow Parkway,#935,Nashville,TN,37013,9.0,4.0,0.4444444444444444,Operations and Manufacturing,Campus A,Operations Manager,13,1,1,0,0,0,Brazil,8,0,0,0,0,0.0,0,1,1,0,0,0,2026-06-20 20:35:30.550457,CLM044878,No override recorded,No findings
AGENT00786,Victor Perrin,1993-02-11,9912 Shirewick Way,,Louisville,KY,40272,111.0,30.0,0.2702702702702703,R&D Department,Campus C,Systems Engineer,4,0,2,0,0,0,Germany,3,0,0,0,0,0.0,0,2,1,0,0,0,2026-07-05 20:35:30.550490,CLM013188,No override recorded,No findings
AGENT00787,Etta Brooks,1992-06-11,404 Summit Oaks Drive,,Nashville,TN,37221,45.0,13.0,0.28888888888888886,Finance,Campus C,Finance Manager,17,0,1,1,0,0,Israel,0,0,25,0,0,0.0,0,0,0,0,0,1,2026-08-22 20:35:30.550522,CLM025536,Unscheduled record access,Unsubstantiated
AGENT00788,Casey Bachman,2002-09-25,5 Westlund Avenue,,Auburn,MA,1501,16.0,4.0,0.25,Finance,Campus C,Secretary,1,0,2,0,0,0,Israel,1,0,0,0,0,0.0,0,2,1,0,0,0,2026-04-05 20:35:30.550555,CLM032621,No override recorded,No findings
AGENT00789,Alison Baron,2005-12-20,12438 West 83rd Avenue,,Arvada,CO,80005,28.0,6.0,0.21428571428571427,Information Technology,Campus C,BI Developer / Data Analyst,11,0,2,1,0,0,Argentina,0,0,52,0,0,0.0,0,1,1,0,0,0,2026-09-13 20:35:30.550586,CLM033079,No override recorded,No findings
AGENT00790,Clay Harmon,2011-05-31,137 Gazebo East Drive,,Montgomery,AL,36117,132.0,35.0,0.26515151515151514,Marketing and Business Development,Campus C,Marketing Manager,12,0,1,0,0,0,USA,14,0,0,0,0,0.0,0,1,1,0,0,0,2026-04-13 20:35:30.550617,CLM010853,Approved above authority limit,No findings
AGENT00791,Donald Seta,2005-05-10,2375 Main Street,B,Palmer,MA,1069,2.0,1.0,0.5,R&D Department,Campus C,Development Engineer (Hardware / Software / Mechanical),18,0,3,0,0,0,Russia,1,0,0,0,0,0.0,0,2,1,0,0,0,2026-08-22 20:35:30.550648,CLM035620,No override recorded,No findings
AGENT00792,Beatrice Pontius,2008-09-12,301 East Court,,Savannah,GA,31404,36.0,12.0,0.3333333333333333,Information Technology,Campus B,Enterprise Systems Developer (ERP / CRM / SAP),26,0,1,0,0,0,Russia,8,0,0,0,0,0.0,0,1,1,0,0,0,2026-08-11 20:35:30.550680,CLM017586,No override recorded,No findings
AGENT00793,Walter Prue,2002-12-31,2515 60th Avenue,,Oakland,CA,94605,25.0,6.0,0.24,Human Resources,Campus C,Employee Welfare Coordinator,2,0,1,0,0,0,Israel,12,0,7,0,0,0.0,0,1,1,0,0,0,2026-03-21 20:35:30.550710,CLM023692,No override recorded,No findings
AGENT00794,Gladys Parsons,2009-08-27,801 Dale Road,,Glen Burnie,MD,21060,50.0,15.0,0.3,Human Resources,Campus A,Training Coordinator,3,0,2,0,0,0,Israel,0,0,10,0,0,0.0,0,0,0,0,0,0,2026-08-18 20:35:30.550742,CLM045949,No override recorded,Unsubstantiated
AGENT00795,Bradley Jackson,1997-11-30,2522 Fountain Avenue,,South Lake Tahoe,CA,96150,1.0,0.0,0.0,R&D Department,Campus B,Development Engineer (Hardware / Software / Mechanical),25,0,3,0,0,0,Israel,0,0,38,0,0,0.0,0,1,1,0,0,0,2026-06-15 20:35:30.550773,CLM047650,No override recorded,No findings
AGENT00796,Joseph Pluemer,1998-07-16,225 Almond Street,#3E,Fall River,MA,2721,98.0,19.0,0.19387755102040816,Engineering Department,Campus A,Process Engineer,10,0,3,0,0,0,Ethiopia,0,0,29,0,0,0.0,0,2,1,0,0,0,2026-06-01 20:35:30.550808,CLM038372,No override recorded,No findings
AGENT00797,Andrew Hayes,2010-09-26,62 High Street,,Manchester,CT,6040,116.0,20.0,0.1724137931034483,R&D Department,Campus C,Integration and Testing Engineer,7,0,2,0,0,0,Israel,0,0,28,0,0,0.0,0,2,1,0,0,0,2026-08-20 20:35:30.550838,CLM023057,No override recorded,No findings
AGENT00798,Christopher Radtke,2004-01-28,335 C Street Southeast,,Washington,DC,20003,34.0,13.0,0.38235294117647056,R&D Department,Campus C,Algorithm Engineer,17,0,2,0,0,1,Russia,2,0,2,0,0,0.0,0,1,1,0,0,0,2026-04-02 20:35:30.550869,CLM012929,No override recorded,No findings
AGENT00799,Jimmy Sisk,2012-10-19,172 Alburg Springs Road,,Alburgh,VT,5440,54.0,16.0,0.2962962962962963,Human Resources,Campus C,Recruitment Coordinator,22,0,1,0,0,0,UK,13,0,0,0,0,0.0,0,1,1,0,0,0,2026-05-10 20:35:30.550902,CLM049369,No override recorded,No findings
AGENT00800,Barbara Brown,2003-11-29,6605 North 93RD Avenue,#1016,Glendale,AZ,85305,106.0,20.0,0.18867924528301888,Project Management,Campus A,Secretary,11,0,1,0,0,0,Russia,6,0,10,0,0,0.0,0,1,1,0,0,0,2026-03-29 20:35:30.550932,CLM000611,No override recorded,No findings
AGENT00801,Michelle Lewis,2009-11-10,915 Hargrove Street,,Ardmore,OK,73401,55.0,14.0,0.2545454545454545,Information Technology,Campus C,Enterprise Systems Developer (ERP / CRM / SAP),21,0,3,0,0,0,Israel,0,0,54,0,0,0.0,0,1,1,0,0,0,2026-07-16 20:35:30.550963,CLM015829,No override recorded,No findings
AGENT00802,Brenda Meadows,1996-03-16,131 Kent Drive,,Manchester,CT,6042,9.0,2.0,0.2222222222222222,Operations and Manufacturing,Campus C,Operations Manager,7,0,2,0,0,1,Ethiopia,7,2,0,0,0,0.0,0,1,1,0,0,0,2026-04-24 20:35:30.550994,CLM025930,No override recorded,No findings
AGENT00803,Milissa Scott,2014-01-02,6912 Sunrise Drive,,Panama City,FL,32407,44.0,13.0,0.29545454545454547,Project Management,Campus C,Secretary,14,1,2,0,0,0,Russia,4,0,0,0,0,0.0,0,1,1,0,1,0,2026-07-31 20:35:30.551055,CLM045872,No override recorded,No findings
AGENT00804,Kenna Olsen,2002-03-29,4216 Park Boulevard,,Montgomery,AL,36106,42.0,9.0,0.21428571428571427,Project Management,Campus A,Secretary,8,1,1,0,0,0,Israel,10,1,0,0,0,0.0,0,1,1,0,0,0,2026-05-03 20:35:30.551095,CLM021828,No override recorded,No findings
AGENT00805,Brian Blocker,1991-10-29,19141 Pine Ridge Circle,,Anchorage,AK,99516,20.0,4.0,0.2,Operations and Manufacturing,Campus B,Secretary,13,0,1,1,0,0,Israel,18,3,0,0,0,0.0,0,0,0,0,0,0,2026-08-14 20:35:30.551132,CLM003503,Approved above authority limit,No findings
AGENT00806,Martin Eaton,2011-12-18,1622 Orchard Avenue,,Louisville,KY,40213,52.0,16.0,0.3076923076923077,Operations and Manufacturing,Campus B,Warehouse Manager,21,0,2,0,0,0,Ukraine,45,0,0,0,0,0.0,0,0,0,0,0,0,2026-04-24 20:35:30.551169,CLM005171,Approved above authority limit,No findings
AGENT00807,Don Filkins,2000-08-18,8757 Lamar Circle,,Arvada,CO,80003,103.0,22.0,0.21359223300970873,Marketing and Business Development,Campus C,Marketing Manager,12,0,1,0,0,0,USA,0,0,8,0,0,0.0,0,0,0,0,0,0,2026-07-25 20:35:30.551202,CLM039323,No override recorded,Unsubstantiated
AGENT00808,Barbara Gunn,1996-09-23,119 Antioch Pike,,Nashville,TN,37211,126.0,22.0,0.1746031746031746,Engineering Department,Campus A,Secretary,2,0,2,0,0,0,Israel,9,0,0,0,0,0.0,0,0,0,0,0,0,2026-07-09 20:35:30.551234,CLM048505,No override recorded,No findings
AGENT00809,Peter Henry,1992-09-19,984 Greendale Avenue,,Needham,MA,2492,35.0,10.0,0.2857142857142857,Information Technology,Campus C,BI Developer / Data Analyst,0,0,1,0,0,0,UK,3,0,44,0,0,0.0,0,0,0,0,0,0,2026-04-27 20:35:30.551268,CLM025914,No override recorded,No findings
AGENT00810,George Ryan,2015-04-08,2315 Kezey Court,,Crofton,MD,21114,4.0,1.0,0.25,Marketing and Business Development,Campus B,Account Manager,16,0,2,0,0,0,Turkey,0,0,0,0,1,1.0,0,0,0,0,0,0,2026-07-27 20:35:30.551300,CLM026812,No override recorded,No findings
AGENT00811,Rebecca Harness,1995-06-03,3215 Madsen Street,,Hayward,CA,94541,170.0,47.0,0.27647058823529413,Information Technology,Campus A,Data Scientist,6,0,2,0,0,0,UK,0,0,133,1,0,0.0,0,0,0,0,0,1,2026-05-31 20:35:30.551339,CLM019008,Unscheduled record access,Confirmed - insider risk
AGENT00812,Erin Merson,2011-01-10,6687 Xenon Drive,,Arvada,CO,80004,77.0,19.0,0.24675324675324675,R&D Department,Campus B,Head of R&D,17,0,2,0,0,0,Israel,0,0,0,0,0,0.0,0,2,1,0,0,1,2026-03-30 20:35:30.551376,CLM033115,No override recorded,Under investigation
AGENT00813,Joshua Loftin,2000-05-15,36 Grove Street,F,Manchester,CT,6042,7.0,1.0,0.14285714285714285,Information Technology,Campus A,Secretary,1,0,1,0,0,0,Russia,0,0,9,0,0,0.0,0,1,1,0,0,0,2026-08-28 20:35:30.551408,CLM046503,No override recorded,No findings
AGENT00814,Kelli Miles,1998-11-21,4822 Piney Branch Road Northwest,,Washington,DC,20011,96.0,20.0,0.20833333333333334,Marketing and Business Development,Campus C,Secretary,13,0,1,0,0,0,Poland,94,52,0,0,0,0.0,0,1,1,0,0,1,2026-08-06 20:35:30.551441,CLM013534,Approved above authority limit,Confirmed - insider risk
AGENT00815,Inez Mackenzie,1994-10-30,505 North Washington Avenue,,Fayetteville,AR,72701,89.0,18.0,0.20224719101123595,Operations and Manufacturing,Campus A,Operations Manager,13,1,1,0,0,0,Brazil,2,0,0,0,0,0.0,0,1,1,0,0,0,2026-08-12 20:35:30.551474,CLM032708,No override recorded,No findings
AGENT00816,Joshua Windham,1993-11-18,345 Buckland Hills Drive,#7,Manchester,CT,6042,38.0,8.0,0.21052631578947367,Information Technology,Campus B,Systems and Network Administrator,25,0,1,0,0,1,Israel,0,0,0,0,0,0.0,0,0,0,0,0,0,2026-04-17 20:35:30.551506,CLM036870,No override recorded,Unsubstantiated
AGENT00817,Jason Diederich,1991-07-16,2017 North Hartford Drive,,Fayetteville,AR,72701,42.0,9.0,0.21428571428571427,Information Technology,Campus B,Secretary,12,0,2,0,0,0,Hungary,0,0,36,0,0,0.0,0,0,0,0,0,0,2026-04-04 20:35:30.551536,CLM008698,No override recorded,No findings
AGENT00818,Mary Ruffin,1999-04-13,12013 Blue Moon Avenue,,Oklahoma City,OK,73162,27.0,7.0,0.25925925925925924,Finance,Campus C,Accountant,18,0,1,0,0,0,Israel,58,0,0,0,0,0.0,0,1,1,0,0,0,2026-06-24 20:35:30.551566,CLM011348,No override recorded,No findings
AGENT00819,John Bronstein,2016-06-15,537 East Waldburg Street,,Savannah,GA,31401,3.0,1.0,0.3333333333333333,Project Management,Campus B,Project Coordinator,10,0,2,0,0,0,Israel,6,0,0,0,0,0.0,0,0,0,0,0,0,2026-04-26 20:35:30.551595,CLM045646,No override recorded,No findings
AGENT00820,Marianne Montalvan,2005-07-09,2811 Mechanics Avenue,,Savannah,GA,31404,17.0,4.0,0.23529411764705882,Information Technology,Campus B,Secretary,12,0,1,0,1,0,Canada,4,0,0,0,0,0.0,0,2,1,0,0,0,2026-09-07 20:35:30.551627,CLM021281,No override recorded,No findings
AGENT00821,Melinda Smith,2012-08-22,61 Callahan Way,#B4,Mammoth Lakes,CA,93546,53.0,11.0,0.20754716981132076,R&D Department,Campus C,Systems Engineer,24,0,3,0,0,1,Israel,0,0,21,0,0,0.0,0,2,1,0,0,0,2026-06-15 20:35:30.551658,CLM026913,No override recorded,No findings
AGENT00822,Frederick Patterson,2001-03-17,721 Bay Ridge Avenue,,Annapolis,MD,21403,1.0,0.0,0.0,Information Technology,Campus A,IT Director,13,1,1,0,0,0,Israel,0,0,49,0,0,0.0,0,1,1,0,0,0,2026-03-29 20:35:30.551688,CLM015069,No override recorded,Unsubstantiated
AGENT00823,David Neal,2005-03-12,207 Maple Hill Road,,Shaftsbury,VT,5262,17.0,4.0,0.23529411764705882,Engineering Department,Campus B,Test Engineer,15,0,2,0,0,0,Israel,0,0,33,0,0,0.0,0,0,0,0,0,0,2026-08-05 20:35:30.551717,CLM032235,No override recorded,No findings
AGENT00824,Roger Ewing,2004-09-28,829 Dunbarton Road,,Montgomery,AL,36117,31.0,7.0,0.22580645161290322,R&D Department,Campus B,Head of R&D,29,0,2,0,0,0,Israel,0,0,27,0,0,0.0,0,0,0,0,0,0,2026-08-17 20:35:30.551747,CLM044075,Approved above authority limit,No findings
AGENT00825,Todd Edwards,2009-11-28,1076 Foster Street,,Alameda,CA,94502,38.0,9.0,0.23684210526315788,R&D Department,Campus B,Development Engineer (Hardware / Software / Mechanical),9,1,2,0,0,0,Germany,0,0,0,0,1,8.0,0,0,0,0,0,0,2026-09-01 20:35:30.551780,CLM022117,No override recorded,Unsubstantiated
AGENT00826,Brian Hansen,2013-06-20,78 School Street,,Woburn,MA,1801,87.0,20.0,0.22988505747126436,Security and Information Security,Campus A,Security Officer,4,1,4,1,0,0,Israel,5,0,0,0,0,0.0,0,2,1,0,1,0,2026-07-14 20:35:30.551812,CLM046627,No override recorded,No findings
AGENT00827,Craig Baade,1993-04-15,9457 Winfield Place,,Montgomery,AL,36117,11.0,3.0,0.2727272727272727,Marketing and Business Development,Campus C,Business Development Manager,5,0,1,0,0,0,Israel,37,0,0,0,0,0.0,0,0,0,0,0,0,2026-09-14 20:35:30.551843,CLM034964,No override recorded,Unsubstantiated
AGENT00828,John Mccarter,2011-03-07,3138 Banneker Drive Northeast,,Washington,DC,20018,18.0,5.0,0.2777777777777778,Marketing and Business Development,Campus A,Marketing Manager,9,0,2,0,0,0,Israel,46,0,0,0,0,0.0,0,2,1,0,0,0,2026-07-27 20:35:30.551875,CLM006874,No override recorded,No findings
AGENT00829,Loretta Ramos,1997-04-05,77 Gerald Drive,,Manchester,CT,6040,62.0,14.0,0.22580645161290322,Project Management,Campus C,Project Coordinator,4,1,2,0,0,0,Israel,69,0,0,0,0,0.0,0,2,1,0,0,0,2026-04-02 20:35:30.551906,CLM047796,No override recorded,No findings
AGENT00830,John Barnum,1999-01-27,5112 Southwest 124th Place,,Oklahoma City,OK,73173,26.0,3.0,0.11538461538461539,R&D Department,Campus A,Systems Engineer,10,0,2,0,0,0,Russia,18,4,0,0,0,0.0,0,1,1,0,0,0,2026-04-09 20:35:30.551937,CLM034402,No override recorded,No findings
AGENT00831,Chris Jenkins,2005-06-10,40700 Penn Lane,,Fremont,CA,94538,7.0,2.0,0.2857142857142857,Operations and Manufacturing,Campus A,Operations Manager,13,1,1,0,0,0,Brazil,1,0,0,0,0,0.0,0,2,1,0,0,0,2026-07-20 20:35:30.551967,CLM008546,No override recorded,No findings
AGENT00832,Andrea Deleon,2016-01-22,3420 Northwest 41st Street,,Oklahoma City,OK,73112,25.0,5.0,0.2,Project Management,Campus B,Project Manager,21,1,1,0,0,0,Ukraine,7,0,0,0,0,0.0,0,2,1,0,0,0,2026-04-25 20:35:30.551997,CLM038322,No override recorded,Unsubstantiated
AGENT00833,Yvonne Mckeown,1994-01-16,3728 9th Street Northwest,,Washington,DC,20010,9.0,3.0,0.3333333333333333,Information Technology,Campus C,Data Scientist,14,0,2,0,0,1,Ukraine,81,0,91,0,0,0.0,0,3,1,0,1,1,2026-05-12 20:35:30.552061,CLM010184,Approved above authority limit,Confirmed - insider risk
AGENT00834,Joseph Wendt,1997-07-12,247 Summit Street,,Manchester,CT,6042,4.0,0.0,0.0,Operations and Manufacturing,Campus C,Procurement Officer,18,0,1,1,0,0,Israel,56,0,0,0,0,0.0,0,0,0,0,0,0,2026-04-29 20:35:30.552099,CLM033593,No override recorded,No findings
AGENT00835,Kyle Collins,1992-08-04,9110 North 63rd Drive,,Glendale,AZ,85302,31.0,8.0,0.25806451612903225,Operations and Manufacturing,Campus A,Operations Manager,11,0,1,0,0,0,Morocco,32,0,0,0,0,0.0,0,2,1,0,0,0,2026-06-27 20:35:30.552135,CLM043029,No override recorded,No findings
AGENT00836,Adam Dixon,2014-06-21,31770 Alvarado Boulevard,#102,Union City,CA,94587,28.0,7.0,0.25,Operations and Manufacturing,Campus C,Logistics Manager,8,1,2,0,0,0,France,23,0,0,0,0,0.0,0,1,1,0,0,0,2026-05-04 20:35:30.552169,CLM035697,No override recorded,Unsubstantiated
AGENT00837,John Colson,2000-04-25,303 Addison Drive,,Glen Burnie,MD,21060,95.0,18.0,0.18947368421052632,Marketing and Business Development,Campus A,Account Manager,13,0,2,0,0,0,Israel,10,0,0,0,0,0.0,0,0,0,0,0,0,2026-04-29 20:35:30.552203,CLM040825,No override recorded,No findings
AGENT00838,Elbert Duncan,1995-06-27,915 Sacramento Street,,Bakersfield,CA,93305,22.0,8.0,0.36363636363636365,Marketing and Business Development,Campus A,Business Development Manager,19,0,1,0,0,0,Israel,83,42,0,0,0,0.0,0,0,0,0,0,1,2026-06-29 20:35:30.552235,CLM018538,Unscheduled record access,Under investigation
AGENT00839,Lisa Lopez,2000-08-09,5036 Jericho Street,,Hartford,VT,5001,37.0,11.0,0.2972972972972973,R&D Department,Campus B,Systems Engineer,5,0,3,0,0,1,Israel,3,0,0,0,0,0.0,0,0,0,0,0,0,2026-05-16 20:35:30.552268,CLM002163,No override recorded,No findings
AGENT00840,Sandra Hobbs,2010-07-06,10 Erick Road,#47,Mansfield,MA,2048,53.0,17.0,0.32075471698113206,Finance,Campus B,Accountant,14,1,3,0,1,0,UK,19,0,0,0,0,0.0,0,2,1,0,0,0,2026-06-23 20:35:30.552301,CLM020672,No override recorded,Unsubstantiated
AGENT00841,Robert Ruderman,2007-08-28,713 Ringgold Drive,,Nashville,TN,37207,0.0,0.0,0.0,R&D Department,Campus A,Head of R&D,14,0,3,0,0,0,China,19,0,49,0,0,0.0,0,1,1,0,0,0,2026-04-03 20:35:30.552372,N/A,No override recorded,No findings
AGENT00842,Janean Mccaffrey,1993-07-13,2 Spencer Street,,Lexington,MA,2420,38.0,14.0,0.3684210526315789,R&D Department,Campus B,Integration and Testing Engineer,23,0,2,0,0,0,Israel,1,0,0,0,0,0.0,0,1,1,0,0,0,2026-06-19 20:35:30.552413,CLM018357,No override recorded,Unsubstantiated
AGENT00843,Lee Strebe,2008-01-27,1318 4th Street Southwest,,Washington,DC,20024,8.0,0.0,0.0,Operations and Manufacturing,Campus B,Warehouse Manager,15,0,1,0,0,1,South Africa,14,0,0,0,0,0.0,0,1,1,0,1,0,2026-07-11 20:35:30.552450,CLM026658,Approved above authority limit,No findings
AGENT00844,Kelly Coombs,1991-11-22,110 Oxford Road,,Savannah,GA,31419,146.0,40.0,0.273972602739726,R&D Department,Campus A,Systems Engineer,24,0,2,0,0,0,UK,0,0,3,0,1,1.0,0,0,0,0,0,0,2026-07-07 20:35:30.552485,CLM041013,No override recorded,No findings
AGENT00845,Josephine Kraemer,2017-11-07,4604 West 19th Court,,Panama City,FL,32405,5.0,1.0,0.2,Marketing and Business Development,Campus B,Business Development Manager,10,0,1,1,0,1,Ukraine,13,2,0,0,0,0.0,0,0,0,0,0,0,2026-04-22 20:35:30.552519,CLM025667,No override recorded,No findings
AGENT00846,Arleen Heard,2007-11-02,95 Briarwood Drive,,Manchester,CT,6040,21.0,6.0,0.2857142857142857,Finance,Campus A,Budget Manager,20,0,2,0,0,0,Israel,40,0,5,0,0,0.0,0,0,0,0,0,0,2026-06-28 20:35:30.552553,CLM006652,No override recorded,No findings
AGENT00847,Rose Cole,2015-08-21,1314 89th Avenue,,Oakland,CA,94621,4.0,4.0,1.0,R&D Department,Campus B,Head of R&D,20,0,2,0,0,0,Israel,0,0,0,0,0,0.0,0,1,1,0,1,0,2026-08-18 20:35:30.552587,CLM032447,No override recorded,No findings
AGENT00848,Columbus Newton,2013-10-28,1644 Queenstown Road,,Nichols Hills,OK,73116,232.0,59.0,0.2543103448275862,R&D Department,Campus C,Systems Engineer,0,0,3,0,0,0,Israel,0,0,0,0,1,9.0,0,0,0,0,0,0,2026-06-14 20:35:30.552619,CLM010987,No override recorded,No findings
AGENT00849,Debbra Collins,2007-03-13,4876 Norris Road,,Fremont,CA,94536,27.0,10.0,0.37037037037037035,Engineering Department,Campus A,Design Engineer,3,0,2,0,0,1,Israel,0,0,103,0,0,0.0,0,2,1,0,0,1,2026-05-03 20:35:30.552651,CLM047636,Approved above authority limit,Confirmed - insider risk
AGENT00850,Flora Treadway,2006-02-03,22424 Birchwood Loop Road,,Anchorage,AK,99567,30.0,11.0,0.36666666666666664,Engineering Department,Campus B,Systems Engineer,26,0,2,0,0,1,Russia,0,0,0,0,1,3.0,0,0,0,0,0,1,2026-07-08 20:35:30.552681,CLM015238,Bypassed secondary verification,Confirmed - insider risk
AGENT00851,Sandra Holloway,2013-01-07,4 Stemson Way,,Port Wentworth,GA,31407,0.0,0.0,0.0,Marketing and Business Development,Campus B,Account Manager,10,0,1,0,0,0,India,32,0,0,0,0,0.0,0,1,1,0,0,0,2026-08-22 20:35:30.552714,N/A,No override recorded,No findings
AGENT00852,Kelli Rivas,2009-01-14,1413 G Street,#STE 000001,Anchorage,AK,99501,63.0,14.0,0.2222222222222222,Marketing and Business Development,Campus A,Secretary,9,0,1,0,1,0,Israel,0,0,0,0,0,0.0,0,1,1,0,1,0,2026-05-29 20:35:30.552747,CLM009563,No override recorded,No findings
AGENT00853,Christina Schwart,2008-12-11,151 Main Street,,Savannah,GA,31408,17.0,4.0,0.23529411764705882,Finance,Campus B,Secretary,7,0,2,1,0,0,Israel,42,0,0,0,0,0.0,0,0,0,0,0,0,2026-09-04 20:35:30.552779,CLM028671,No override recorded,No findings
AGENT00854,Jerry Barke,2004-12-01,12493 West 84th Circle,,Arvada,CO,80005,102.0,27.0,0.2647058823529412,Engineering Department,Campus A,Test Engineer,21,0,2,0,0,1,Israel,1,0,0,0,0,0.0,0,0,0,0,0,0,2026-06-03 20:35:30.552812,CLM047894,No override recorded,No findings
AGENT00855,Cynthia Thompson,2007-07-17,2685 California Street,#APT 305,Mountain View,CA,94040,10.0,3.0,0.3,Information Technology,Campus B,Secretary,13,0,1,0,0,0,Israel,0,0,50,0,0,0.0,0,1,1,0,0,0,2026-05-16 20:35:30.552844,CLM001559,No override recorded,No findings
AGENT00856,Carol Ducharme,2011-02-10,2335 Orchard View Lane,,Escondido,CA,92027,7.0,1.0,0.14285714285714285,Project Management,Campus C,Project Manager,5,1,1,0,0,0,Russia,0,0,0,0,0,0.0,0,2,1,0,1,0,2026-06-18 20:35:30.552875,CLM026153,No override recorded,No findings
AGENT00857,Sharon Grace,1991-12-28,3340 Woodpark Drive,,Montgomery,AL,36116,2.0,0.0,0.0,R&D Department,Campus C,Development Engineer (Hardware / Software / Mechanical),8,0,2,0,0,0,Israel,0,0,0,0,0,0.0,0,0,0,0,0,0,2026-08-12 20:35:30.552905,CLM048752,No override recorded,No findings
AGENT00858,Arthur Hurley,2000-10-04,3414 Vance Lane,,Montgomery,AL,36109,18.0,2.0,0.1111111111111111,R&D Department,Campus B,Development Engineer (Hardware / Software / Mechanical),17,0,2,0,0,0,Ethiopia,5,1,35,0,0,0.0,0,0,0,0,0,0,2026-08-31 20:35:30.552935,CLM026691,No override recorded,No findings
AGENT00859,Sally Gonzalez,1998-09-02,540 East Appleby Road,#105,Fayetteville,AR,72703,43.0,9.0,0.20930232558139536,Engineering Department,Campus A,Systems Engineer,24,0,3,0,0,0,Israel,0,0,8,0,0,0.0,0,1,1,0,0,0,2026-03-22 20:35:30.552967,CLM005513,No override recorded,No findings
AGENT00860,Christopher Sincell,1991-05-16,1915 Southeast 29th Street,,Oklahoma City,OK,73129,0.0,0.0,0.0,Finance,Campus C,Accountant,10,0,1,0,0,0,Ukraine,1,0,0,0,0,0.0,0,0,0,0,0,0,2026-05-26 20:35:30.552998,N/A,No override recorded,No findings
AGENT00861,Sheryl Chang,2010-08-21,11 Alden Court,,Roseville,CA,95678,63.0,14.0,0.2222222222222222,R&D Department,Campus C,Head of R&D,24,0,3,0,0,0,Israel,6,0,0,0,0,0.0,0,1,1,0,0,0,2026-08-24 20:35:30.553062,CLM049949,No override recorded,No findings
AGENT00862,Earl Knight,1999-09-29,4012 Heritage Place Drive,,Norman,OK,73072,22.0,9.0,0.4090909090909091,Engineering Department,Campus C,Test Engineer,8,0,3,0,0,0,Israel,0,0,0,0,1,2.0,2,0,0,0,0,1,2026-07-05 20:35:30.553105,CLM042692,Approved above authority limit,Under investigation
AGENT00863,Sarah Brown,1996-06-08,5436 Dorbrandt Street,#APT 000002,Anchorage,AK,99518,15.0,4.0,0.26666666666666666,Operations and Manufacturing,Campus B,Logistics Manager,8,0,2,1,0,0,USA,30,0,0,0,0,0.0,0,1,1,0,0,0,2026-07-30 20:35:30.553142,CLM018539,No override recorded,No findings
AGENT00864,Christopher Knopp,1996-05-01,207 Joe Street,,Farmington,AR,72730,22.0,7.0,0.3181818181818182,R&D Department,Campus A,Integration and Testing Engineer,1,1,2,1,0,0,Israel,0,0,114,0,0,0.0,0,1,1,0,0,1,2026-06-23 20:35:30.553176,CLM026650,Bypassed secondary verification,Confirmed - insider risk
AGENT00865,Elena Perez,2017-04-08,7100 Old Seward Highway,STE M,Anchorage,AK,99518,18.0,4.0,0.2222222222222222,Project Management,Campus C,Project Coordinator,4,0,1,0,0,0,Iran,1,0,0,0,0,0.0,0,1,1,0,0,0,2026-06-11 20:35:30.553211,CLM023261,No override recorded,No findings
AGENT00866,Fredrick Barcia,2015-03-29,2262 Hall Place Northwest,,Washington,DC,20007,35.0,9.0,0.2571428571428571,Human Resources,Campus B,Training Coordinator,16,0,2,0,0,0,Israel,37,0,0,0,0,0.0,0,0,0,0,0,0,2026-08-24 20:35:30.553245,CLM042712,No override recorded,No findings
AGENT00867,Marcia Knowles,1991-03-16,6234 West Behrend Drive,#1134,Glendale,AZ,85308,8.0,5.0,0.625,Security and Information Security,Campus A,Chief Information Security Officer (CISO),28,0,3,0,0,0,Israel,0,0,2,0,0,0.0,0,2,1,0,0,0,2026-07-22 20:35:30.553279,CLM025862,No override recorded,No findings
AGENT00868,Robert Inman,2014-03-18,2313 South 4th Street,,Louisville,KY,40208,5.0,0.0,0.0,Human Resources,Campus C,Employee Welfare Coordinator,22,0,2,0,0,0,Israel,2,0,0,0,0,0.0,0,1,1,0,0,0,2026-05-01 20:35:30.553312,CLM049392,No override recorded,No findings
AGENT00869,Natalie Gunther,2003-12-19,945 South 5th Street,#1020,Louisville,KY,40203,77.0,19.0,0.24675324675324675,Project Management,Campus B,Secretary,6,1,1,0,0,0,Ethiopia,12,0,3,0,0,0.0,0,1,1,0,0,0,2026-06-06 20:35:30.553353,CLM015224,No override recorded,No findings
AGENT00870,Wade Gonzalez,2007-03-18,1636 Briarview Court,,Severn,MD,21144,131.0,38.0,0.2900763358778626,Operations and Manufacturing,Campus A,Procurement Officer,0,0,1,0,0,0,Israel,0,0,7,0,0,0.0,0,2,1,0,0,0,2026-07-21 20:35:30.553388,CLM027709,No override recorded,No findings
AGENT00871,Charles Milam,1999-04-26,2315 Kezey Court,,Crofton,MD,21114,17.0,10.0,0.5882352941176471,R&D Department,Campus B,Algorithm Engineer,17,0,2,1,0,0,Russia,0,0,21,0,0,0.0,0,2,1,0,0,0,2026-07-25 20:35:30.553422,CLM045025,No override recorded,No findings
AGENT00872,Bill Tutt,2007-03-13,111 Lakeview Terrace,,Lynn Haven,FL,32444,10.0,4.0,0.4,Operations and Manufacturing,Campus B,Manufacturing Engineer,23,0,3,0,0,0,Ukraine,46,0,0,0,0,0.0,0,0,0,0,0,0,2026-07-14 20:35:30.553456,CLM039961,No override recorded,Unsubstantiated
AGENT00873,Kathryn Lloyd,1997-03-28,1405 Tolkien Drive,,Conway,AR,72034,48.0,9.0,0.1875,Legal and Regulation,Campus B,Regulatory Affairs Officer,0,0,3,0,0,0,Russia,17,0,0,0,0,0.0,0,1,1,0,0,0,2026-07-22 20:35:30.553489,CLM010685,No override recorded,No findings
AGENT00874,Michelle Perez,2000-02-28,17794 West 77th Lane,,Arvada,CO,80007,26.0,6.0,0.23076923076923078,Information Technology,Campus C,Enterprise Systems Developer (ERP / CRM / SAP),11,0,1,0,0,0,Israel,2,0,5,0,0,0.0,0,0,0,0,0,0,2026-07-29 20:35:30.553522,CLM004574,No override recorded,No findings
AGENT00875,Phillip Moore,2012-02-10,1811 1st Street Northwest,,Washington,DC,20001,0.0,0.0,0.0,Project Management,Campus A,Project Engineer,16,0,1,0,0,0,Ukraine,32,0,0,0,0,0.0,0,0,0,0,0,0,2026-07-02 20:35:30.553555,N/A,Approved above authority limit,No findings
AGENT00876,Freda Holland,2005-11-25,23 Columbia Drive,,Manchester,CT,6042,6.0,1.0,0.16666666666666666,Operations and Manufacturing,Campus A,Procurement Officer,0,0,1,0,0,0,Israel,23,0,0,0,0,0.0,0,0,0,0,0,0,2026-08-20 20:35:30.553587,CLM028897,No override recorded,No findings
AGENT00877,Jacob Williamson,2011-06-16,646 Clinton Street,,Montgomery,AL,36108,52.0,12.0,0.23076923076923078,Engineering Department,Campus B,Process Engineer,24,0,2,0,0,1,Ukraine,0,0,4,0,0,0.0,0,1,1,0,0,0,2026-08-22 20:35:30.553620,CLM008679,No override recorded,Unsubstantiated
AGENT00878,Lori Creamer,2012-08-30,400 US Highway 98,,Mexico Beach,FL,32456,41.0,6.0,0.14634146341463414,Finance,Campus A,Finance Manager,13,0,1,0,0,1,Russia,36,0,0,0,0,0.0,0,0,0,0,0,0,2026-06-01 20:35:30.553652,CLM033196,No override recorded,No findings
AGENT00879,Raymundo Pelchat,2010-08-20,4981 Shirley Way,,Livermore,CA,94550,0.0,0.0,0.0,Marketing and Business Development,Campus B,Marketing Manager,8,0,2,0,0,0,Russia,36,0,0,0,0,0.0,0,1,1,0,0,0,2026-09-01 20:35:30.553683,N/A,No override recorded,No findings
AGENT00880,Albert Garcia,1998-01-02,7513 Lois Street,,Panama City,FL,32404,7.0,4.0,0.5714285714285714,Operations and Manufacturing,Campus C,Warehouse Manager,6,1,1,0,0,0,Ethiopia,1,0,6,0,0,0.0,0,0,0,0,0,0,2026-07-17 20:35:30.553715,CLM020008,No override recorded,No findings
AGENT00881,Maria Middleton,2014-07-19,3612 Jim Robison Drive,,Edmond,OK,73013,11.0,3.0,0.2727272727272727,Information Technology,Campus B,IT Director,29,1,1,0,0,1,Israel,0,0,45,0,0,0.0,0,1,1,0,0,0,2026-04-17 20:35:30.553750,CLM010750,No override recorded,No findings
AGENT00882,Robert Musgrave,2011-03-14,12061 Johns Road,#APT 000002,Anchorage,AK,99515,51.0,11.0,0.21568627450980393,Security and Information Security,Campus C,Chief Information Security Officer (CISO),15,1,4,0,0,0,China,0,0,5,0,0,0.0,0,1,1,0,0,0,2026-08-27 20:35:30.553781,CLM049204,No override recorded,No findings
AGENT00883,Howard Smith,2004-08-01,2500 Snowdoun Chambers Road,,Montgomery,AL,36105,1.0,0.0,0.0,Marketing and Business Development,Campus B,Account Manager,11,0,2,0,0,1,Russia,58,13,0,0,0,0.0,0,0,0,0,0,0,2026-06-27 20:35:30.553815,CLM020200,No override recorded,No findings
AGENT00884,Dawn Krans,1993-10-24,16572 East Wyman Road,,Fayetteville,AR,72701,5.0,1.0,0.2,Information Technology,Campus A,Systems and Network Administrator,6,0,1,0,0,0,USA,6,0,0,0,0,0.0,0,0,0,0,0,0,2026-08-11 20:35:30.553846,CLM037181,No override recorded,No findings
AGENT00885,David Montes,1998-03-15,178 Phillips Road,,Bourne,MA,2532,67.0,12.0,0.1791044776119403,R&D Department,Campus A,Secretary,10,1,3,1,0,0,China,1,0,0,0,0,0.0,0,2,1,0,0,0,2026-05-12 20:35:30.553878,CLM018368,No override recorded,No findings
AGENT00886,Larry Miller,2004-10-20,103 Razz Way,,Panama City Beach,FL,32408,6.0,0.0,0.0,Project Management,Campus A,Secretary,5,0,1,0,0,0,Ukraine,5,0,0,0,0,0.0,0,0,0,0,0,0,2026-06-25 20:35:30.553909,CLM005099,No override recorded,No findings
AGENT00887,Ross Herndon,1994-09-22,119 Matthew Lane,,Nashville,TN,37215,48.0,14.0,0.2916666666666667,Operations and Manufacturing,Campus C,Manufacturing Engineer,3,0,1,0,0,0,Israel,8,0,0,0,0,0.0,0,0,0,0,0,0,2026-04-06 20:35:30.553940,CLM020035,No override recorded,No findings
AGENT00888,Norma Patterson,2000-07-17,27 Leary Drive,,Savannah,GA,31406,10.0,0.0,0.0,Marketing and Business Development,Campus A,Bid Coordinator,1,0,2,0,0,1,Romania,0,0,9,0,1,6.0,0,0,0,0,0,0,2026-04-17 20:35:30.553971,CLM035488,Approved above authority limit,No findings
AGENT00889,John Martin,2015-11-06,2008 North Shannon Drive,#9,Fayetteville,AR,72703,5.0,1.0,0.2,Marketing and Business Development,Campus A,Business Development Manager,20,0,2,0,0,0,Israel,29,0,0,0,0,0.0,0,0,0,0,0,0,2026-08-12 20:35:30.554020,CLM022606,No override recorded,No findings
AGENT00890,Dave Netzer,2000-12-27,5005 North Miller Avenue,,Oklahoma City,OK,73112,13.0,1.0,0.07692307692307693,Security and Information Security,Campus B,Chief Information Security Officer (CISO),25,0,2,0,0,0,Israel,0,0,8,0,0,0.0,0,2,1,0,0,0,2026-07-08 20:35:30.554067,CLM034747,No override recorded,Unsubstantiated
AGENT00891,Molly Hutchinson,2005-01-03,2310 Donleigh Court,,Louisville,KY,40222,50.0,11.0,0.22,Engineering Department,Campus A,Systems Engineer,13,1,3,0,0,0,Ethiopia,1,0,0,0,0,0.0,0,1,1,0,0,0,2026-06-28 20:35:30.554103,CLM035545,No override recorded,No findings
AGENT00892,Richard Gouty,2011-08-07,5712 Saulsbury Street,,Arvada,CO,80002,76.0,21.0,0.27631578947368424,Finance,Campus B,Budget Manager,5,0,2,0,0,0,India,42,0,0,0,0,0.0,0,0,0,0,0,0,2026-08-02 20:35:30.554136,CLM049957,No override recorded,No findings
AGENT00893,Robert Villareal,2018-01-29,332 Stafford Road,#2,Fall River,MA,2721,88.0,23.0,0.26136363636363635,Marketing and Business Development,Campus C,Business Development Manager,10,0,1,0,0,0,Israel,0,0,9,0,1,10.0,0,0,0,0,0,0,2026-04-13 20:35:30.554170,CLM033684,No override recorded,No findings
AGENT00894,Opal Faulkner,1997-01-15,2829 Cambridge Court,,Oklahoma City,OK,73116,17.0,8.0,0.47058823529411764,Information Technology,Campus A,Enterprise Systems Developer (ERP / CRM / SAP),18,0,2,0,0,0,Brazil,0,0,95,0,0,0.0,0,0,0,0,0,1,2026-03-29 20:35:30.554203,CLM026616,No override recorded,Confirmed - insider risk
AGENT00895,Darla Hines,2016-05-04,1013 Balboa Avenue,#A,Capitola,CA,95010,42.0,11.0,0.2619047619047619,R&D Department,Campus C,Secretary,9,0,2,1,0,0,Israel,0,0,33,0,0,0.0,0,1,1,0,0,0,2026-07-16 20:35:30.554236,CLM009899,No override recorded,No findings
AGENT00896,Callie Lewis,2015-09-19,416 Waverly Avenue,,Baltimore,MD,21225,12.0,6.0,0.5,R&D Department,Campus B,Development Engineer (Hardware / Software / Mechanical),20,0,2,0,0,0,Israel,0,0,3,0,0,0.0,0,1,1,0,0,0,2026-07-16 20:35:30.554268,CLM034652,No override recorded,No findings
AGENT00897,Calvin Lewis,2006-04-12,212 Burk Way,,Del City,OK,73115,12.0,0.0,0.0,Information Technology,Campus A,Systems and Network Administrator,6,0,1,0,0,0,Russia,4,1,55,0,0,0.0,0,1,1,0,0,0,2026-09-15 20:35:30.554301,CLM015142,No override recorded,Unsubstantiated
AGENT00898,Rebecca Stanton,1999-03-05,23501 Ida Lane,,Hayward,CA,94541,92.0,27.0,0.29347826086956524,Project Management,Campus A,Project Manager,7,0,2,0,0,0,Hungary,16,6,0,0,0,0.0,0,1,1,0,0,0,2026-04-17 20:35:30.554340,CLM030570,No override recorded,No findings
AGENT00899,Shaun Miller,1993-09-24,6206 Waters Avenue,#110,Savannah,GA,31406,1.0,0.0,0.0,Information Technology,Campus C,Data Scientist,10,0,2,0,0,1,Hungary,9,0,53,0,0,0.0,0,0,0,0,0,0,2026-07-13 20:35:30.554377,CLM026436,No override recorded,No findings
AGENT00900,Shelley Rollins,2006-01-07,2732 West 67th Avenue,,Anchorage,AK,99502,8.0,2.0,0.25,Information Technology,Campus C,Data Scientist,10,0,1,0,0,0,UK,0,0,3,0,0,0.0,0,0,0,0,0,0,2026-07-04 20:35:30.554411,CLM013391,No override recorded,No findings
AGENT00901,Mildred Fair,2006-03-21,241 Braxton Way,,Edgewater,MD,21037,10.0,1.0,0.1,R&D Department,Campus C,Development Engineer (Hardware / Software / Mechanical),22,0,2,0,0,0,Georgia,0,0,0,0,0,0.0,0,1,1,0,0,0,2026-07-01 20:35:30.554444,CLM048677,Approved above authority limit,No findings
AGENT00902,Janet Inman,2008-05-07,940 Ironwood Drive,,Montgomery,AL,36117,1.0,0.0,0.0,Human Resources,Campus A,Secretary,2,0,3,0,0,0,Israel,2,0,0,0,0,0.0,0,0,0,0,0,0,2026-07-19 20:35:30.554478,CLM013217,No override recorded,No findings
AGENT00903,April Child,1994-01-10,2130 Loren Circle,,Fayetteville,AR,72701,7.0,2.0,0.2857142857142857,Marketing and Business Development,Campus C,Bid Coordinator,4,0,1,0,0,0,Morocco,44,0,0,0,0,0.0,0,0,0,0,0,0,2026-07-17 20:35:30.554511,CLM002891,No override recorded,No findings
AGENT00904,Pamela Moncivais,2015-10-02,2544 Worthington Way,,Fayetteville,AR,72703,26.0,8.0,0.3076923076923077,R&D Department,Campus A,Integration and Testing Engineer,26,0,3,0,0,0,China,0,0,80,0,0,0.0,0,0,0,0,0,1,2026-06-23 20:35:30.554544,CLM034571,No override recorded,Confirmed - insider risk
AGENT00905,William Daigle,2008-10-28,1215 Joseph Avenue,,Nashville,TN,37207,17.0,3.0,0.17647058823529413,Marketing and Business Development,Campus A,Bid Coordinator,15,1,2,0,0,0,Israel,12,0,0,0,0,0.0,0,1,1,0,0,0,2026-04-08 20:35:30.554576,CLM003295,No override recorded,No findings
AGENT00906,Tamara Watts,2017-09-28,6755 Mulberry Drive,,Anchorage,AK,99502,103.0,21.0,0.20388349514563106,Engineering Department,Campus B,Process Engineer,17,0,2,0,0,0,Israel,0,0,25,0,0,0.0,0,0,0,0,0,0,2026-06-15 20:35:30.554608,CLM049359,No override recorded,No findings
AGENT00907,John Werkhoven,1997-07-19,4182 North Valley Lake Drive,#4,Fayetteville,AR,72703,70.0,12.0,0.17142857142857143,Information Technology,Campus B,Information Security Specialist,6,0,1,1,0,0,Argentina,0,0,44,0,0,0.0,0,1,1,0,1,0,2026-03-22 20:35:30.554641,CLM042948,No override recorded,No findings
AGENT00908,Robert Dargan,2010-11-13,560 Penstock Drive,,Grass Valley,CA,95945,16.0,3.0,0.1875,Operations and Manufacturing,Campus A,Secretary,9,0,1,0,0,0,Israel,59,0,0,0,0,0.0,0,1,1,0,0,0,2026-03-22 20:35:30.554674,CLM008607,No override recorded,No findings
AGENT00909,Jasmin Bryant,2001-07-02,21 Carver Lane,C,Manchester,CT,6040,12.0,1.0,0.08333333333333333,Information Technology,Campus A,Information Security Specialist,18,0,1,0,0,0,Hungary,7,1,0,0,0,0.0,0,0,0,0,0,0,2026-04-19 20:35:30.554706,CLM015879,No override recorded,No findings
AGENT00910,Vincent Ragan,2016-12-19,1200 S Street,,Anchorage,AK,99501,22.0,4.0,0.18181818181818182,Marketing and Business Development,Campus C,Secretary,13,0,1,0,0,0,Poland,0,0,0,0,1,6.0,0,0,0,0,0,1,2026-05-15 20:35:30.554737,CLM044738,Approved above authority limit,Confirmed - insider risk
AGENT00911,Troy Caldwell,1990-10-04,14 6th Street,#1,Medford,MA,2155,30.0,6.0,0.2,Information Technology,Campus A,IT Director,25,0,3,0,0,1,Russia,0,0,0,0,0,0.0,0,2,1,0,0,0,2026-03-30 20:35:30.554768,CLM009775,Approved above authority limit,No findings
AGENT00912,Gordon Contreras,1996-02-06,1644 New Jersey Avenue Northwest,,Washington,DC,20001,10.0,1.0,0.1,Information Technology,Campus B,Systems and Network Administrator,0,1,1,0,0,0,Morocco,6,2,0,0,0,0.0,0,0,0,0,0,0,2026-08-07 20:35:30.554800,CLM003872,No override recorded,No findings
AGENT00913,Rhonda Wright,2010-04-07,24 Amherst Drive,,Manchester,CT,6042,30.0,6.0,0.2,Marketing and Business Development,Campus B,Secretary,14,0,3,0,0,0,Israel,0,0,0,0,0,0.0,0,2,1,0,1,0,2026-05-28 20:35:30.554832,CLM042518,No override recorded,No findings
AGENT00914,John Wilson,2009-12-28,313 Monroe Street,,Montgomery,AL,36104,22.0,9.0,0.4090909090909091,Operations and Manufacturing,Campus C,Operations Manager,8,0,2,0,0,0,Israel,11,0,0,0,0,0.0,0,2,1,0,0,0,2026-06-26 20:35:30.554864,CLM020984,No override recorded,No findings
AGENT00915,Tina Estrada,1994-05-05,14285 Wycliff Way,,Magalia,CA,95954,33.0,9.0,0.2727272727272727,Finance,Campus A,Finance Manager,11,0,2,0,0,0,Israel,9,0,0,0,0,0.0,0,1,1,0,0,0,2026-07-21 20:35:30.554898,CLM004018,No override recorded,Unsubstantiated
AGENT00916,Luis Knutsen,2001-07-16,16 Conway Street,,Shelburne Falls,MA,1370,20.0,8.0,0.4,R&D Department,Campus C,Systems Engineer,1,0,3,0,0,0,Canada,12,0,0,0,0,0.0,0,1,1,0,0,1,2026-06-01 20:35:30.554930,CLM049769,Unscheduled record access,Confirmed - insider risk
AGENT00917,Maria Essig,1994-03-25,8423 Pioneer Drive,,Severn,MD,21144,9.0,1.0,0.1111111111111111,Security and Information Security,Campus A,Physical Access Control,10,0,3,0,0,0,Israel,6,0,0,0,0,0.0,0,2,1,0,0,0,2026-07-07 20:35:30.554962,CLM017500,No override recorded,No findings
AGENT00918,Bettie Greene,2006-05-01,6534 Benton Circle,,Arvada,CO,80003,105.0,29.0,0.2761904761904762,Engineering Department,Campus A,Process Engineer,1,0,3,0,0,0,Ukraine,0,0,0,0,0,0.0,0,0,0,0,0,0,2026-04-28 20:35:30.554994,CLM021851,No override recorded,No findings
AGENT00919,Aurelio Phillips,2004-12-04,3298 Chestnut Street Northwest,,Washington,DC,20015,66.0,18.0,0.2727272727272727,Operations and Manufacturing,Campus B,Logistics Manager,19,0,2,0,0,0,Russia,57,0,0,0,0,0.0,0,2,1,0,0,0,2026-04-24 20:35:30.555053,CLM033948,No override recorded,No findings
AGENT00920,Yolanda Samples,1996-08-11,517 Copperfield Way,,Brentwood,TN,37027,5.0,0.0,0.0,Operations and Manufacturing,Campus B,Procurement Officer,23,0,1,0,0,1,Israel,25,11,0,0,0,0.0,0,0,0,0,0,1,2026-07-09 20:35:30.555093,CLM037695,Bypassed secondary verification,Confirmed - insider risk
AGENT00921,Alex Erps,2014-03-04,11330 Elmore Road,,Anchorage,AK,99516,84.0,19.0,0.2261904761904762,R&D Department,Campus C,Systems Engineer,9,0,3,0,0,0,Russia,18,4,0,0,0,0.0,0,1,1,0,0,0,2026-07-23 20:35:30.555129,CLM001403,No override recorded,No findings
AGENT00922,Rebecca Marr,1997-03-28,4525 West Frier Drive,,Glendale,AZ,85301,37.0,10.0,0.2702702702702703,Human Resources,Campus C,Recruitment Coordinator,7,0,1,0,0,1,Israel,35,0,0,0,0,0.0,0,1,1,0,0,0,2026-06-12 20:35:30.555163,CLM028410,No override recorded,No findings
AGENT00923,Jason Collins,2012-06-19,18318 Pioneer Drive,,Anchorage,AK,99577,97.0,27.0,0.27835051546391754,Information Technology,Campus C,Information Security Specialist,19,0,2,0,1,0,France,0,0,49,0,0,0.0,0,0,0,0,0,0,2026-08-20 20:35:30.555197,CLM025894,No override recorded,No findings
AGENT00924,Nicholas Martinez,2004-05-18,505 Tarpon Street,,Panama City Beach,FL,32413,58.0,14.0,0.2413793103448276,R&D Department,Campus B,Algorithm Engineer,5,0,2,0,0,1,Israel,12,4,0,0,0,0.0,0,1,1,0,1,0,2026-04-30 20:35:30.555229,CLM038760,No override recorded,No findings
AGENT00925,Lois Newberry,2012-06-20,302 Elberta Street,,Nashville,TN,37210,23.0,5.0,0.21739130434782608,Project Management,Campus B,Secretary,1,0,2,0,0,0,UK,12,0,0,0,0,0.0,0,1,1,0,0,0,2026-04-11 20:35:30.555260,CLM044373,No override recorded,No findings
AGENT00926,Annie Bobbitt,1992-03-23,7230 Montagne Circle,,Anchorage,AK,99507,1.0,0.0,0.0,R&D Department,Campus C,Head of R&D,31,0,2,0,0,0,Israel,0,0,41,0,0,0.0,0,1,1,0,0,0,2026-06-12 20:35:30.555293,CLM015906,No override recorded,No findings
AGENT00927,Maria Lynn,2010-04-16,302 East Granada Street,,Fayetteville,AR,72703,15.0,3.0,0.2,Project Management,Campus C,Secretary,14,1,2,0,0,0,Russia,0,0,0,0,1,12.0,0,0,0,0,0,0,2026-09-15 20:35:30.555331,CLM023916,Approved above authority limit,No findings
AGENT00928,Linda Lawrence,2010-07-06,1711 Lore Road,#APT 000106,Anchorage,AK,99507,39.0,13.0,0.3333333333333333,Operations and Manufacturing,Campus C,Secretary,14,0,1,0,0,0,Israel,1,0,9,0,0,0.0,0,2,1,0,0,0,2026-06-13 20:35:30.555370,CLM001011,Approved above authority limit,No findings
AGENT00929,Krista Cates,1993-06-07,553 South Arlington Road,,Orange,CA,92869,31.0,8.0,0.25806451612903225,Operations and Manufacturing,Campus A,Secretary,6,0,1,0,0,1,UK,153,0,9,0,0,0.0,0,1,1,0,0,1,2026-04-26 20:35:30.555404,CLM048720,Unscheduled record access,Under investigation
AGENT00930,Lewis Robertson,2000-05-14,3110 East Victory Drive,,Savannah,GA,31404,20.0,7.0,0.35,R&D Department,Campus B,Algorithm Engineer,10,0,2,0,0,0,Yemen,0,0,88,0,0,0.0,0,2,1,0,1,1,2026-04-25 20:35:30.555435,CLM041869,Bypassed secondary verification,Confirmed - insider risk
AGENT00931,Teresa Hosey,1997-01-07,58 North U.S.A Drive,,Fayetteville,AR,72701,9.0,4.0,0.4444444444444444,Engineering Department,Campus B,Design Engineer,20,0,3,1,0,1,Israel,21,6,35,0,0,0.0,0,2,1,0,0,0,2026-06-24 20:35:30.555467,CLM009438,No override recorded,No findings
AGENT00932,Carl Chiarelli,1995-02-17,445 Industrial Lane,,Barre,VT,5641,67.0,13.0,0.19402985074626866,Information Technology,Campus A,Data Scientist,21,0,2,0,0,0,Israel,0,0,53,0,0,0.0,0,2,1,0,0,0,2026-08-29 20:35:30.555500,CLM026589,No override recorded,No findings
AGENT00933,Lynette Blight,1997-04-12,3504 East 5th Street,,Panama City,FL,32401,171.0,42.0,0.24561403508771928,Information Technology,Campus A,BI Developer / Data Analyst,3,0,2,0,0,0,Israel,0,0,50,0,0,0.0,0,0,0,0,0,0,2026-04-21 20:35:30.555532,CLM014484,No override recorded,No findings
AGENT00934,Roy Baldwin,2006-12-18,110 Castle Hill,,Manchester,CT,6040,31.0,6.0,0.1935483870967742,Engineering Department,Campus C,Process Engineer,11,0,3,1,1,0,Israel,0,0,46,0,0,0.0,0,0,0,0,0,0,2026-07-01 20:35:30.555562,CLM002803,No override recorded,No findings
AGENT00935,Adam Villar,2009-05-18,6315 North Oro Vista Court,,Litchfield Park,AZ,85340,8.0,0.0,0.0,Engineering Department,Campus C,Secretary,4,0,3,1,0,0,Israel,0,0,25,0,0,0.0,0,0,0,0,0,0,2026-08-31 20:35:30.555592,CLM013353,No override recorded,No findings
AGENT00936,Charles Dennison,2000-06-30,1352 Purdue Street,,San Leandro,CA,94579,24.0,6.0,0.25,Human Resources,Campus C,Employee Welfare Coordinator,2,0,1,0,0,0,Israel,3,0,0,0,0,0.0,0,2,1,0,0,0,2026-08-02 20:35:30.555624,CLM029371,No override recorded,No findings
AGENT00937,Darrell Kuhls,1998-04-09,7 Oliver Street,#2,Athol,MA,1331,0.0,0.0,0.0,Project Management,Campus B,Project Coordinator,12,0,1,1,0,0,Russia,40,0,0,0,0,0.0,0,0,0,0,0,0,2026-07-17 20:35:30.555657,N/A,No override recorded,No findings
AGENT00938,Robert Guardado,1995-05-18,2100 Sandy Creek Trail,,Edmond,OK,73013,116.0,27.0,0.23275862068965517,Operations and Manufacturing,Campus B,Secretary,2,0,2,0,0,0,Israel,8,0,0,0,0,0.0,0,1,1,0,0,0,2026-05-02 20:35:30.555689,CLM011004,No override recorded,No findings
AGENT00939,Robin Mrozinski,2014-09-27,5073 West 65th Place,,Arvada,CO,80003,6.0,2.0,0.3333333333333333,Project Management,Campus A,Project Manager,20,0,3,0,0,1,Ukraine,30,0,0,0,0,0.0,0,0,0,0,0,0,2026-03-23 20:35:30.555721,CLM018775,Approved above authority limit,No findings
AGENT00940,John Galvan,2006-09-11,8513 Pipit Court,,Montgomery,AL,36117,29.0,10.0,0.3448275862068966,Legal and Regulation,Campus B,Legal Advisor,0,1,2,0,0,0,Ethiopia,1,0,0,0,0,0.0,0,0,0,0,0,0,2026-04-01 20:35:30.555753,CLM048360,No override recorded,No findings
AGENT00941,Marsha Smith,1991-09-16,623 Rhode Island Avenue Northwest,,Washington,DC,20001,14.0,3.0,0.21428571428571427,Operations and Manufacturing,Campus B,Secretary,11,0,2,0,0,0,Israel,0,0,0,0,0,0.0,0,2,1,0,0,0,2026-05-18 20:35:30.555786,CLM005412,No override recorded,Unsubstantiated
AGENT00942,Scott Clarke,2018-06-24,4936 Sequoia Avenue,,Dublin,CA,94568,36.0,12.0,0.3333333333333333,R&D Department,Campus B,Integration and Testing Engineer,0,0,2,0,0,0,Ukraine,4,0,0,0,0,0.0,0,0,0,0,0,0,2026-07-05 20:35:30.555818,CLM038797,No override recorded,No findings
AGENT00943,Jessica Perkins,2010-04-20,565 North Lakeshore Drive,,Panama City Beach,FL,32413,43.0,8.0,0.18604651162790697,Operations and Manufacturing,Campus A,Warehouse Manager,15,0,2,0,0,0,Ukraine,31,0,0,0,0,0.0,0,1,1,0,0,0,2026-07-10 20:35:30.555851,CLM012773,No override recorded,No findings
AGENT00944,Melvin Stacey,2002-01-09,5801 South Watterson Trail,,Louisville,KY,40291,69.0,13.0,0.18840579710144928,Engineering Department,Campus B,Secretary,3,0,2,0,0,0,Israel,0,0,42,0,0,0.0,0,1,1,0,0,0,2026-04-30 20:35:30.555881,CLM043781,Approved above authority limit,No findings
AGENT00945,Martin Mendez,1993-11-13,1405 Mercedes Avenue,APARTMENT G,Panama City,FL,32401,3.0,0.0,0.0,Finance,Campus C,Budget Manager,8,0,2,0,1,0,Israel,4,0,0,0,0,0.0,0,1,1,0,0,0,2026-08-24 20:35:30.555912,CLM048253,No override recorded,Unsubstantiated
AGENT00946,Joseph Wight,2004-08-29,3505 Albee Drive,,Nashville,TN,37076,0.0,0.0,0.0,Engineering Department,Campus B,Secretary,6,0,3,0,1,0,Ethiopia,0,0,29,0,0,0.0,0,0,0,0,0,0,2026-03-31 20:35:30.555943,N/A,No override recorded,No findings
AGENT00947,Luis Castleman,2008-05-23,2223 North Fernwood Court,,Savannah,GA,31404,8.0,2.0,0.25,Project Management,Campus B,Project Coordinator,2,0,1,0,0,0,Israel,14,0,0,0,0,0.0,0,0,0,0,0,0,2026-04-21 20:35:30.555974,CLM035636,No override recorded,Unsubstantiated
AGENT00948,Martha Deloach,1995-12-24,8423 Pioneer Drive,,Severn,MD,21144,93.0,16.0,0.17204301075268819,Security and Information Security,Campus B,Security Officer,0,0,4,0,0,0,Morocco,2,0,8,0,0,0.0,0,1,1,0,0,0,2026-06-12 20:35:30.556021,CLM018070,Approved above authority limit,Unsubstantiated
AGENT00949,William Brunson,1992-12-26,294 East Lakeshore Drive,,Colchester,VT,5446,74.0,22.0,0.2972972972972973,R&D Department,Campus B,Secretary,8,0,3,0,0,0,USA,0,0,43,0,0,0.0,0,1,1,0,0,0,2026-08-31 20:35:30.556067,CLM043838,No override recorded,No findings
AGENT00950,Leigh Stogsdill,1992-06-21,2414 Parker Street,#R 16,Berkeley,CA,94704,37.0,11.0,0.2972972972972973,Project Management,Campus A,Project Coordinator,11,0,1,0,0,0,Pakistan,6,0,8,0,0,0.0,0,1,1,0,0,0,2026-07-03 20:35:30.556104,CLM028989,No override recorded,No findings
AGENT00951,Zella Sons,2002-07-20,904 Walthour Road,,Savannah,GA,31410,35.0,9.0,0.2571428571428571,Security and Information Security,Campus B,Security Officer,4,1,3,0,0,0,Ethiopia,30,0,0,0,0,0.0,0,1,1,0,1,0,2026-04-20 20:35:30.556138,CLM021971,No override recorded,Unsubstantiated
AGENT00952,James Volk,1996-08-30,22062 Cameron Street,,Castro Valley,CA,94546,50.0,11.0,0.22,Finance,Campus A,Budget Manager,6,0,1,0,0,1,Russia,4,0,0,0,0,0.0,0,1,1,0,0,0,2026-07-14 20:35:30.556172,CLM009037,No override recorded,No findings
AGENT00953,Patrick Strickland,2013-10-24,1109 East Glenn Lane,,Fayetteville,AR,72703,11.0,2.0,0.18181818181818182,Marketing and Business Development,Campus C,Marketing Manager,16,0,3,0,0,0,USA,23,0,0,0,0,0.0,0,1,1,0,0,0,2026-07-18 20:35:30.556204,CLM038737,No override recorded,No findings
AGENT00954,Beverly Henline,1996-07-17,302 Black Sky Lane,,Pasadena,MD,21122,106.0,27.0,0.25471698113207547,Human Resources,Campus A,Secretary,2,0,3,0,0,0,Israel,14,0,0,0,0,0.0,0,1,1,0,0,0,2026-05-04 20:35:30.556236,CLM026627,Approved above authority limit,No findings
AGENT00955,Bryan Dondero,2011-11-22,386 Pratt Road,,,VT,5033,25.0,6.0,0.24,Engineering Department,Campus A,Process Engineer,16,0,2,1,0,0,Canada,0,0,118,0,0,0.0,0,2,1,0,1,1,2026-05-15 20:35:30.556267,CLM013115,Bypassed secondary verification,Unsubstantiated
AGENT00956,Carolyn Doran,1997-12-24,7720 Allison Street,#105,Arvada,CO,80005,14.0,3.0,0.21428571428571427,Operations and Manufacturing,Campus A,Secretary,7,0,1,0,0,0,Israel,6,0,0,0,0,0.0,0,2,1,0,0,0,2026-06-25 20:35:30.556300,CLM019346,Approved above authority limit,No findings
AGENT00957,Sheryl Berry,2013-02-12,4136 East Virginia Lane,,Montgomery,AL,36116,33.0,7.0,0.21212121212121213,Engineering Department,Campus A,Systems Engineer,13,1,3,0,0,0,France,2,0,0,0,0,0.0,0,0,0,0,0,0,2026-08-04 20:35:30.556368,CLM027509,No override recorded,Unsubstantiated
AGENT00958,Luz Mcnally,2011-06-17,682 Brighton Way,,Livermore,CA,94551,1.0,0.0,0.0,Security and Information Security,Campus B,Chief Information Security Officer (CISO),9,0,2,0,0,0,Israel,0,0,0,0,0,0.0,0,2,1,0,1,0,2026-08-20 20:35:30.556410,CLM008614,Approved above authority limit,No findings
AGENT00959,Richard Hauser,2002-05-04,80 North East Street,#4,Holyoke,MA,1040,7.0,3.0,0.42857142857142855,Project Management,Campus B,Project Manager,6,0,2,0,0,0,Argentina,63,24,0,0,0,0.0,0,1,3,0,0,1,2026-06-16 20:35:30.556448,CLM042810,Unscheduled record access,Under investigation
AGENT00960,Sandra Nesbitt,2001-02-18,1613 Katrina Circle,,Anchorage,AK,99508,58.0,13.0,0.22413793103448276,R&D Department,Campus B,Integration and Testing Engineer,18,1,2,0,0,0,Israel,0,0,33,0,0,0.0,0,1,1,0,0,0,2026-05-08 20:35:30.556481,CLM048145,No override recorded,No findings
AGENT00961,Joyce Hall,1996-01-05,7180 West Paraiso Drive,,Glendale,AZ,85310,2.0,0.0,0.0,Project Management,Campus C,Project Coordinator,7,0,1,1,0,1,Germany,10,0,0,0,0,0.0,0,2,1,0,1,0,2026-04-29 20:35:30.556515,CLM011361,No override recorded,No findings
AGENT00962,Audra Brown,2008-06-13,25 Edwards Street,,Manchester,CT,6042,39.0,11.0,0.28205128205128205,Security and Information Security,Campus B,Physical Access Control,22,0,4,0,1,0,Israel,0,0,7,0,0,0.0,0,0,0,0,0,0,2026-07-05 20:35:30.556549,CLM024093,No override recorded,Unsubstantiated
AGENT00963,Sally Fogle,1991-07-28,3871 Galactica Drive,,Anchorage,AK,99517,11.0,2.0,0.18181818181818182,R&D Department,Campus A,Systems Engineer,16,0,3,0,0,0,Poland,2,0,0,0,0,0.0,0,0,0,0,0,0,2026-08-12 20:35:30.556581,CLM017578,No override recorded,Unsubstantiated
AGENT00964,Clara Bendel,2009-06-23,20 Masters Way,,Manchester,CT,6040,26.0,8.0,0.3076923076923077,R&D Department,Campus B,Algorithm Engineer,10,0,2,0,0,0,Yemen,0,0,139,0,0,0.0,0,0,0,0,0,1,2026-08-09 20:35:30.556613,CLM029829,Bypassed secondary verification,Unsubstantiated
AGENT00965,Joan Norton,1997-01-17,6518 Dolphin Court,,Glen Burnie,MD,21061,13.0,2.0,0.15384615384615385,R&D Department,Campus A,Head of R&D,8,0,2,0,0,0,Ukraine,16,0,0,0,0,0.0,0,0,0,0,0,0,2026-05-15 20:35:30.556645,CLM013095,Approved above authority limit,No findings
AGENT00966,Clifford Hernandez,1998-02-27,6000 Parker Drive,,Deale,MD,20751,16.0,6.0,0.375,Engineering Department,Campus A,Design Engineer,3,0,2,0,0,1,Israel,8,0,94,0,0,0.0,0,1,1,0,0,1,2026-06-14 20:35:30.556679,CLM007703,Bypassed secondary verification,Confirmed - insider risk
AGENT00967,Misti Garnes,2004-06-29,5055 West 58th Avenue,,Arvada,CO,80002,50.0,15.0,0.3,Project Management,Campus C,Project Manager,5,0,1,0,1,1,Israel,7,0,0,0,0,0.0,0,0,0,0,0,0,2026-07-05 20:35:30.556710,CLM031743,No override recorded,Unsubstantiated
AGENT00968,Kathryn Lehman,2006-12-13,6817 Brentwood Street,,Arvada,CO,80004,22.0,5.0,0.22727272727272727,Project Management,Campus A,Secretary,2,1,2,0,0,1,Russia,57,0,0,0,0,0.0,0,1,1,0,0,0,2026-08-02 20:35:30.556741,CLM042156,Approved above authority limit,No findings
AGENT00969,Julian Holland,1990-09-10,141 West Leslie Lane,,Panama City Beach,FL,32407,27.0,8.0,0.2962962962962963,Marketing and Business Development,Campus C,Marketing Manager,21,0,2,1,0,0,Russia,44,0,0,0,0,0.0,0,2,1,0,0,0,2026-06-22 20:35:30.556773,CLM044410,No override recorded,No findings
AGENT00970,Dawn Adams,2014-07-31,123 Villa View Court,,Brentwood,TN,37027,38.0,10.0,0.2631578947368421,Project Management,Campus A,Secretary,8,1,1,0,0,0,Israel,10,1,0,0,0,0.0,0,1,1,0,0,0,2026-08-22 20:35:30.556805,CLM016964,No override recorded,Unsubstantiated
AGENT00971,Billy Caudill,2011-02-12,205 Harrison Avenue,,Louisville,KY,40243,40.0,10.0,0.25,Marketing and Business Development,Campus C,Account Manager,14,0,1,0,0,0,USA,24,4,0,0,0,0.0,0,0,0,0,0,0,2026-05-16 20:35:30.556837,CLM045733,No override recorded,No findings
AGENT00972,Ruth Jordan,1991-02-08,150 Somersby Boulevard,,Pooler,GA,31322,112.0,22.0,0.19642857142857142,Information Technology,Campus B,IT Director,29,1,1,0,0,1,Israel,0,0,8,0,0,0.0,0,1,1,0,0,0,2026-05-19 20:35:30.556867,CLM045623,No override recorded,No findings
AGENT00973,Michael Chan,2012-12-07,344 Island Road,,Savannah,GA,31406,47.0,10.0,0.2127659574468085,R&D Department,Campus B,Systems Engineer,11,0,3,0,0,0,Israel,13,1,32,0,0,0.0,0,1,1,0,0,0,2026-04-08 20:35:30.556899,CLM045588,No override recorded,No findings
AGENT00974,Lee Leach,2013-09-25,218 Turtle Cove,,Panama City Beach,FL,32413,9.0,2.0,0.2222222222222222,R&D Department,Campus B,Systems Engineer,5,0,2,0,0,0,Israel,0,0,38,0,0,0.0,0,1,1,0,0,0,2026-07-15 20:35:30.556933,CLM039523,Approved above authority limit,No findings
AGENT00975,James Trotter,1991-12-10,46 Deslauriers Street,,Chicopee,MA,1020,0.0,0.0,0.0,Operations and Manufacturing,Campus A,Logistics Manager,11,0,1,0,0,0,Israel,30,0,0,0,0,0.0,0,0,0,0,0,0,2026-06-08 20:35:30.556964,N/A,No override recorded,No findings
AGENT00976,Eva Wallen,2012-07-19,1911 East 58th Avenue,,Anchorage,AK,99507,14.0,7.0,0.5,R&D Department,Campus C,Development Engineer (Hardware / Software / Mechanical),13,0,3,0,0,0,Brazil,0,0,33,0,0,0.0,0,1,1,0,0,0,2026-04-10 20:35:30.556994,CLM030842,No override recorded,No findings
AGENT00977,Alan Martinez,1995-06-10,6985 Woodstock Road,,Hartford,VT,5001,29.0,7.0,0.2413793103448276,Engineering Department,Campus B,Test Engineer,6,0,2,0,0,1,Ukraine,12,4,0,0,0,0.0,0,2,1,0,0,0,2026-08-30 20:35:30.557056,CLM029797,No override recorded,No findings
AGENT00978,Elaine Burney,2005-04-20,82 Linnmore Drive,,Manchester,CT,6040,4.0,0.0,0.0,Human Resources,Campus B,Secretary,8,1,2,0,0,0,Israel,33,0,0,0,0,0.0,0,1,1,0,0,0,2026-06-19 20:35:30.557096,CLM026382,No override recorded,No findings
AGENT00979,Irene Gonzalez,1998-08-06,1816 U Place Southeast,,Washington,DC,20020,37.0,16.0,0.43243243243243246,R&D Department,Campus B,Algorithm Engineer,13,0,3,0,0,0,Ukraine,0,0,63,1,0,0.0,0,0,0,0,0,1,2026-04-08 20:35:30.557130,CLM010665,Unscheduled record access,Under investigation
AGENT00980,Gary Stiles,2011-05-04,119 Oakland Street,,Manchester,CT,6042,44.0,12.0,0.2727272727272727,Engineering Department,Campus A,Process Engineer,10,0,3,0,0,0,Ethiopia,0,0,29,0,0,0.0,0,2,1,0,0,0,2026-07-02 20:35:30.557163,CLM023394,No override recorded,No findings
AGENT00981,Kevin Marshall,1999-10-08,1413 G Street,#STE 000001,Anchorage,AK,99501,16.0,4.0,0.25,Human Resources,Campus B,HR Manager,21,0,1,0,1,1,Israel,6,1,0,0,0,0.0,0,0,0,0,0,0,2026-06-25 20:35:30.557197,CLM024429,No override recorded,No findings
AGENT00982,Elizabeth Kauffman,1997-05-01,1209 Parker Street,,Berkeley,CA,94702,52.0,13.0,0.25,Information Technology,Campus B,Systems and Network Administrator,0,1,1,0,0,0,Morocco,0,0,60,0,0,0.0,0,1,1,0,0,0,2026-08-31 20:35:30.557230,CLM024475,No override recorded,Unsubstantiated
AGENT00983,David Montanye,2010-10-11,5615 West Acoma Drive,#24,Glendale,AZ,85306,4.0,0.0,0.0,Finance,Campus B,Accountant,25,0,2,0,0,0,Turkey,21,0,0,0,0,0.0,0,0,0,0,0,0,2026-08-23 20:35:30.557263,CLM032668,No override recorded,No findings
AGENT00984,Roger Mccollum,2012-03-09,1605 Remington Road,,Edmond,OK,73034,4.0,0.0,0.0,Engineering Department,Campus A,Head of Engineering,9,0,2,0,0,0,France,1,0,0,0,0,0.0,0,1,1,0,0,0,2026-04-06 20:35:30.557307,CLM023141,No override recorded,No findings
AGENT00985,Sherman Dammen,2008-02-15,3340 Woodpark Drive,,Montgomery,AL,36116,62.0,20.0,0.3225806451612903,R&D Department,Campus B,Integration and Testing Engineer,16,0,2,0,0,0,Ethiopia,0,0,110,0,0,0.0,0,1,1,0,0,1,2026-04-13 20:35:30.557351,CLM002429,Approved above authority limit,Under investigation
AGENT00986,Christopher Lazor,1991-11-23,241 Methuen Street,,Lowell,MA,1850,22.0,6.0,0.2727272727272727,R&D Department,Campus A,Head of R&D,17,0,3,0,0,0,Poland,0,0,37,0,0,0.0,0,1,1,0,0,0,2026-05-27 20:35:30.557387,CLM021039,No override recorded,No findings
AGENT00987,Arlene Johnson,1997-10-18,1026 Orchard Avenue,,Louisville,KY,40213,51.0,12.0,0.23529411764705882,R&D Department,Campus B,Algorithm Engineer,10,0,2,0,0,0,Yemen,0,0,103,0,0,0.0,0,0,0,0,0,1,2026-07-16 20:35:30.557421,CLM036218,Bypassed secondary verification,Confirmed - insider risk
AGENT00988,Richard Swavely,1995-12-07,3522 Whiting Avenue,,Montgomery,AL,36105,19.0,6.0,0.3157894736842105,R&D Department,Campus A,Algorithm Engineer,11,1,2,0,1,0,UK,13,0,0,0,0,0.0,0,0,0,0,0,0,2026-03-24 20:35:30.557452,CLM037169,No override recorded,No findings
AGENT00989,Stephen Snider,1991-05-28,327 Idlewylde Drive,#3,Louisville,KY,40206,7.0,1.0,0.14285714285714285,Information Technology,Campus C,Information Security Specialist,1,1,3,0,0,0,Hungary,5,0,47,0,0,0.0,0,0,0,0,0,0,2026-04-27 20:35:30.557486,CLM010464,No override recorded,No findings
AGENT00990,Louise Sarkin,2018-02-25,3100 Gentilly Court,,Montgomery,AL,36116,70.0,17.0,0.24285714285714285,Operations and Manufacturing,Campus A,Manufacturing Engineer,5,0,2,0,0,0,USA,33,0,0,0,0,0.0,0,1,1,0,0,0,2026-08-09 20:35:30.557518,CLM000434,No override recorded,No findings
AGENT00991,Earl King,2016-01-29,1537 Northwest 123rd Street,,Oklahoma City,OK,73120,71.0,16.0,0.22535211267605634,Human Resources,Campus B,Training Coordinator,9,0,2,0,0,1,Israel,0,0,16,0,0,0.0,0,0,0,0,0,0,2026-06-26 20:35:30.557552,CLM018999,Approved above authority limit,Unsubstantiated
AGENT00992,James Velasco,2017-12-25,809 Blue Ridge Drive,,Edmond,OK,73003,45.0,9.0,0.2,Marketing and Business Development,Campus C,Marketing Manager,16,0,1,0,0,0,UK,6,0,0,0,0,0.0,0,1,1,0,1,0,2026-07-12 20:35:30.557587,CLM025956,No override recorded,No findings
AGENT00993,William Zeigler,2015-02-20,17 Elm Street,#4,Cambridge,MA,2139,11.0,5.0,0.45454545454545453,Marketing and Business Development,Campus B,Account Manager,6,0,1,0,0,0,Israel,0,0,0,0,1,1.0,0,0,0,0,0,0,2026-04-15 20:35:30.557621,CLM005314,No override recorded,No findings
AGENT00994,Geraldine Lopez,2001-04-30,8380 West 67th Avenue,,Arvada,CO,80004,27.0,7.0,0.25925925925925924,Information Technology,Campus A,BI Developer / Data Analyst,10,1,2,0,0,0,Israel,0,0,0,0,0,0.0,0,0,0,0,0,0,2026-04-05 20:35:30.557654,CLM029997,No override recorded,Unsubstantiated
AGENT00995,Robert Thompson,2007-01-27,1401 Saint George Avenue,,Moore,OK,73160,15.0,6.0,0.4,Project Management,Campus B,Project Manager,6,0,2,0,0,0,Argentina,63,24,0,0,0,0.0,0,1,3,0,0,1,2026-07-27 20:35:30.557686,CLM039578,No override recorded,Unsubstantiated
AGENT00996,Lisa Jones,1999-03-29,4712 Cherokee Heights Road,,Panama City,FL,32404,7.0,4.0,0.5714285714285714,Project Management,Campus A,Project Engineer,26,1,2,0,0,0,Israel,26,0,0,0,0,0.0,0,0,0,0,0,0,2026-05-30 20:35:30.557718,CLM000408,No override recorded,Unsubstantiated
AGENT00997,Efren Anna,1993-09-22,241 Methuen Street,,Lowell,MA,1850,95.0,20.0,0.21052631578947367,Finance,Campus C,Secretary,1,0,2,0,0,0,Israel,0,0,3,0,0,0.0,0,0,0,0,0,0,2026-05-07 20:35:30.557750,CLM030916,No override recorded,No findings
AGENT00998,Winifred Sampson,1992-11-21,8848 North New World Drive,,Glendale,AZ,85302,8.0,1.0,0.125,Marketing and Business Development,Campus A,Bid Coordinator,1,0,2,0,0,1,Romania,17,0,0,0,0,0.0,0,0,0,0,0,0,2026-08-19 20:35:30.557780,CLM020824,No override recorded,No findings
AGENT00999,Judith Sissel,2002-08-19,3035 Osprey Circle,,Panama City,FL,32405,139.0,35.0,0.2517985611510791,Project Management,Campus B,Project Manager,12,1,1,0,0,0,Israel,2,0,0,0,0,0.0,0,0,0,0,0,0,2026-05-25 20:35:30.557812,CLM036462,No override recorded,No findings
AGENT01000,Rodney Iles,1995-04-03,72 Bentley Avenue,,Poultney,VT,5764,22.0,5.0,0.22727272727272727,Marketing and Business Development,Campus C,Bid Coordinator,11,0,1,0,0,0,Israel,16,5,0,0,0,0.0,0,1,1,0,0,0,2026-05-10 20:35:30.557843,CLM041196,No override recorded,No findings
AGENT01001,Bradley Bautista,1992-07-23,5311 Chenoweth Park Lane,,Louisville,KY,40291,10.0,4.0,0.4,R&D Department,Campus C,Development Engineer (Hardware / Software / Mechanical),17,1,2,0,0,1,Israel,0,0,23,0,0,0.0,0,0,0,0,0,0,2026-07-28 20:35:30.557874,CLM002623,No override recorded,No findings
AGENT01002,Keith Thomas,1998-06-26,22062 Cameron Street,,Castro Valley,CA,94546,39.0,7.0,0.1794871794871795,Project Management,Campus B,Secretary,5,0,1,0,0,0,Israel,3,0,0,0,0,0.0,0,1,1,0,0,0,2026-04-24 20:35:30.557905,CLM048323,No override recorded,No findings
AGENT01003,Ana Ashford,2003-10-06,2034 Fairfax Road,,Annapolis,MD,21401,65.0,10.0,0.15384615384615385,Marketing and Business Development,Campus C,Business Development Manager,6,0,2,0,0,0,Israel,17,0,0,0,0,0.0,0,0,0,0,0,0,2026-06-08 20:35:30.557937,CLM002206,No override recorded,No findings
AGENT01004,Robert Lopez,2010-11-14,119 Oakland Street,,Manchester,CT,6042,45.0,10.0,0.2222222222222222,Finance,Campus A,Secretary,7,0,2,0,0,0,Israel,0,0,0,0,0,0.0,0,1,1,0,0,0,2026-07-20 20:35:30.557970,CLM014350,No override recorded,No findings
AGENT01005,Gertrude Collier,2016-05-01,306 Rural Hill Court,,Nashville,TN,37217,71.0,20.0,0.28169014084507044,Operations and Manufacturing,Campus A,Warehouse Manager,19,0,1,1,0,0,South Africa,13,0,0,0,0,0.0,0,2,1,0,0,0,2026-06-03 20:35:30.558018,CLM043972,No override recorded,No findings
AGENT01006,Teresa Sedrakyan,1990-11-30,9 Thomas Street,,Ashland,MA,1721,47.0,10.0,0.2127659574468085,Engineering Department,Campus C,Test Engineer,10,1,2,0,0,0,Israel,0,0,69,1,0,0.0,0,0,0,0,0,1,2026-07-29 20:35:30.558067,CLM034385,No override recorded,Unsubstantiated
AGENT01007,Roosevelt Holsopple,1992-12-16,2809 Rowland Avenue,C,Thunderbolt,GA,31404,41.0,7.0,0.17073170731707318,Engineering Department,Campus B,Process Engineer,1,0,2,0,0,0,Israel,0,0,39,0,0,0.0,0,1,1,0,0,0,2026-05-01 20:35:30.558104,CLM029389,No override recorded,No findings
AGENT01008,Jessica Huskey,2010-12-10,1004 Bellflower Street,,Livermore,CA,94551,69.0,20.0,0.2898550724637681,Operations and Manufacturing,Campus B,Operations Manager,14,0,2,0,0,1,Hungary,9,1,9,0,0,0.0,0,2,1,0,0,0,2026-08-12 20:35:30.558139,CLM015682,No override recorded,No findings
AGENT01009,Maria Garcia,1991-06-15,7910 West Krall Street,,Glendale,AZ,85303,18.0,3.0,0.16666666666666666,Engineering Department,Campus A,Design Engineer,9,0,2,0,0,0,Kuwait,3,0,0,0,0,0.0,0,1,1,0,0,0,2026-06-16 20:35:30.558173,CLM030554,No override recorded,No findings
AGENT01010,Wilfred Jenkins,2005-02-12,38 Bruce Road,,Manchester,CT,6040,30.0,8.0,0.26666666666666666,Marketing and Business Development,Campus B,Account Manager,7,1,1,1,0,0,Morocco,0,0,0,0,1,11.0,0,0,0,0,0,0,2026-09-03 20:35:30.558205,CLM015526,No override recorded,No findings
AGENT01011,Gabriel Duenes,2008-04-13,3522 Whiting Avenue,,Montgomery,AL,36105,9.0,2.0,0.2222222222222222,Information Technology,Campus B,Enterprise Systems Developer (ERP / CRM / SAP),1,0,1,0,0,0,Argentina,0,0,49,0,0,0.0,0,0,0,0,0,0,2026-04-18 20:35:30.558238,CLM015422,No override recorded,No findings
AGENT01012,Shane Salazar,2006-05-29,2400 Merry Street,,Nashville,TN,37208,184.0,43.0,0.23369565217391305,Finance,Campus B,Budget Manager,21,0,2,1,0,0,Israel,11,0,0,0,0,0.0,0,2,1,0,0,0,2026-04-20 20:35:30.558270,CLM009167,No override recorded,No findings
AGENT01013,Brittany Hull,2000-05-19,1713 Arrow Cove Lane,,Annapolis,MD,21401,123.0,24.0,0.1951219512195122,Finance,Campus C,Secretary,7,0,1,0,0,0,Israel,2,0,0,0,0,0.0,0,1,1,0,0,0,2026-07-13 20:35:30.558302,CLM026614,No override recorded,No findings
AGENT01014,Alphonso Shirey,2016-04-27,6407 West Monte Cristo Avenue,,Glendale,AZ,85306,1.0,0.0,0.0,Legal and Regulation,Campus C,Regulatory Affairs Officer,16,0,3,0,1,1,Israel,3,0,0,0,0,0.0,0,0,0,0,0,0,2026-05-13 20:35:30.558339,CLM025670,No override recorded,No findings
AGENT01015,Alexandra Morvant,1998-07-01,2337 Nebraska Avenue,,Selma,CA,93662,57.0,20.0,0.3508771929824561,Project Management,Campus C,Secretary,11,1,1,0,0,0,South Africa,0,0,0,0,0,0.0,0,2,1,0,0,0,2026-08-26 20:35:30.558377,CLM030522,No override recorded,Unsubstantiated
AGENT01016,Elise Oconor,2004-10-07,127 Grand Heron Drive,,Panama City,FL,32407,115.0,33.0,0.28695652173913044,Project Management,Campus B,Project Coordinator,5,0,2,0,0,0,Russia,0,0,6,0,0,0.0,0,0,0,0,0,0,2026-07-09 20:35:30.558411,CLM032948,No override recorded,No findings
AGENT01017,Pamela Polanco,1992-05-18,90 Mountain Street,,Bristol,VT,5443,8.0,1.0,0.125,R&D Department,Campus A,Integration and Testing Engineer,26,0,3,0,0,0,China,111,0,113,0,0,0.0,0,0,0,0,0,1,2026-05-20 20:35:30.558444,CLM032155,Bypassed secondary verification,Unsubstantiated
AGENT01018,Theresa Aliaga,2002-08-28,89 Frances Drive,,Manchester,CT,6040,28.0,9.0,0.32142857142857145,Operations and Manufacturing,Campus B,Procurement Officer,23,0,1,0,0,1,Israel,29,0,0,0,0,0.0,0,1,1,0,0,1,2026-03-23 20:35:30.558476,CLM002696,Bypassed secondary verification,Under investigation
AGENT01019,Sharon Thompson,2000-11-12,8121 Copper Creek Drive,,Lyndon,KY,40222,99.0,18.0,0.18181818181818182,Engineering Department,Campus C,Systems Engineer,13,0,3,0,0,0,Russia,0,0,46,0,0,0.0,0,1,1,0,0,0,2026-06-18 20:35:30.558508,CLM010746,No override recorded,Unsubstantiated
AGENT01020,Willie Colquitt,2005-11-01,445 Industrial Lane,,Barre,VT,5641,0.0,0.0,0.0,R&D Department,Campus A,Secretary,16,0,3,0,0,0,France,9,0,0,0,0,0.0,0,1,1,0,0,0,2026-05-06 20:35:30.558540,N/A,No override recorded,No findings
AGENT01021,Frances Moye,2016-02-20,20097 Butterfield Drive,,Castro Valley,CA,94546,45.0,9.0,0.2,Marketing and Business Development,Campus C,Secretary,3,0,1,0,0,0,Israel,77,13,0,0,0,0.0,0,1,1,0,0,0,2026-09-14 20:35:30.558572,CLM011840,No override recorded,No findings
AGENT01022,Emily Mellas,1996-06-22,725 65th Street,,Oakland,CA,94609,16.0,6.0,0.375,R&D Department,Campus C,Systems Engineer,1,0,3,0,0,0,Canada,0,0,106,0,0,0.0,0,2,1,0,1,1,2026-09-08 20:35:30.558604,CLM014265,Approved above authority limit,Confirmed - insider risk
AGENT01023,David Taylor,1997-10-24,706 Seagrove Road,,Glen Burnie,MD,21060,117.0,25.0,0.21367521367521367,Engineering Department,Campus B,Design Engineer,7,0,2,0,0,0,Canada,1,0,0,0,0,0.0,0,0,0,0,0,0,2026-06-20 20:35:30.558635,CLM009084,No override recorded,No findings
AGENT01024,Derek Mcnorton,1995-08-28,6912 Sunrise Drive,,Panama City,FL,32407,147.0,38.0,0.2585034013605442,Operations and Manufacturing,Campus B,Warehouse Manager,10,0,1,0,0,0,Israel,31,0,4,0,0,0.0,0,1,1,0,0,0,2026-07-24 20:35:30.558666,CLM003253,No override recorded,Unsubstantiated
AGENT01025,Ronald Fassett,2011-08-27,1276 Bending Creek Drive,,Nashville,TN,37013,108.0,27.0,0.25,Information Technology,Campus A,Systems and Network Administrator,9,0,1,0,0,0,Israel,4,0,0,0,0,0.0,0,1,1,0,0,0,2026-04-19 20:35:30.558699,CLM004321,No override recorded,No findings
AGENT01026,Edward Hesse,2004-01-30,201 Lee Boulevard,,Savannah,GA,31405,31.0,8.0,0.25806451612903225,Engineering Department,Campus B,Process Engineer,6,0,3,0,0,0,USA,0,0,32,0,0,0.0,0,1,1,0,0,0,2026-05-20 20:35:30.558731,CLM040248,No override recorded,No findings
AGENT01027,Peter Bates,2001-07-22,3469 North Par Court,,Fayetteville,AR,72703,81.0,15.0,0.18518518518518517,Finance,Campus C,Accountant,7,0,3,0,0,0,Israel,13,0,0,0,0,0.0,0,0,0,0,0,0,2026-07-04 20:35:30.558763,CLM011556,No override recorded,No findings
AGENT01028,Andrea Castilla,2013-03-17,5470 Atlanta Highway,,Montgomery,AL,36109,64.0,7.0,0.109375,Information Technology,Campus B,Data Scientist,9,0,1,0,0,1,Argentina,0,0,65,0,0,0.0,0,0,0,0,0,0,2026-08-29 20:35:30.558794,CLM014116,No override recorded,No findings
AGENT01029,Scott Beadle,2005-06-24,10 Bramblebush Drive,,Barnstable,MA,2635,12.0,6.0,0.5,R&D Department,Campus B,Systems Engineer,15,0,2,0,0,1,Israel,8,1,0,0,0,0.0,0,0,0,0,0,0,2026-07-08 20:35:30.558825,CLM031634,No override recorded,No findings
AGENT01030,Johnnie Wynn,1992-08-13,123 Elizabeth Drive,,Manchester,CT,6042,72.0,18.0,0.25,Human Resources,Campus C,Employee Welfare Coordinator,2,0,1,0,0,0,Israel,18,4,0,0,0,0.0,0,1,1,0,0,0,2026-07-25 20:35:30.558856,CLM048928,No override recorded,No findings
AGENT01031,Charles Whipps,2003-10-11,109 East 64th Street,,Savannah,GA,31405,1.0,0.0,0.0,Finance,Campus B,Budget Manager,20,0,2,0,0,0,UK,0,0,0,0,1,7.0,0,0,0,0,0,0,2026-04-07 20:35:30.558888,CLM049659,No override recorded,No findings
AGENT01032,James Williams,2016-06-24,127 Andover Drive,,Savannah,GA,31405,33.0,13.0,0.3939393939393939,Marketing and Business Development,Campus C,Secretary,6,0,2,0,0,0,Israel,3,0,0,0,0,0.0,0,1,1,0,0,0,2026-08-23 20:35:30.558919,CLM021844,No override recorded,No findings
AGENT01033,Dana Solomon,1992-09-03,20251 North 75th Avenue,#1046,Glendale,AZ,85308,16.0,4.0,0.25,Project Management,Campus B,Project Manager,15,0,2,0,1,0,France,6,0,3,0,0,0.0,0,1,1,0,0,0,2026-07-30 20:35:30.558951,CLM009709,Approved above authority limit,Unsubstantiated
AGENT01034,Charles Caddel,2001-04-03,7301 Northwest 113th Terrace,,Oklahoma City,OK,73162,8.0,0.0,0.0,Information Technology,Campus A,IT Director,19,0,2,1,1,0,Israel,0,0,6,0,0,0.0,0,1,1,0,0,0,2026-05-31 20:35:30.558983,CLM018716,No override recorded,No findings
AGENT01035,Patrick Murray,1997-03-24,1514 Wyoming Avenue,,Lynn Haven,FL,32444,4.0,1.0,0.25,Human Resources,Campus A,HR Manager,18,0,2,0,0,0,Israel,18,0,0,0,0,0.0,0,2,1,0,0,0,2026-07-22 20:35:30.559036,CLM015547,No override recorded,No findings
AGENT01036,Leana Bond,2010-03-12,7841 North 59th Lane,#G37,Glendale,AZ,85301,51.0,10.0,0.19607843137254902,Marketing and Business Development,Campus C,Bid Coordinator,13,0,2,1,0,1,Israel,10,0,5,0,0,0.0,0,1,1,0,0,0,2026-05-10 20:35:30.559080,CLM040631,No override recorded,Unsubstantiated
AGENT01037,Mary Franklin,1990-10-18,642 Sagamore Drive,,Montgomery,AL,36109,20.0,7.0,0.35,Engineering Department,Campus C,Design Engineer,21,0,2,1,0,0,USA,0,0,98,0,0,0.0,0,1,1,0,0,1,2026-07-09 20:35:30.559116,CLM004426,Bypassed secondary verification,Confirmed - insider risk
AGENT01038,Edward Harling,2000-12-04,1404 James Way,,Edgewater,MD,21037,50.0,15.0,0.3,Operations and Manufacturing,Campus B,Manufacturing Engineer,18,1,1,1,0,0,Romania,28,0,23,1,0,0.0,0,0,0,0,0,1,2026-08-21 20:35:30.559150,CLM038391,Bypassed secondary verification,Unsubstantiated
AGENT01039,Michael Ingle,2010-03-21,11 North Vineyard Drive,,Pueblo West,CO,81007,1.0,0.0,0.0,Project Management,Campus B,Project Coordinator,12,0,1,1,0,0,Russia,6,0,0,0,0,0.0,0,0,0,0,0,0,2026-07-06 20:35:30.559183,CLM008707,No override recorded,No findings
AGENT01040,Jamie Rowland,1998-03-06,7401 West Arrowhead Clubhouse Drive,#2031,Glendale,AZ,85308,15.0,2.0,0.13333333333333333,Engineering Department,Campus C,Test Engineer,5,0,3,0,0,0,USA,0,0,34,0,0,0.0,0,0,0,0,0,0,2026-09-14 20:35:30.559216,CLM019493,No override recorded,No findings
AGENT01041,Daniel Mora,2015-11-28,60 Willow Lakes Drive,,Savannah,GA,31419,27.0,4.0,0.14814814814814814,Engineering Department,Campus A,Head of Engineering,15,0,2,1,0,0,Russia,3,0,3,0,0,0.0,0,0,0,0,0,0,2026-05-16 20:35:30.559248,CLM022244,No override recorded,No findings
AGENT01042,Alisa Hohman,2011-05-12,562 South Pierremont Drive,,Fayetteville,AR,72701,69.0,16.0,0.2318840579710145,Human Resources,Campus C,Employee Welfare Coordinator,24,1,3,0,0,1,India,43,0,0,0,0,0.0,0,0,0,0,0,0,2026-04-02 20:35:30.559281,CLM040299,No override recorded,No findings
AGENT01043,Josephine Miller,2005-05-13,2010 Rising Hill Drive,,Norman,OK,73071,18.0,5.0,0.2777777777777778,Marketing and Business Development,Campus B,Secretary,14,0,3,0,0,0,Israel,5,0,0,0,0,0.0,0,0,0,0,0,0,2026-06-19 20:35:30.559312,CLM003808,No override recorded,No findings
AGENT01044,Steve Castillo,1998-08-24,19448 Currant Drive,,Edmond,OK,73012,36.0,12.0,0.3333333333333333,Operations and Manufacturing,Campus B,Secretary,6,0,1,0,0,0,Ethiopia,36,0,0,0,0,0.0,0,0,0,0,0,0,2026-08-19 20:35:30.559354,CLM010906,No override recorded,No findings
AGENT01045,Pete Begley,1992-01-11,37 Fieldside Drive,,Groton,CT,6340,88.0,27.0,0.3068181818181818,Security and Information Security,Campus C,Cyber Analyst,14,0,3,0,0,0,Israel,0,0,4,0,0,0.0,0,0,0,0,0,0,2026-08-07 20:35:30.559388,CLM023483,Approved above authority limit,No findings
AGENT01046,Rose Perino,1995-06-21,595 West 15th Street,,Fayetteville,AR,72701,44.0,9.0,0.20454545454545456,R&D Department,Campus A,Systems Engineer,4,0,2,0,0,0,UK,2,0,28,0,0,0.0,0,0,0,0,0,0,2026-07-31 20:35:30.559420,CLM023488,No override recorded,No findings
AGENT01047,Steven Jensen,2017-05-10,1352 Purdue Street,,San Leandro,CA,94579,11.0,1.0,0.09090909090909091,Project Management,Campus B,Project Manager,20,0,1,0,0,0,Israel,0,0,9,0,0,0.0,0,0,0,0,0,0,2026-04-10 20:35:30.559452,CLM034605,No override recorded,No findings
AGENT01048,John Worsley,2012-03-09,5108 Bass Place Southeast,,Washington,DC,20019,2.0,1.0,0.5,Operations and Manufacturing,Campus A,Warehouse Manager,20,0,2,1,0,0,Israel,17,0,0,0,0,0.0,0,2,1,0,0,0,2026-05-12 20:35:30.559484,CLM019401,No override recorded,No findings
AGENT01049,Jazmin Lewison,1996-01-21,3141 North Lancaster Lane,,Fayetteville,AR,72703,87.0,29.0,0.3333333333333333,Engineering Department,Campus C,Systems Engineer,13,0,2,0,0,0,Brazil,0,0,81,1,0,0.0,0,1,1,0,0,1,2026-06-10 20:35:30.559515,CLM026517,Unscheduled record access,Confirmed - insider risk
AGENT01050,David Daniel,1994-02-10,400 D Street,#STE 1B,Anchorage,AK,99501,2.0,2.0,1.0,Project Management,Campus C,Project Coordinator,4,0,1,0,0,0,Iran,14,0,0,0,0,0.0,0,1,1,0,0,0,2026-03-28 20:35:30.559548,CLM016488,No override recorded,No findings
AGENT01051,David Webb,2015-09-15,19020 North 68th Avenue,,Glendale,AZ,85308,77.0,22.0,0.2857142857142857,Finance,Campus B,Accountant,13,0,2,0,0,1,Canada,27,0,0,0,0,0.0,0,0,0,0,0,0,2026-04-15 20:35:30.559579,CLM040637,No override recorded,No findings
AGENT01052,Casey Tidwell,2016-08-08,169 Avenida Drive,M,Berkeley,CA,94708,32.0,6.0,0.1875,Project Management,Campus B,Secretary,1,0,2,0,0,0,UK,41,0,0,0,0,0.0,0,0,0,0,0,0,2026-09-05 20:35:30.559615,CLM001682,No override recorded,No findings
AGENT01053,Emma Moreno,2015-08-28,7407 North 75th Drive,,Glendale,AZ,85303,114.0,27.0,0.23684210526315788,Operations and Manufacturing,Campus B,Warehouse Manager,12,0,1,0,0,0,China,13,0,0,0,0,0.0,0,0,0,0,0,0,2026-07-03 20:35:30.559647,CLM015163,No override recorded,No findings
AGENT01054,Michael Blalock,2008-09-25,848 Vermont 14,,Woodbury,VT,5650,54.0,16.0,0.2962962962962963,Operations and Manufacturing,Campus B,Operations Manager,13,0,2,0,0,0,Israel,12,0,0,0,0,0.0,0,0,0,0,0,0,2026-04-21 20:35:30.559679,CLM023182,No override recorded,No findings
AGENT01055,Terry Lochen,1998-02-10,91 85th Avenue,,Fayetteville,AR,72704,264.0,67.0,0.2537878787878788,Operations and Manufacturing,Campus A,Warehouse Manager,20,0,2,1,0,0,Israel,58,0,0,0,0,0.0,0,0,0,0,0,0,2026-08-20 20:35:30.559711,CLM008641,No override recorded,No findings
AGENT01056,James Murphy,2015-06-28,106 Varnum Street Northwest,,Washington,DC,20011,11.0,3.0,0.2727272727272727,Finance,Campus A,Accountant,25,0,2,1,0,0,Israel,35,0,0,0,0,0.0,0,1,1,0,0,0,2026-04-13 20:35:30.559743,CLM021798,No override recorded,No findings
AGENT01057,Boyd Christie,2002-05-02,3300 Gatsby Lane,,Montgomery,AL,36106,70.0,14.0,0.2,Information Technology,Campus C,Data Scientist,14,0,2,0,0,1,Ukraine,0,0,2,0,0,0.0,0,0,0,0,0,1,2026-07-11 20:35:30.559776,CLM027041,No override recorded,Confirmed - insider risk
AGENT01058,Eva Robinson,1994-12-14,15557 Sutter Creek Road,,Sutter Creek,CA,95685,21.0,6.0,0.2857142857142857,Project Management,Campus C,Project Coordinator,6,0,1,0,0,0,UK,0,0,10,0,0,0.0,0,0,0,0,0,0,2026-09-08 20:35:30.559809,CLM030388,No override recorded,No findings
AGENT01059,Theodore Carrillo,2005-03-17,6116 West Charter Oak Road,,Glendale,AZ,85304,28.0,11.0,0.39285714285714285,Marketing and Business Development,Campus B,Account Manager,11,0,2,0,0,1,Russia,16,0,0,0,0,0.0,0,0,0,0,0,0,2026-05-29 20:35:30.559842,CLM021273,Approved above authority limit,No findings
AGENT01060,Lesa Minton,1993-10-19,1838 Crofton Parkway,,Crofton,MD,21114,30.0,6.0,0.2,Operations and Manufacturing,Campus B,Warehouse Manager,18,0,1,0,0,0,Israel,25,0,0,0,0,0.0,0,0,0,0,0,0,2026-03-22 20:35:30.559875,CLM020402,No override recorded,No findings
AGENT01061,Alma Hamblin,1991-08-05,417 West Park Place,,Oklahoma City,OK,73103,81.0,19.0,0.2345679012345679,Project Management,Campus B,Secretary,5,0,1,0,0,0,Israel,28,0,0,0,0,0.0,0,0,0,0,0,0,2026-09-09 20:35:30.559906,CLM036365,No override recorded,No findings
AGENT01062,Berta Kellogg,2017-09-06,2835 Jed Road,,Escondido,CA,92027,173.0,41.0,0.23699421965317918,Engineering Department,Campus A,Process Engineer,8,0,2,0,0,1,Ethiopia,0,0,0,0,0,0.0,0,1,1,0,0,0,2026-06-03 20:35:30.559939,CLM008785,No override recorded,No findings
AGENT01063,Jacqueline Krous,2012-03-17,137 East 53rd Avenue,,Anchorage,AK,99518,60.0,17.0,0.2833333333333333,Engineering Department,Campus A,Secretary,7,0,2,1,0,0,Israel,3,0,0,0,0,0.0,0,1,1,0,1,0,2026-07-06 20:35:30.559971,CLM044091,No override recorded,No findings
AGENT01064,Cynthia Kern,1994-05-03,20228 Crabtree Street,,Anchorage,AK,99567,26.0,8.0,0.3076923076923077,Marketing and Business Development,Campus A,Business Development Manager,15,0,1,0,0,0,South Africa,43,0,0,0,0,0.0,0,1,1,0,0,0,2026-06-17 20:35:30.560018,CLM011698,No override recorded,No findings
AGENT01065,Fern Hatcher,1997-12-16,1707 6th Street Northwest,,Washington,DC,20001,16.0,5.0,0.3125,Engineering Department,Campus B,Design Engineer,4,0,3,0,0,0,Iran,0,0,85,0,0,0.0,0,0,0,0,0,1,2026-05-22 20:35:30.560067,CLM011558,Bypassed secondary verification,Unsubstantiated
AGENT01066,Amy King,2001-02-13,1217 Cottondale Road,,Montgomery,AL,36109,52.0,15.0,0.28846153846153844,Engineering Department,Campus A,Head of Engineering,28,0,2,1,0,0,Israel,0,0,41,0,0,0.0,0,0,0,0,0,0,2026-05-16 20:35:30.560103,CLM047945,Approved above authority limit,No findings
AGENT01067,Danny Heckman,1990-09-01,6816 West 84th Circle,#42,Arvada,CO,80003,13.0,0.0,0.0,Finance,Campus B,Budget Manager,20,0,2,0,0,0,UK,16,0,0,0,0,0.0,0,2,1,0,0,0,2026-07-09 20:35:30.560137,CLM012658,No override recorded,No findings
AGENT01068,Patrick Snyder,1992-01-05,12245 West 71st Place,,Arvada,CO,80004,5.0,1.0,0.2,Marketing and Business Development,Campus C,Bid Coordinator,4,0,3,1,0,0,Israel,25,0,0,0,0,0.0,0,2,1,0,0,0,2026-06-19 20:35:30.560172,CLM047241,No override recorded,No findings
AGENT01069,Olga Baer,1995-10-22,8801 North 63rd Drive,,Glendale,AZ,85302,18.0,4.0,0.2222222222222222,Project Management,Campus B,Project Coordinator,10,0,2,0,0,0,Israel,0,0,0,0,0,0.0,0,2,1,0,0,0,2026-07-02 20:35:30.560205,CLM007644,No override recorded,No findings
AGENT01070,John Dishon,2017-07-04,12493 West 84th Circle,,Arvada,CO,80005,13.0,4.0,0.3076923076923077,Operations and Manufacturing,Campus A,Operations Manager,14,0,2,0,0,0,Libya,7,0,0,0,0,0.0,0,1,1,0,0,0,2026-06-15 20:35:30.560239,CLM000712,No override recorded,Unsubstantiated
AGENT01071,Gary Grande,2002-05-12,517 Retford Drive,,Severna Park,MD,21146,15.0,3.0,0.2,Legal and Regulation,Campus A,Regulatory Affairs Officer,25,0,3,0,0,0,Israel,15,0,0,0,0,0.0,0,0,0,0,0,0,2026-07-08 20:35:30.560272,CLM020985,No override recorded,No findings
AGENT01072,Paul Brown,2006-08-24,4253 San Juan Avenue,,Fremont,CA,94536,15.0,3.0,0.2,R&D Department,Campus B,Development Engineer (Hardware / Software / Mechanical),0,0,2,0,0,0,Israel,7,1,0,0,0,0.0,0,1,1,0,0,0,2026-09-01 20:35:30.560303,CLM032614,No override recorded,No findings
AGENT01073,Andrea Manuel,2013-08-19,2411 Alteras Drive,,Nashville,TN,37211,1.0,0.0,0.0,Operations and Manufacturing,Campus B,Secretary,6,0,2,0,0,0,Israel,37,0,0,0,0,0.0,0,0,0,0,0,0,2026-06-21 20:35:30.560375,CLM047240,No override recorded,Unsubstantiated
AGENT01074,Nathan Masterson,1998-07-01,142 Ash Drive,,Montgomery,AL,36117,0.0,0.0,0.0,R&D Department,Campus C,Algorithm Engineer,21,0,2,0,0,0,China,0,0,7,0,0,0.0,0,0,0,0,0,0,2026-07-06 20:35:30.560416,N/A,No override recorded,No findings
AGENT01075,Sylvia Hawkins,1996-03-22,5156 South Dakota Avenue Northeast,,Washington,DC,20017,178.0,52.0,0.29213483146067415,R&D Department,Campus C,Integration and Testing Engineer,26,0,3,0,0,1,Israel,3,1,0,0,0,0.0,0,1,1,0,0,0,2026-06-17 20:35:30.560452,CLM014895,No override recorded,No findings
AGENT01076,George Eder,2012-02-06,3145 19th Avenue Court,,Greeley,CO,80631,28.0,7.0,0.25,Finance,Campus A,Budget Manager,20,0,2,0,0,0,Israel,40,0,5,0,0,0.0,0,0,0,0,0,0,2026-05-25 20:35:30.560487,CLM030638,No override recorded,No findings
AGENT01077,Sandra Tucker,1993-12-14,1600 20th Street Northwest,,Washington,DC,20009,18.0,4.0,0.2222222222222222,Executive Management,Campus B,Chief Marketing and Business Development Officer,9,0,3,0,0,0,Israel,13,3,0,0,0,0.0,0,1,1,0,0,0,2026-05-26 20:35:30.560521,CLM005381,No override recorded,No findings
AGENT01078,Patricia Gloeckner,2003-08-26,4486 U.S. 5,,Newport,VT,5855,48.0,10.0,0.20833333333333334,Finance,Campus A,Accountant,23,0,1,0,0,0,Israel,0,0,5,0,0,0.0,0,0,0,0,0,0,2026-09-09 20:35:30.560555,CLM017643,No override recorded,No findings
AGENT01079,Willie Issa,2011-07-30,7300 West 74th Place,,Arvada,CO,80003,10.0,2.0,0.2,Project Management,Campus A,Secretary,5,0,1,0,0,0,Ukraine,19,0,8,0,0,0.0,0,1,1,0,0,0,2026-06-01 20:35:30.560589,CLM037608,No override recorded,No findings
AGENT01080,Kay Gallo,1999-06-07,6823 Forsythe Drive,,Panama City,FL,32404,126.0,25.0,0.1984126984126984,R&D Department,Campus B,Head of R&D,8,0,3,0,0,0,France,3,0,0,0,0,0.0,0,0,0,0,0,0,2026-06-28 20:35:30.560621,CLM003686,No override recorded,Unsubstantiated
AGENT01081,Bernice Cobb,1998-08-21,65 Arcellia Drive,,Manchester,CT,6042,51.0,17.0,0.3333333333333333,R&D Department,Campus B,Integration and Testing Engineer,9,1,3,0,0,0,France,0,0,0,0,0,0.0,0,3,1,0,1,0,2026-08-09 20:35:30.560655,CLM046418,No override recorded,No findings
AGENT01082,Robin White,2008-08-09,2811 Mechanics Avenue,,Savannah,GA,31404,3.0,0.0,0.0,Operations and Manufacturing,Campus A,Secretary,2,0,1,1,0,1,Israel,14,3,0,0,0,0.0,0,0,0,0,0,0,2026-07-30 20:35:30.560688,CLM013251,No override recorded,No findings
AGENT01083,Mark Fischer,2010-01-14,3101 Penland Parkway,#STE H6,Anchorage,AK,99508,18.0,4.0,0.2222222222222222,Engineering Department,Campus A,Process Engineer,19,0,2,0,0,1,China,0,0,84,1,1,5.0,0,0,0,0,0,1,2026-08-03 20:35:30.560721,CLM048979,Approved above authority limit,Under investigation
AGENT01084,Heather Arterburn,2010-07-20,21 Soling Avenue,,Savannah,GA,31419,104.0,34.0,0.3269230769230769,Human Resources,Campus A,Training Coordinator,4,0,1,0,0,0,France,14,0,0,0,0,0.0,0,1,1,0,0,0,2026-09-10 20:35:30.560754,CLM037856,No override recorded,No findings
AGENT01085,Leo Gaydos,2015-08-09,1157 1st Street Northwest,,Washington,DC,20001,145.0,36.0,0.2482758620689655,Information Technology,Campus C,Information Security Specialist,0,0,2,0,0,0,Israel,0,0,0,0,0,0.0,0,2,1,0,0,0,2026-04-10 20:35:30.560786,CLM049925,No override recorded,No findings
AGENT01086,Barbara Betancourt,2013-08-24,34 Belair Drive,,Holbrook,MA,2343,18.0,4.0,0.2222222222222222,R&D Department,Campus A,Algorithm Engineer,15,0,2,0,1,0,Israel,0,0,0,0,1,3.0,0,0,0,0,0,0,2026-05-16 20:35:30.560818,CLM049524,No override recorded,No findings
AGENT01087,Dorothy Cooper,2010-12-31,6451 West Bell Road,#1144,Glendale,AZ,85308,40.0,10.0,0.25,Project Management,Campus A,Project Manager,16,0,2,1,0,0,Ukraine,57,0,0,0,0,0.0,0,1,1,0,1,0,2026-08-24 20:35:30.560850,CLM045007,No override recorded,No findings
AGENT01088,Wesley Burger,2008-11-25,642 Sagamore Drive,,Montgomery,AL,36109,4.0,1.0,0.25,Marketing and Business Development,Campus C,Business Development Manager,7,0,1,0,1,0,Ethiopia,21,0,3,0,0,0.0,0,1,1,0,0,0,2026-04-14 20:35:30.560882,CLM023640,No override recorded,No findings
AGENT01089,William See,2009-02-14,4001 19th Place Northeast,,Washington,DC,20018,192.0,57.0,0.296875,Operations and Manufacturing,Campus C,Logistics Manager,5,0,1,1,0,0,Ukraine,3,0,0,0,0,0.0,0,0,0,0,0,0,2026-08-02 20:35:30.560915,CLM005448,No override recorded,No findings
AGENT01090,David Pastrano,1999-10-21,7952 South Algonquian Way,,Aurora,CO,80016,10.0,2.0,0.2,R&D Department,Campus C,Algorithm Engineer,13,1,2,0,0,0,Israel,0,0,10,0,0,0.0,0,0,0,0,0,0,2026-07-06 20:35:30.560946,CLM006236,No override recorded,No findings
AGENT01091,Joshua Losey,2004-10-09,2246 West Fairview Avenue,,Montgomery,AL,36108,126.0,35.0,0.2777777777777778,R&D Department,Campus B,Algorithm Engineer,18,0,3,0,1,0,France,0,0,4,0,0,0.0,0,0,0,0,0,0,2026-08-01 20:35:30.560977,CLM025274,No override recorded,No findings
AGENT01092,Anthony Campbell,2003-01-10,505 Tarpon Street,,Panama City Beach,FL,32413,36.0,11.0,0.3055555555555556,Engineering Department,Campus A,Test Engineer,18,1,2,1,0,0,Brazil,0,0,28,0,0,0.0,0,1,1,0,0,0,2026-06-10 20:35:30.561025,CLM012177,No override recorded,No findings
AGENT01093,Jose Northrup,1994-07-12,1314 89th Avenue,,Oakland,CA,94621,40.0,7.0,0.175,Information Technology,Campus C,Information Security Specialist,23,0,1,0,0,0,Israel,1,0,120,0,0,0.0,0,1,2,0,1,1,2026-08-20 20:35:30.561073,CLM009376,Unscheduled record access,Confirmed - insider risk
AGENT01094,Robert Venable,1997-04-15,3949 Ethan Allen Highway,,Saint Albans City,VT,5478,29.0,7.0,0.2413793103448276,Operations and Manufacturing,Campus B,Logistics Manager,7,0,1,0,0,1,Israel,48,0,0,0,0,0.0,0,1,1,0,0,0,2026-07-31 20:35:30.561109,CLM028597,No override recorded,No findings
AGENT01095,Luke Carrero,2014-02-03,802 Virginia Avenue,,Lynn Haven,FL,32444,13.0,2.0,0.15384615384615385,Project Management,Campus A,Project Coordinator,7,0,1,0,0,1,Israel,27,0,0,0,0,0.0,0,1,1,0,0,0,2026-07-02 20:35:30.561162,CLM017756,No override recorded,No findings
AGENT01096,Robert Beier,2016-07-28,1004 Bellflower Street,,Livermore,CA,94551,10.0,1.0,0.1,Engineering Department,Campus A,Systems Engineer,13,1,3,0,0,0,Ethiopia,1,0,0,0,0,0.0,0,1,1,0,0,0,2026-07-23 20:35:30.561200,CLM036222,No override recorded,No findings
AGENT01097,Barbara Miller,1993-09-28,189 Dalton Avenue,,Pittsfield,MA,1201,8.0,1.0,0.125,Operations and Manufacturing,Campus C,Warehouse Manager,16,0,3,1,0,0,Morocco,0,0,0,0,1,7.0,0,0,0,0,0,0,2026-08-25 20:35:30.561234,CLM049091,Approved above authority limit,No findings
AGENT01098,Adriane Clennon,1992-01-23,1828 Ridgewick Road,,Glen Burnie,MD,21061,9.0,4.0,0.4444444444444444,R&D Department,Campus A,Systems Engineer,7,0,2,0,0,0,Israel,0,0,23,0,0,0.0,0,0,0,0,0,0,2026-04-19 20:35:30.561268,CLM014336,No override recorded,No findings
AGENT01099,Zachariah Mason,1999-09-05,97 Lincoln Street,,Fitchburg,MA,1420,57.0,12.0,0.21052631578947367,Engineering Department,Campus B,Design Engineer,3,0,3,0,0,1,Israel,0,0,0,0,0,0.0,0,1,1,0,1,0,2026-07-24 20:35:30.561301,CLM038909,Approved above authority limit,No findings
AGENT01100,Denice Harp,2010-09-25,555 North Dupont Avenue,#C-55,Nashville,TN,37115,14.0,4.0,0.2857142857142857,Engineering Department,Campus B,Process Engineer,17,0,2,0,0,0,Israel,8,0,0,0,0,0.0,0,1,1,0,0,0,2026-06-17 20:35:30.561340,CLM021783,No override recorded,Unsubstantiated
AGENT01101,Andre Gault,1991-05-13,109 High Street,,Manchester,CT,6040,3.0,1.0,0.3333333333333333,Engineering Department,Campus A,Systems Engineer,18,1,2,0,0,0,Germany,14,2,0,0,0,0.0,0,1,1,0,0,0,2026-07-07 20:35:30.561377,CLM028938,No override recorded,No findings
AGENT01102,Anne Hunt,2010-08-05,501 Running Creek Place,,Louisville,KY,40243,142.0,33.0,0.2323943661971831,Finance,Campus C,Secretary,7,0,1,0,0,0,Israel,0,0,3,0,0,0.0,0,1,1,0,0,0,2026-07-31 20:35:30.561414,CLM014800,No override recorded,No findings
AGENT01103,Linda Ledford,2003-01-04,5420 Allison Street,#202,Arvada,CO,80002,82.0,24.0,0.2926829268292683,Information Technology,Campus A,Secretary,7,0,1,0,0,0,Israel,0,0,32,0,0,0.0,0,1,1,0,0,0,2026-07-07 20:35:30.561447,CLM047910,No override recorded,No findings
AGENT01104,Mitchell Cooks,1994-04-24,2555 West 69th Court,,Anchorage,AK,99502,119.0,34.0,0.2857142857142857,Operations and Manufacturing,Campus C,Warehouse Manager,6,1,1,0,0,0,Ethiopia,4,0,0,0,0,0.0,0,2,1,0,0,0,2026-05-14 20:35:30.561478,CLM031830,No override recorded,No findings
AGENT01105,Betty Walker,2007-01-06,631 West 32nd Avenue,#APT 000134,Anchorage,AK,99503,228.0,57.0,0.25,Security and Information Security,Campus B,Cyber Analyst,1,0,4,0,0,0,Israel,1,0,4,0,0,0.0,0,1,1,0,0,0,2026-04-14 20:35:30.561511,CLM041379,No override recorded,No findings
AGENT01106,Isaac Willard,1999-10-01,103 Razz Way,,Panama City Beach,FL,32408,11.0,4.0,0.36363636363636365,Engineering Department,Campus C,Design Engineer,21,0,2,1,0,0,USA,35,20,0,0,0,0.0,0,2,1,0,0,1,2026-05-09 20:35:30.561542,CLM025623,Bypassed secondary verification,Under investigation
AGENT01107,Greg Mclaughlin,1995-03-16,10406 Sunlight Lane,,Louisville,KY,40272,13.0,4.0,0.3076923076923077,Marketing and Business Development,Campus C,Business Development Manager,10,0,1,0,0,0,Israel,0,0,9,0,1,10.0,0,0,0,0,0,0,2026-05-09 20:35:30.561573,CLM013525,No override recorded,No findings
AGENT01108,Sharon Wheeler,1997-10-19,487 Maury Street,,Montgomery,AL,36104,57.0,16.0,0.2807017543859649,Information Technology,Campus C,Information Security Specialist,3,0,1,0,0,0,Kuwait,44,0,34,0,0,0.0,0,1,1,0,0,0,2026-03-27 20:35:30.561607,CLM015880,No override recorded,No findings
AGENT01109,Rita Landes,2007-04-02,5732 Jean Drive,,Union City,CA,94587,47.0,14.0,0.2978723404255319,Project Management,Campus A,Project Manager,7,0,2,0,0,0,Hungary,31,0,0,0,0,0.0,0,1,1,0,0,0,2026-07-20 20:35:30.561638,CLM021562,Approved above authority limit,No findings
AGENT01110,Bryan Rasmussen,2002-12-29,3301 Nora Lane,,Louisville,KY,40220,4.0,2.0,0.5,Engineering Department,Campus B,Design Engineer,20,0,3,1,0,1,Israel,5,0,0,0,0,0.0,0,2,1,0,0,0,2026-08-30 20:35:30.561669,CLM041900,No override recorded,No findings
AGENT01111,Beverly Williams,2007-06-10,420 Cove Villa Street,,Panama City Beach,FL,32407,67.0,17.0,0.2537313432835821,Project Management,Campus C,Project Manager,8,0,2,0,0,1,Ukraine,1,0,0,0,0,0.0,0,2,1,0,0,0,2026-06-04 20:35:30.561700,CLM041904,No override recorded,No findings
AGENT01112,Patricia Short,2018-06-14,3365 Wyndham Drive,,Fremont,CA,94536,11.0,4.0,0.36363636363636365,Operations and Manufacturing,Campus A,Secretary,1,0,2,0,0,0,Israel,50,0,7,0,0,0.0,0,0,0,0,0,0,2026-05-24 20:35:30.561732,CLM040641,No override recorded,No findings
AGENT01113,Michael Snyder,1999-03-11,3528 Seasons Drive,,Nashville,TN,37013,10.0,3.0,0.3,Operations and Manufacturing,Campus C,Operations Manager,12,0,1,0,0,1,Israel,21,0,0,0,0,0.0,0,0,0,0,0,0,2026-07-24 20:35:30.561762,CLM026007,No override recorded,No findings
AGENT01114,Dianne Peters,2010-03-13,224 Michael Sears Road,,Belchertown,MA,1007,28.0,4.0,0.14285714285714285,Human Resources,Campus A,Recruitment Coordinator,9,0,1,0,0,1,China,52,0,0,0,0,0.0,0,2,1,0,0,0,2026-05-05 20:35:30.561792,CLM007651,No override recorded,Unsubstantiated
AGENT01115,Alex Peters,1999-10-27,505 Tarpon Street,,Panama City Beach,FL,32413,46.0,13.0,0.2826086956521739,Information Technology,Campus B,IT Director,11,0,1,0,0,0,Israel,6,0,0,0,0,0.0,0,0,0,0,0,0,2026-06-12 20:35:30.561822,CLM038171,No override recorded,No findings
AGENT01116,Todd Martin,2006-07-15,11655 West 81st Avenue,,Arvada,CO,80005,38.0,14.0,0.3684210526315789,Information Technology,Campus B,Data Scientist,6,0,2,0,0,0,Brazil,0,0,44,0,0,0.0,0,0,0,0,0,0,2026-07-19 20:35:30.561854,CLM021500,No override recorded,Unsubstantiated
AGENT01117,Karen Rawling,1995-08-17,2300 Deer Path Circle,#207,Hurstbourne Acres,KY,40220,0.0,0.0,0.0,Project Management,Campus B,Secretary,8,0,1,0,0,1,Morocco,50,0,0,0,0,0.0,0,1,1,0,0,0,2026-06-18 20:35:30.561916,N/A,No override recorded,No findings
AGENT01118,William Leslie,1993-12-07,8010 Holland Court,D,Arvada,CO,80005,75.0,18.0,0.24,Operations and Manufacturing,Campus B,Operations Manager,11,0,1,1,0,0,Israel,0,0,10,0,0,0.0,0,1,1,0,0,0,2026-06-16 20:35:30.561956,CLM006518,No override recorded,No findings
AGENT01119,Robin Justice,2007-09-20,2906 Clare Avenue,,Nashville,TN,37209,12.0,2.0,0.16666666666666666,Project Management,Campus C,Project Coordinator,5,0,1,0,0,0,Georgia,64,0,0,0,0,0.0,0,1,1,0,0,0,2026-06-26 20:35:30.561992,CLM034860,No override recorded,No findings
AGENT01120,Leslie Philbert,2004-07-09,4822 Piney Branch Road Northwest,,Washington,DC,20011,9.0,4.0,0.4444444444444444,Information Technology,Campus A,Enterprise Systems Developer (ERP / CRM / SAP),2,0,2,0,0,1,Morocco,10,6,104,0,0,0.0,0,1,1,0,0,1,2026-07-05 20:35:30.562051,CLM037946,No override recorded,Under investigation
AGENT01121,Julia Holmgren,1996-02-23,98 Lincoln Street,,Revere,MA,2151,69.0,9.0,0.13043478260869565,Marketing and Business Development,Campus B,Bid Coordinator,24,0,1,0,0,0,India,339,0,0,0,0,0.0,0,2,1,0,0,1,2026-07-08 20:35:30.562092,CLM020298,No override recorded,Under investigation
AGENT01122,Ray Dunlap,2008-04-09,7132 South Villa Avenue,,Oklahoma City,OK,73159,142.0,34.0,0.23943661971830985,Operations and Manufacturing,Campus B,Secretary,9,0,1,0,0,1,Israel,10,0,0,0,0,0.0,0,1,1,0,0,0,2026-06-04 20:35:30.562129,CLM043165,No override recorded,No findings
AGENT01123,Aiko Audet,2004-05-18,404 Dewey Street,,Woodford,VT,5201,80.0,20.0,0.25,R&D Department,Campus A,Development Engineer (Hardware / Software / Mechanical),1,0,2,0,0,0,Ethiopia,7,0,0,0,0,0.0,0,2,1,0,0,0,2026-06-07 20:35:30.562165,CLM005853,No override recorded,No findings
AGENT01124,Julie Sims,2013-10-03,1751 Shoreham Drive,,Montgomery,AL,36106,75.0,16.0,0.21333333333333335,R&D Department,Campus C,Algorithm Engineer,19,0,2,0,0,0,Turkey,0,0,37,0,0,0.0,0,2,1,0,0,0,2026-09-01 20:35:30.562199,CLM044076,No override recorded,Unsubstantiated
AGENT01125,Frank Valenzuela,2005-09-20,238 Brookley Avenue Southwest,,Washington,DC,20373,50.0,14.0,0.28,Marketing and Business Development,Campus B,Secretary,12,0,1,0,0,1,Israel,10,0,0,0,0,0.0,0,1,1,0,0,0,2026-08-31 20:35:30.562233,CLM014993,No override recorded,No findings
AGENT01126,Robyn Garcia,1994-04-14,6016 Northwest 27th Street,,Oklahoma City,OK,73127,44.0,8.0,0.18181818181818182,Finance,Campus A,Budget Manager,17,0,2,0,0,0,Russia,0,0,6,0,0,0.0,0,1,1,0,0,0,2026-03-27 20:35:30.562268,CLM029800,No override recorded,No findings
AGENT01127,Robert Ward,1999-06-02,5150 West Eugie Avenue,#2021,Glendale,AZ,85304,3.0,1.0,0.3333333333333333,Marketing and Business Development,Campus A,Bid Coordinator,21,0,2,0,0,0,Israel,0,0,0,0,0,0.0,0,2,1,0,0,0,2026-04-24 20:35:30.562302,CLM032164,No override recorded,Unsubstantiated
AGENT01128,John Castle,2017-09-01,1528 Spruce Street,M,Berkeley,CA,94709,26.0,5.0,0.19230769230769232,Project Management,Campus C,Secretary,14,0,2,0,0,0,Ukraine,52,0,6,0,0,0.0,0,0,0,0,0,0,2026-08-26 20:35:30.562342,CLM025767,No override recorded,No findings
AGENT01129,Christopher Amin,1991-08-18,539 Palermo Road,,Panama City,FL,32405,28.0,8.0,0.2857142857142857,Information Technology,Campus A,BI Developer / Data Analyst,16,0,1,0,0,0,South Africa,0,0,46,0,0,0.0,0,2,1,0,0,0,2026-07-06 20:35:30.562380,CLM046040,No override recorded,No findings
AGENT01130,Lauren Resh,2018-01-10,11843 North 60th Avenue,,Glendale,AZ,85304,10.0,2.0,0.2,R&D Department,Campus A,Secretary,14,1,2,0,0,0,Israel,0,0,0,0,0,0.0,0,1,1,0,1,0,2026-03-31 20:35:30.562412,CLM041436,No override recorded,No findings
AGENT01131,Keith Davis,2009-06-29,2508 Grant Avenue,,Panama City,FL,32405,57.0,18.0,0.3157894736842105,R&D Department,Campus B,Algorithm Engineer,20,0,2,0,0,0,Israel,1,0,27,0,0,0.0,0,0,0,0,0,0,2026-05-20 20:35:30.562445,CLM035474,No override recorded,Unsubstantiated
AGENT01132,Henry Howell,2012-04-06,1400 Rosa L Parks Boulevard,#305,Nashville,TN,37208,33.0,8.0,0.24242424242424243,Operations and Manufacturing,Campus A,Procurement Officer,18,0,2,0,0,1,Russia,5,0,0,0,0,0.0,0,2,1,0,0,0,2026-07-11 20:35:30.562477,CLM048903,No override recorded,No findings
AGENT01133,Cynthia Illsley,2010-06-06,57 Hidden Lake Court,,Savannah,GA,31419,8.0,2.0,0.25,Human Resources,Campus B,Secretary,3,0,1,0,0,1,South Africa,14,0,0,0,0,0.0,0,1,1,0,0,0,2026-04-14 20:35:30.562509,CLM003122,No override recorded,Unsubstantiated
AGENT01134,Joanna Bailey,2007-12-25,129 Lark Lane,,Farmington,AR,72730,11.0,4.0,0.36363636363636365,Operations and Manufacturing,Campus B,Logistics Manager,7,0,1,0,0,1,Israel,12,0,0,0,0,0.0,0,2,1,0,0,0,2026-09-12 20:35:30.562541,CLM040595,No override recorded,No findings
AGENT01135,Shannon Kee,2005-01-05,218 Durham Park Way,,Pooler,GA,31322,48.0,6.0,0.125,Finance,Campus B,Budget Manager,19,0,1,0,0,0,Argentina,1,0,5,0,0,0.0,0,0,0,0,0,0,2026-04-21 20:35:30.562573,CLM049781,No override recorded,No findings
AGENT01136,Melissa Dolecki,1996-03-14,4308 Princess Lane,,Nashville,TN,37218,4.0,1.0,0.25,Engineering Department,Campus A,Systems Engineer,4,0,2,0,0,0,Israel,14,0,0,0,0,0.0,0,1,1,0,0,0,2026-05-07 20:35:30.562609,CLM009858,Approved above authority limit,No findings
AGENT01137,Dominique Martin,2004-09-26,529 Wesley Avenue,,Nashville,TN,37207,80.0,15.0,0.1875,Operations and Manufacturing,Campus A,Warehouse Manager,5,0,2,1,0,0,Russia,0,0,6,0,0,0.0,0,1,1,0,0,0,2026-05-30 20:35:30.562641,CLM002654,No override recorded,No findings
AGENT01138,Allen Ayers,1991-08-29,15253 North 62nd Avenue,,Glendale,AZ,85306,23.0,4.0,0.17391304347826086,Marketing and Business Development,Campus B,Marketing Manager,8,0,2,0,0,0,Russia,0,0,0,0,0,0.0,0,2,1,0,0,0,2026-07-29 20:35:30.562672,CLM014022,No override recorded,No findings
AGENT01139,Lois Sheets,2001-10-31,93 Hamlin Street,,Manchester,CT,6040,18.0,6.0,0.3333333333333333,Engineering Department,Campus B,Test Engineer,21,0,2,0,0,0,Israel,9,2,0,0,0,0.0,0,2,1,0,0,0,2026-07-23 20:35:30.562704,CLM024447,No override recorded,Unsubstantiated
AGENT01140,Willie Smith,2013-10-13,327 Fairway Boulevard,,Panama City Beach,FL,32407,33.0,6.0,0.18181818181818182,Marketing and Business Development,Campus B,Bid Coordinator,3,0,1,1,0,0,Poland,0,0,0,0,1,6.0,1,0,0,0,0,0,2026-04-03 20:35:30.562735,CLM019646,No override recorded,No findings
AGENT01141,Cynthia Hines,2012-02-14,5628 West Tonopah Drive,,Glendale,AZ,85308,70.0,14.0,0.2,Marketing and Business Development,Campus A,Secretary,11,0,1,0,0,0,Poland,11,0,0,0,0,0.0,0,0,0,0,0,0,2026-06-30 20:35:30.562767,CLM031882,No override recorded,No findings
AGENT01142,Frank Kuss,2006-06-02,3313 Daisy Trail,,Nashville,TN,37013,14.0,2.0,0.14285714285714285,Engineering Department,Campus B,Systems Engineer,18,0,2,1,0,1,Israel,2,0,0,0,0,0.0,0,1,1,0,0,0,2026-06-21 20:35:30.562798,CLM008126,No override recorded,No findings
AGENT01143,George Milligan,1993-10-19,5628 West Tonopah Drive,,Glendale,AZ,85308,46.0,11.0,0.2391304347826087,Operations and Manufacturing,Campus C,Secretary,16,0,2,1,0,0,France,39,0,0,0,0,0.0,0,0,0,0,0,0,2026-05-28 20:35:30.562829,CLM038873,No override recorded,No findings
AGENT01144,Karen Parker,1999-09-18,312 Northwest 90th Street,,Oklahoma City,OK,73114,38.0,10.0,0.2631578947368421,Information Technology,Campus B,IT Director,29,1,1,0,0,1,Israel,6,0,36,0,0,0.0,0,1,1,0,0,0,2026-09-01 20:35:30.562859,CLM033851,No override recorded,No findings
AGENT01145,Jacqueline Scott,2005-09-08,829 Dunbarton Road,,Montgomery,AL,36117,15.0,4.0,0.26666666666666666,Project Management,Campus C,Secretary,14,1,2,0,0,0,Russia,4,0,0,0,0,0.0,0,1,1,0,1,0,2026-06-06 20:35:30.562890,CLM024222,No override recorded,No findings
AGENT01146,Charla Dash,2004-02-02,2337 Nebraska Avenue,,Selma,CA,93662,93.0,24.0,0.25806451612903225,Engineering Department,Campus B,Test Engineer,25,0,3,0,0,1,India,7,2,2,0,0,0.0,0,2,1,0,0,0,2026-07-24 20:35:30.562922,CLM042893,No override recorded,No findings
AGENT01147,Robert Talamantes,2001-11-14,17794 West 77th Lane,,Arvada,CO,80007,71.0,14.0,0.19718309859154928,Information Technology,Campus C,Secretary,11,0,1,0,0,0,Morocco,1,0,49,0,0,0.0,0,1,1,0,0,0,2026-09-16 20:35:30.562954,CLM039296,No override recorded,No findings
AGENT01148,Charles Magnusson,2010-06-05,2262 Hall Place Northwest,,Washington,DC,20007,46.0,13.0,0.2826086956521739,Information Technology,Campus C,Secretary,9,0,1,0,0,0,UK,0,0,55,0,0,0.0,0,1,1,0,0,0,2026-08-21 20:35:30.562985,CLM005735,No override recorded,Unsubstantiated
AGENT01149,Bonnie Ray,2011-01-29,1780 142nd Avenue,,San Leandro,CA,94578,68.0,15.0,0.22058823529411764,Operations and Manufacturing,Campus B,Warehouse Manager,21,0,2,0,0,0,Ukraine,10,0,0,0,0,0.0,0,0,0,0,0,0,2026-06-04 20:35:30.563038,CLM040999,No override recorded,Unsubstantiated
AGENT01150,David Hernandez,2005-08-13,10891 Kamishak Bay Circle,,Anchorage,AK,99515,82.0,17.0,0.2073170731707317,R&D Department,Campus B,Development Engineer (Hardware / Software / Mechanical),24,0,3,0,0,0,Israel,0,0,27,0,0,0.0,0,0,0,0,0,0,2026-04-03 20:35:30.563084,CLM025977,No override recorded,Unsubstantiated
AGENT01151,Clarence Saul,2015-02-07,5 Hibiscus Avenue,,Savannah,GA,31404,54.0,14.0,0.25925925925925924,Engineering Department,Campus A,Head of Engineering,16,0,2,0,0,0,Israel,1,0,5,0,0,0.0,0,1,1,0,0,0,2026-05-05 20:35:30.563122,CLM048910,No override recorded,No findings
AGENT01152,Michael Linzan,2012-01-22,6605 North 93RD Avenue,#1016,Glendale,AZ,85305,88.0,25.0,0.2840909090909091,Information Technology,Campus C,Information Security Specialist,23,0,1,0,0,0,Israel,24,12,115,0,0,0.0,0,0,0,0,0,1,2026-06-19 20:35:30.563157,CLM009891,Approved above authority limit,Under investigation
AGENT01153,John Lewis,2006-08-14,938 Elkridge Landing Road,,Linthicum Heights,MD,21090,47.0,12.0,0.2553191489361702,Operations and Manufacturing,Campus C,Secretary,13,0,1,0,0,0,Ethiopia,6,0,0,0,0,0.0,0,0,0,0,0,0,2026-09-03 20:35:30.563191,CLM049070,No override recorded,Unsubstantiated
AGENT01154,Nichole Wright,2012-11-24,382 Ocean Avenue,#1602,Revere,MA,2151,36.0,12.0,0.3333333333333333,Information Technology,Campus C,BI Developer / Data Analyst,16,0,2,0,0,0,Russia,0,0,0,0,1,8.0,0,0,0,0,0,0,2026-04-24 20:35:30.563224,CLM045111,No override recorded,Unsubstantiated
AGENT01155,Francisca Carrier,1999-11-14,7030 West Krall Street,,Glendale,AZ,85303,44.0,12.0,0.2727272727272727,Project Management,Campus A,Project Manager,20,0,3,0,0,1,Ukraine,13,0,0,0,0,0.0,0,1,1,0,0,0,2026-06-29 20:35:30.563257,CLM038942,No override recorded,No findings
AGENT01156,Margaret Wehling,1997-09-09,3729 East Mission Boulevard,,Fayetteville,AR,72703,64.0,7.0,0.109375,Finance,Campus A,Accountant,25,0,2,1,0,0,Israel,12,0,0,0,0,0.0,0,1,1,0,0,0,2026-09-06 20:35:30.563290,CLM030302,No override recorded,No findings
AGENT01157,Valerie Roush,1998-07-27,8474 Chase Drive,,Arvada,CO,80003,11.0,3.0,0.2727272727272727,R&D Department,Campus B,Development Engineer (Hardware / Software / Mechanical),24,1,2,0,0,0,Israel,0,0,38,0,0,0.0,0,1,1,0,0,0,2026-05-07 20:35:30.563322,CLM036947,Approved above authority limit,No findings
AGENT01158,Paul Hanson,2014-10-25,8886 West 77th Circle,,Arvada,CO,80005,83.0,26.0,0.3132530120481928,Information Technology,Campus B,Secretary,12,0,2,0,0,0,Hungary,1,0,0,0,0,0.0,0,0,0,0,0,0,2026-09-01 20:35:30.563366,CLM015751,Approved above authority limit,Unsubstantiated
AGENT01159,Benjamin Lanier,2002-03-25,6601 West Ocotillo Road,,Glendale,AZ,85301,77.0,15.0,0.19480519480519481,R&D Department,Campus B,Systems Engineer,6,0,3,0,0,0,Ukraine,0,0,40,0,0,0.0,0,1,1,0,0,0,2026-04-25 20:35:30.563399,CLM019857,No override recorded,No findings
AGENT01160,Scott Mcintyre,2012-12-15,182 Irving Street,,Manchester,CT,6042,1.0,0.0,0.0,Marketing and Business Development,Campus C,Marketing Manager,15,0,2,0,1,0,Romania,44,0,0,0,0,0.0,0,1,1,0,0,0,2026-05-03 20:35:30.563433,CLM037305,No override recorded,Unsubstantiated
AGENT01161,Charlotte Payne,2012-10-12,200 Boulder Road,,Manchester,CT,6040,66.0,12.0,0.18181818181818182,R&D Department,Campus B,Integration and Testing Engineer,0,0,3,0,0,0,Israel,0,0,9,0,0,0.0,0,0,0,0,0,0,2026-06-24 20:35:30.563465,CLM007943,Approved above authority limit,No findings
AGENT01162,James Martinez,2014-03-26,2707 Eden Street,,Nashville,TN,37208,6.0,2.0,0.3333333333333333,R&D Department,Campus C,Systems Engineer,17,0,2,0,0,0,France,0,0,0,0,0,0.0,0,1,1,0,0,1,2026-06-15 20:35:30.563497,CLM012699,Unscheduled record access,Under investigation
AGENT01163,William Rodriguez,2011-07-02,202 Deer Run Trail,,Manchester,CT,6042,9.0,5.0,0.5555555555555556,R&D Department,Campus C,Systems Engineer,2,0,3,0,0,0,Israel,0,0,0,0,1,2.0,0,0,0,0,0,0,2026-07-20 20:35:30.563531,CLM030166,No override recorded,No findings
AGENT01164,George Perry,2005-11-01,1425 Claremont Circle,,Savannah,GA,31415,56.0,13.0,0.23214285714285715,Operations and Manufacturing,Campus A,Secretary,14,0,1,0,0,0,Russia,7,0,5,0,0,0.0,0,0,0,0,0,0,2026-08-29 20:35:30.563562,CLM042526,No override recorded,Unsubstantiated
AGENT01165,Charles Vanetten,1996-07-18,2849 Leawood Drive,,Anchorage,AK,99502,8.0,0.0,0.0,Marketing and Business Development,Campus A,Bid Coordinator,21,0,2,0,0,0,Israel,8,0,0,0,0,0.0,0,0,0,0,0,0,2026-04-08 20:35:30.563594,CLM006478,No override recorded,No findings
AGENT01166,Lynn Bailey,1990-12-04,6902 West Sherri Jean Lane,,Peoria,AZ,85382,77.0,21.0,0.2727272727272727,R&D Department,Campus C,Head of R&D,17,0,3,0,0,0,Ethiopia,0,0,25,0,0,0.0,0,2,1,0,0,0,2026-08-29 20:35:30.563627,CLM047041,No override recorded,No findings
AGENT01167,Jessica Bromley,1991-04-01,3 Dayton Street,,Chelmsford,MA,1863,74.0,23.0,0.3108108108108108,Operations and Manufacturing,Campus B,Logistics Manager,12,1,2,1,0,0,Russia,3,0,0,0,0,0.0,0,0,0,0,0,0,2026-07-21 20:35:30.563659,CLM004052,No override recorded,No findings
AGENT01168,Donald Olivarez,2002-07-21,26466 Mockingbird Lane,,Hayward,CA,94544,32.0,2.0,0.0625,Operations and Manufacturing,Campus B,Procurement Officer,3,0,2,0,0,0,Ukraine,6,0,0,0,0,0.0,0,0,0,0,0,0,2026-08-01 20:35:30.563690,CLM044819,No override recorded,No findings
AGENT01169,Tracey Banks,2015-01-02,269 Hugh Thomas Drive,,Panama City,FL,32404,0.0,0.0,0.0,R&D Department,Campus A,Head of R&D,24,0,2,0,0,1,Hungary,0,0,37,0,0,0.0,0,0,0,0,0,0,2026-04-26 20:35:30.563721,N/A,No override recorded,No findings
AGENT01170,Lonnie Mcgill,2016-11-14,1613 Maple Timber Court,,Nashville,TN,37013,12.0,1.0,0.08333333333333333,R&D Department,Campus A,Head of R&D,11,0,2,0,0,0,Israel,0,0,0,0,1,7.0,0,0,0,0,0,0,2026-07-04 20:35:30.563753,CLM023689,No override recorded,No findings
AGENT01171,John Roten,1997-04-26,164 Tensaw Road,,Montgomery,AL,36117,42.0,11.0,0.2619047619047619,Marketing and Business Development,Campus B,Marketing Manager,14,0,1,0,0,1,France,1,0,0,0,0,0.0,0,1,1,0,0,0,2026-08-30 20:35:30.563785,CLM019252,No override recorded,No findings
AGENT01172,Katherine Garcia,2017-01-03,9223 Elgin Circle,,Anchorage,AK,99502,184.0,47.0,0.2554347826086957,Project Management,Campus A,Secretary,2,0,2,0,0,0,France,60,0,0,0,0,0.0,0,0,0,0,0,0,2026-07-02 20:35:30.563817,CLM004394,Approved above authority limit,No findings
AGENT01173,William Petersen,1993-02-01,29076 Little Big Horn Drive,,Evergreen,CO,80439,33.0,8.0,0.24242424242424243,Project Management,Campus A,Project Engineer,8,0,2,0,0,1,Israel,31,0,0,0,0,0.0,0,0,0,0,0,0,2026-04-20 20:35:30.563850,CLM029878,No override recorded,Unsubstantiated
AGENT01174,Trina Hill,1994-11-10,15254 North 52nd Avenue,,Glendale,AZ,85306,4.0,1.0,0.25,Operations and Manufacturing,Campus A,Procurement Officer,1,0,1,0,0,0,Israel,22,0,0,0,0,0.0,0,1,1,0,0,0,2026-07-30 20:35:30.563884,CLM015508,No override recorded,No findings
AGENT01175,Nidia Snider,2002-01-25,3904 Martagon Circle,,Anchorage,AK,99516,35.0,12.0,0.34285714285714286,Finance,Campus B,Accountant,13,0,2,0,0,1,Canada,18,0,5,0,0,0.0,0,0,0,0,0,0,2026-09-01 20:35:30.563917,CLM027844,No override recorded,Unsubstantiated
AGENT01176,Archie Coy,2012-06-15,517 West 33rd Street,,Savannah,GA,31415,28.0,8.0,0.2857142857142857,R&D Department,Campus C,Systems Engineer,5,0,2,0,0,0,Israel,6,1,0,0,0,0.0,0,2,1,0,0,0,2026-05-05 20:35:30.563948,CLM044356,Approved above authority limit,No findings
AGENT01177,Jeffrey Merrell,2013-07-10,1622 Orchard Avenue,,Louisville,KY,40213,70.0,17.0,0.24285714285714285,Engineering Department,Campus A,Systems Engineer,4,0,2,0,0,0,Israel,0,0,38,0,0,0.0,0,1,1,0,0,0,2026-08-01 20:35:30.563980,CLM024465,No override recorded,No findings
AGENT01178,David Young,1991-11-14,324 Tulip Oak Court,,Linthicum Heights,MD,21090,7.0,2.0,0.2857142857142857,R&D Department,Campus B,Development Engineer (Hardware / Software / Mechanical),20,0,2,0,0,0,Israel,2,0,0,0,0,0.0,0,0,0,0,0,0,2026-04-02 20:35:30.564030,CLM038083,No override recorded,No findings
AGENT01179,Ryan Schneider,2005-12-02,6800 West Bell Road,,Glendale,AZ,85308,50.0,16.0,0.32,R&D Department,Campus C,Systems Engineer,17,0,2,0,0,0,France,38,0,0,0,0,0.0,0,3,1,0,0,1,2026-04-16 20:35:30.564074,CLM042765,No override recorded,Confirmed - insider risk
AGENT01180,Leo Leblanc,1993-09-23,10175 West 58th Place,#505,Arvada,CO,80004,31.0,9.0,0.2903225806451613,Information Technology,Campus A,IT Director,27,0,1,0,0,0,Israel,15,0,0,0,0,0.0,0,1,1,0,1,0,2026-07-02 20:35:30.564108,CLM034759,No override recorded,Unsubstantiated
AGENT01181,Bonita Holcomb,2001-11-10,2052 East 42nd Street,,Savannah,GA,31404,114.0,25.0,0.21929824561403508,Operations and Manufacturing,Campus C,Manufacturing Engineer,6,0,2,0,0,1,Israel,37,0,0,0,0,0.0,0,2,1,0,0,0,2026-07-24 20:35:30.564141,CLM036174,No override recorded,No findings
AGENT01182,Micah Tucker,2008-10-02,3377 Sandstone Court,,Pleasanton,CA,94588,18.0,4.0,0.2222222222222222,R&D Department,Campus A,Systems Engineer,0,1,3,0,0,0,USA,0,0,32,0,0,0.0,0,1,1,0,0,0,2026-06-05 20:35:30.564175,CLM002245,No override recorded,No findings
AGENT01183,Elisa Guerrero,1991-09-06,3 Furman Place,,Swanton,VT,5488,35.0,9.0,0.2571428571428571,Engineering Department,Campus A,Test Engineer,23,0,3,1,0,0,Israel,3,0,0,0,0,0.0,0,1,1,0,0,0,2026-08-28 20:35:30.564208,CLM035016,No override recorded,No findings
AGENT01184,James Ayers,2008-11-10,1609 Porter Avenue,,Nashville,TN,37206,102.0,29.0,0.28431372549019607,Operations and Manufacturing,Campus B,Procurement Officer,21,0,3,0,0,0,Morocco,4,0,0,0,0,0.0,0,1,1,0,1,0,2026-07-22 20:35:30.564241,CLM021558,No override recorded,No findings
AGENT01185,Edith Sutton,2005-09-23,552 Maynadier Lane,,Crownsville,MD,21032,6.0,2.0,0.3333333333333333,Marketing and Business Development,Campus B,Bid Coordinator,7,0,1,0,0,0,USA,54,0,10,0,0,0.0,0,0,0,0,0,0,2026-07-21 20:35:30.564273,CLM041397,No override recorded,Unsubstantiated
AGENT01186,Peggie Green,2006-04-02,95 Claiborne Street,,Nashville,TN,37210,126.0,28.0,0.2222222222222222,Marketing and Business Development,Campus C,Bid Coordinator,5,0,1,0,0,0,Ethiopia,53,0,0,0,0,0.0,0,0,0,0,0,0,2026-06-04 20:35:30.564304,CLM037399,No override recorded,Unsubstantiated
AGENT01187,Stella Long,2016-06-11,3116 Northwest 61st Terrace,,Oklahoma City,OK,73112,43.0,6.0,0.13953488372093023,R&D Department,Campus C,Head of R&D,17,0,3,0,0,0,Ethiopia,6,0,0,0,0,0.0,0,1,1,0,0,0,2026-08-24 20:35:30.564378,CLM015289,No override recorded,No findings
AGENT01188,Kenneth Bullard,2009-05-15,9399 Yucca Way,,Arvada,CO,80007,1.0,0.0,0.0,Information Technology,Campus C,Information Security Specialist,22,0,2,0,0,0,Israel,0,0,57,0,0,0.0,0,0,0,0,0,0,2026-07-25 20:35:30.564418,CLM048870,No override recorded,No findings
AGENT01189,Bruce Matheny,2001-05-29,22 Star Farms Drive,,Manchester,CT,6040,13.0,3.0,0.23076923076923078,Engineering Department,Campus B,Secretary,16,0,3,0,0,1,Israel,29,15,0,0,0,0.0,0,1,1,0,0,1,2026-04-24 20:35:30.564453,CLM004081,Unscheduled record access,Unsubstantiated
AGENT01190,Shana Giffin,2007-12-03,212 Holiday Circle,,Savannah,GA,31419,51.0,12.0,0.23529411764705882,R&D Department,Campus C,Systems Engineer,10,0,2,0,1,1,Israel,0,0,46,0,0,0.0,0,1,1,0,0,0,2026-07-21 20:35:30.564489,CLM048741,No override recorded,No findings
AGENT01191,Amy Helton,1993-03-17,984 Greendale Avenue,,Needham,MA,2492,5.0,0.0,0.0,Operations and Manufacturing,Campus C,Operations Manager,7,0,2,0,0,1,Ethiopia,10,0,0,0,0,0.0,0,0,0,0,0,0,2026-07-24 20:35:30.564523,CLM034107,No override recorded,No findings
AGENT01192,Maria Fitzgerald,2010-05-13,2236 Susitna Drive,,Anchorage,AK,99517,43.0,9.0,0.20930232558139536,Engineering Department,Campus C,Head of Engineering,22,0,3,0,0,0,Israel,0,0,72,0,0,0.0,0,2,1,0,0,0,2026-04-26 20:35:30.564557,CLM019164,No override recorded,No findings
AGENT01193,Manuel Montgomery,1995-08-23,3114 US Highway 98,,Mexico Beach,FL,32456,17.0,4.0,0.23529411764705882,Finance,Campus C,Secretary,7,0,1,0,0,0,Israel,5,0,0,0,0,0.0,0,1,1,0,0,0,2026-05-30 20:35:30.564590,CLM039795,No override recorded,No findings
AGENT01194,Trudy Lamar,2006-07-21,125 Connors Street,#516,Gardner,MA,1440,37.0,8.0,0.21621621621621623,Engineering Department,Campus B,Head of Engineering,27,0,2,0,0,1,USA,6,0,0,0,0,0.0,0,0,0,0,0,0,2026-07-06 20:35:30.564623,CLM028309,No override recorded,No findings
AGENT01195,Sarah Razo,1992-09-06,1608 Gales Street Northeast,,Washington,DC,20002,0.0,0.0,0.0,R&D Department,Campus C,Systems Engineer,17,0,2,0,0,0,France,25,10,0,0,0,0.0,0,1,1,0,0,1,2026-05-03 20:35:30.564655,N/A,No override recorded,Confirmed - insider risk
AGENT01196,Myrtle Mccatty,2005-09-14,3553 Brandywine Street Northwest,,Washington,DC,20008,97.0,17.0,0.17525773195876287,Engineering Department,Campus B,Secretary,13,0,2,0,0,0,Ethiopia,0,0,5,0,0,0.0,0,1,1,0,0,0,2026-06-18 20:35:30.564688,CLM033433,No override recorded,No findings
AGENT01197,John Dorsey,1993-12-04,2315 Chestnut Street,,Montgomery,AL,36107,146.0,38.0,0.2602739726027397,Operations and Manufacturing,Campus A,Operations Manager,18,1,2,0,0,1,Ukraine,15,0,0,0,0,0.0,0,0,0,0,0,0,2026-09-13 20:35:30.564721,CLM046431,Approved above authority limit,No findings
AGENT01198,Ruth Bigbee,1993-09-05,1983 Reidsville Street,,Annapolis,MD,21401,162.0,42.0,0.25925925925925924,Legal and Regulation,Campus A,Regulatory Affairs Officer,23,1,3,0,0,0,Israel,47,0,0,0,0,0.0,0,2,1,0,0,0,2026-07-28 20:35:30.564753,CLM033045,No override recorded,No findings
AGENT01199,Tommie Camacho,2004-10-25,5821 Taft Street,,Arvada,CO,80004,49.0,13.0,0.2653061224489796,Project Management,Campus C,Project Engineer,0,0,1,0,0,0,Israel,1,0,0,0,0,0.0,0,1,1,0,0,0,2026-05-14 20:35:30.564785,CLM026677,No override recorded,No findings
AGENT01200,Virginia Stachura,1999-05-25,3579 2nd Avenue,,Edgewater,MD,21037,5.0,3.0,0.6,Marketing and Business Development,Campus C,Secretary,2,0,1,0,0,0,France,0,0,0,0,1,3.0,1,0,0,0,0,0,2026-07-13 20:35:30.564816,CLM042477,No override recorded,Unsubstantiated
