detection_rate,fraud_amount_caught,total_review_cost,net_benefit,fraud_still_missed,pct_of_total_fraud_caught,scenario,n_claims_reviewed
0.5000386523859661,0.0,0.0,0.0,310764764.54,0.0,A - No control (baseline),0
0.02078204117915126,0.0,0.0,0.0,310764764.54,0.0,A - No control (baseline),0
0.4978376024588078,0.0,0.0,0.0,310764764.54,0.0,A - No control (baseline),0
0.5972904498342121,0.0,0.0,0.0,310764764.54,0.0,A - No control (baseline),0
0.814341567785799,0.0,0.0,0.0,310764764.54,0.0,A - No control (baseline),0
0.27969110931148045,0.0,0.0,0.0,310764764.54,0.0,A - No control (baseline),0
0.9272922854450855,0.0,0.0,0.0,310764764.54,0.0,A - No control (baseline),0
0.7572072049002506,0.0,0.0,0.0,310764764.54,0.0,A - No control (baseline),0
0.19772397978579898,0.0,0.0,0.0,310764764.54,0.0,A - No control (baseline),0
0.3747522354354969,0.0,0.0,0.0,310764764.54,0.0,A - No control (baseline),0
0.747316338917461,0.0,0.0,0.0,310764764.54,0.0,A - No control (baseline),0
0.31107263792932227,0.0,0.0,0.0,310764764.54,0.0,A - No control (baseline),0
0.12205197386131508,0.0,0.0,0.0,310764764.54,0.0,A - No control (baseline),0
0.34109285416020907,0.0,0.0,0.0,310764764.54,0.0,A - No control (baseline),0
0.14942323862378076,0.0,0.0,0.0,310764764.54,0.0,A - No control (baseline),0
0.006726221436888491,0.0,0.0,0.0,310764764.54,0.0,A - No control (baseline),0
0.9124058464921527,0.0,0.0,0.0,310764764.54,0.0,A - No control (baseline),0
0.8388710278451466,0.0,0.0,0.0,310764764.54,0.0,A - No control (baseline),0
0.48883859852322126,0.0,0.0,0.0,310764764.54,0.0,A - No control (baseline),0
0.14359827190657115,0.0,0.0,0.0,310764764.54,0.0,A - No control (baseline),0
0.5500865151923211,0.0,0.0,0.0,310764764.54,0.0,A - No control (baseline),0
0.3819975602689592,0.0,0.0,0.0,310764764.54,0.0,A - No control (baseline),0
0.7482490863737431,0.0,0.0,0.0,310764764.54,0.0,A - No control (baseline),0
0.8115914763230038,0.0,0.0,0.0,310764764.54,0.0,A - No control (baseline),0
0.7429026134085832,0.0,0.0,0.0,310764764.54,0.0,A - No control (baseline),0
0.013428893459364141,0.0,0.0,0.0,310764764.54,0.0,A - No control (baseline),0
0.6526954239021396,0.0,0.0,0.0,310764764.54,0.0,A - No control (baseline),0
0.6230194201037689,0.0,0.0,0.0,310764764.54,0.0,A - No control (baseline),0
0.8853472145367702,0.0,0.0,0.0,310764764.54,0.0,A - No control (baseline),0
0.15593704702050784,0.0,0.0,0.0,310764764.54,0.0,A - No control (baseline),0
0.2284155637976538,0.0,0.0,0.0,310764764.54,0.0,A - No control (baseline),0
0.24603881167952932,0.0,0.0,0.0,310764764.54,0.0,A - No control (baseline),0
0.09754810342070201,0.0,0.0,0.0,310764764.54,0.0,A - No control (baseline),0
0.06455153036796736,0.0,0.0,0.0,310764764.54,0.0,A - No control (baseline),0
0.9761034696015978,0.0,0.0,0.0,310764764.54,0.0,A - No control (baseline),0
0.7872384568372752,0.0,0.0,0.0,310764764.54,0.0,A - No control (baseline),0
0.7503551873927125,0.0,0.0,0.0,310764764.54,0.0,A - No control (baseline),0
0.6865179631366262,0.0,0.0,0.0,310764764.54,0.0,A - No control (baseline),0
0.09401295177682568,0.0,0.0,0.0,310764764.54,0.0,A - No control (baseline),0
0.4926044744954555,0.0,0.0,0.0,310764764.54,0.0,A - No control (baseline),0
0.8841321201446065,0.0,0.0,0.0,310764764.54,0.0,A - No control (baseline),0
0.030515433630581255,0.0,0.0,0.0,310764764.54,0.0,A - No control (baseline),0
0.7440521737036215,0.0,0.0,0.0,310764764.54,0.0,A - No control (baseline),0
0.2030270528673802,0.0,0.0,0.0,310764764.54,0.0,A - No control (baseline),0
0.5208297890008614,0.0,0.0,0.0,310764764.54,0.0,A - No control (baseline),0
0.21275365548657074,0.0,0.0,0.0,310764764.54,0.0,A - No control (baseline),0
0.9202986016497834,0.0,0.0,0.0,310764764.54,0.0,A - No control (baseline),0
0.016377434871020207,0.0,0.0,0.0,310764764.54,0.0,A - No control (baseline),0
0.4333019738640134,0.0,0.0,0.0,310764764.54,0.0,A - No control (baseline),0
0.23336657682988599,0.0,0.0,0.0,310764764.54,0.0,A - No control (baseline),0
0.8543599993912534,0.0,0.0,0.0,310764764.54,0.0,A - No control (baseline),0
0.5504524749617763,0.0,0.0,0.0,310764764.54,0.0,A - No control (baseline),0
0.7998531377753945,0.0,0.0,0.0,310764764.54,0.0,A - No control (baseline),0
0.32658944154575026,0.0,0.0,0.0,310764764.54,0.0,A - No control (baseline),0
0.44953503026334546,0.0,0.0,0.0,310764764.54,0.0,A - No control (baseline),0
0.19568731615745902,0.0,0.0,0.0,310764764.54,0.0,A - No control (baseline),0
0.7810734069621059,0.0,0.0,0.0,310764764.54,0.0,A - No control (baseline),0
0.08864236496749336,0.0,0.0,0.0,310764764.54,0.0,A - No control (baseline),0
0.6151875507390704,0.0,0.0,0.0,310764764.54,0.0,A - No control (baseline),0
0.8483723119790871,0.0,0.0,0.0,310764764.54,0.0,A - No control (baseline),0
0.02565866904621536,0.0,0.0,0.0,310764764.54,0.0,A - No control (baseline),0
0.7023698853714824,0.0,0.0,0.0,310764764.54,0.0,A - No control (baseline),0
0.38466869634540024,0.0,0.0,0.0,310764764.54,0.0,A - No control (baseline),0
0.702239565060903,0.0,0.0,0.0,310764764.54,0.0,A - No control (baseline),0
0.6287734718996201,0.0,0.0,0.0,310764764.54,0.0,A - No control (baseline),0
0.11032356616235402,0.0,0.0,0.0,310764764.54,0.0,A - No control (baseline),0
0.5304032738234153,0.0,0.0,0.0,310764764.54,0.0,A - No control (baseline),0
0.8289636466515842,0.0,0.0,0.0,310764764.54,0.0,A - No control (baseline),0
0.5094002365554038,0.0,0.0,0.0,310764764.54,0.0,A - No control (baseline),0
0.9334153945658027,0.0,0.0,0.0,310764764.54,0.0,A - No control (baseline),0
0.8016932049044744,0.0,0.0,0.0,310764764.54,0.0,A - No control (baseline),0
0.043298837352259395,0.0,0.0,0.0,310764764.54,0.0,A - No control (baseline),0
0.7384097162775493,0.0,0.0,0.0,310764764.54,0.0,A - No control (baseline),0
0.18245813965228597,0.0,0.0,0.0,310764764.54,0.0,A - No control (baseline),0
0.9731935615482908,0.0,0.0,0.0,310764764.54,0.0,A - No control (baseline),0
0.14500495598090202,0.0,0.0,0.0,310764764.54,0.0,A - No control (baseline),0
0.6138203710170206,0.0,0.0,0.0,310764764.54,0.0,A - No control (baseline),0
0.9729085350820673,0.0,0.0,0.0,310764764.54,0.0,A - No control (baseline),0
0.908408199161732,0.0,0.0,0.0,310764764.54,0.0,A - No control (baseline),0
0.47149446786293997,0.0,0.0,0.0,310764764.54,0.0,A - No control (baseline),0
0.15574110361400842,0.0,0.0,0.0,310764764.54,0.0,A - No control (baseline),0
0.7498471967335143,0.0,0.0,0.0,310764764.54,0.0,A - No control (baseline),0
0.15808879632025746,0.0,0.0,0.0,310764764.54,0.0,A - No control (baseline),0
0.10713206466993147,0.0,0.0,0.0,310764764.54,0.0,A - No control (baseline),0
0.08133370260351667,0.0,0.0,0.0,310764764.54,0.0,A - No control (baseline),0
0.5024356193057123,0.0,0.0,0.0,310764764.54,0.0,A - No control (baseline),0
0.8183820649722557,0.0,0.0,0.0,310764764.54,0.0,A - No control (baseline),0
0.18415588415271428,0.0,0.0,0.0,310764764.54,0.0,A - No control (baseline),0
0.023652722597107136,0.0,0.0,0.0,310764764.54,0.0,A - No control (baseline),0
0.01237684574700293,0.0,0.0,0.0,310764764.54,0.0,A - No control (baseline),0
0.046194768469910504,0.0,0.0,0.0,310764764.54,0.0,A - No control (baseline),0
0.11757582234916078,0.0,0.0,0.0,310764764.54,0.0,A - No control (baseline),0
0.1392311516806647,0.0,0.0,0.0,310764764.54,0.0,A - No control (baseline),0
0.5958749452674161,0.0,0.0,0.0,310764764.54,0.0,A - No control (baseline),0
0.5675271350769007,0.0,0.0,0.0,310764764.54,0.0,A - No control (baseline),0
0.808087211074923,0.0,0.0,0.0,310764764.54,0.0,A - No control (baseline),0
0.6316723186147793,0.0,0.0,0.0,310764764.54,0.0,A - No control (baseline),0
0.6093513542922911,0.0,0.0,0.0,310764764.54,0.0,A - No control (baseline),0
0.6027368280259225,0.0,0.0,0.0,310764764.54,0.0,A - No control (baseline),0
0.7771974743838435,0.0,0.0,0.0,310764764.54,0.0,A - No control (baseline),0
0.2539506400234994,0.0,0.0,0.0,310764764.54,0.0,A - No control (baseline),0
0.14463525563546129,0.0,0.0,0.0,310764764.54,0.0,A - No control (baseline),0
0.8231999585309936,0.0,0.0,0.0,310764764.54,0.0,A - No control (baseline),0
0.7677710362251531,0.0,0.0,0.0,310764764.54,0.0,A - No control (baseline),0
0.9036241879300395,0.0,0.0,0.0,310764764.54,0.0,A - No control (baseline),0
0.4727432548150569,0.0,0.0,0.0,310764764.54,0.0,A - No control (baseline),0
0.6558396585698834,0.0,0.0,0.0,310764764.54,0.0,A - No control (baseline),0
0.5997519648286327,0.0,0.0,0.0,310764764.54,0.0,A - No control (baseline),0
0.7250911929993001,0.0,0.0,0.0,310764764.54,0.0,A - No control (baseline),0
0.34476540975680137,0.0,0.0,0.0,310764764.54,0.0,A - No control (baseline),0
0.794827401984757,0.0,0.0,0.0,310764764.54,0.0,A - No control (baseline),0
0.6661716674123531,0.0,0.0,0.0,310764764.54,0.0,A - No control (baseline),0
0.20748681402385072,0.0,0.0,0.0,310764764.54,0.0,A - No control (baseline),0
0.04687144797572939,0.0,0.0,0.0,310764764.54,0.0,A - No control (baseline),0
0.8847911695683591,0.0,0.0,0.0,310764764.54,0.0,A - No control (baseline),0
0.4684816279761387,0.0,0.0,0.0,310764764.54,0.0,A - No control (baseline),0
0.43330319436759934,0.0,0.0,0.0,310764764.54,0.0,A - No control (baseline),0
0.12687875003338933,0.0,0.0,0.0,310764764.54,0.0,A - No control (baseline),0
0.19324743999231825,0.0,0.0,0.0,310764764.54,0.0,A - No control (baseline),0
0.41644520158861426,0.0,0.0,0.0,310764764.54,0.0,A - No control (baseline),0
0.058661921561529974,0.0,0.0,0.0,310764764.54,0.0,A - No control (baseline),0
0.1392893444990512,0.0,0.0,0.0,310764764.54,0.0,A - No control (baseline),0
0.7718683619954182,0.0,0.0,0.0,310764764.54,0.0,A - No control (baseline),0
0.7185927184309296,0.0,0.0,0.0,310764764.54,0.0,A - No control (baseline),0
0.3997087196355502,0.0,0.0,0.0,310764764.54,0.0,A - No control (baseline),0
0.3955522128357469,0.0,0.0,0.0,310764764.54,0.0,A - No control (baseline),0
0.1326736520681156,0.0,0.0,0.0,310764764.54,0.0,A - No control (baseline),0
0.21972957523830108,0.0,0.0,0.0,310764764.54,0.0,A - No control (baseline),0
0.20355130020386444,0.0,0.0,0.0,310764764.54,0.0,A - No control (baseline),0
0.6712285167534509,0.0,0.0,0.0,310764764.54,0.0,A - No control (baseline),0
0.804457317606023,0.0,0.0,0.0,310764764.54,0.0,A - No control (baseline),0
0.6767956901052884,0.0,0.0,0.0,310764764.54,0.0,A - No control (baseline),0
0.1582958683477152,0.0,0.0,0.0,310764764.54,0.0,A - No control (baseline),0
0.24289855389085332,0.0,0.0,0.0,310764764.54,0.0,A - No control (baseline),0
0.9113237735330598,0.0,0.0,0.0,310764764.54,0.0,A - No control (baseline),0
0.27201031489764144,0.0,0.0,0.0,310764764.54,0.0,A - No control (baseline),0
0.5338092132360207,0.0,0.0,0.0,310764764.54,0.0,A - No control (baseline),0
0.145348871014051,0.0,0.0,0.0,310764764.54,0.0,A - No control (baseline),0
0.08233639736280107,0.0,0.0,0.0,310764764.54,0.0,A - No control (baseline),0
0.14948282767823431,0.0,0.0,0.0,310764764.54,0.0,A - No control (baseline),0
0.551975249124728,0.0,0.0,0.0,310764764.54,0.0,A - No control (baseline),0
0.5381032065449023,0.0,0.0,0.0,310764764.54,0.0,A - No control (baseline),0
0.6055561117864862,0.0,0.0,0.0,310764764.54,0.0,A - No control (baseline),0
0.41392384578453506,0.0,0.0,0.0,310764764.54,0.0,A - No control (baseline),0
0.6520872018705399,0.0,0.0,0.0,310764764.54,0.0,A - No control (baseline),0
0.32731091678908497,0.0,0.0,0.0,310764764.54,0.0,A - No control (baseline),0
0.25038318031105095,0.0,0.0,0.0,310764764.54,0.0,A - No control (baseline),0
0.11559250143027164,0.0,0.0,0.0,310764764.54,0.0,A - No control (baseline),0
0.24293922316622404,0.0,0.0,0.0,310764764.54,0.0,A - No control (baseline),0
0.24093582790667376,0.0,0.0,0.0,310764764.54,0.0,A - No control (baseline),0
0.4214245086899919,0.0,0.0,0.0,310764764.54,0.0,A - No control (baseline),0
0.20734896429400104,0.0,0.0,0.0,310764764.54,0.0,A - No control (baseline),0
0.02034317037285306,0.0,0.0,0.0,310764764.54,0.0,A - No control (baseline),0
0.8225831549777831,0.0,0.0,0.0,310764764.54,0.0,A - No control (baseline),0
0.7992508787289487,0.0,0.0,0.0,310764764.54,0.0,A - No control (baseline),0
0.5970801657550167,0.0,0.0,0.0,310764764.54,0.0,A - No control (baseline),0
0.1404292646350814,0.0,0.0,0.0,310764764.54,0.0,A - No control (baseline),0
0.4995620883930487,0.0,0.0,0.0,310764764.54,0.0,A - No control (baseline),0
0.3317431517817807,0.0,0.0,0.0,310764764.54,0.0,A - No control (baseline),0
0.5433025783405373,0.0,0.0,0.0,310764764.54,0.0,A - No control (baseline),0
0.019352410032689997,0.0,0.0,0.0,310764764.54,0.0,A - No control (baseline),0
0.0820972387724435,0.0,0.0,0.0,310764764.54,0.0,A - No control (baseline),0
0.5182553320423723,0.0,0.0,0.0,310764764.54,0.0,A - No control (baseline),0
0.8957915104022153,0.0,0.0,0.0,310764764.54,0.0,A - No control (baseline),0
0.5433234528515012,0.0,0.0,0.0,310764764.54,0.0,A - No control (baseline),0
0.4604235058348996,0.0,0.0,0.0,310764764.54,0.0,A - No control (baseline),0
0.579624258851371,0.0,0.0,0.0,310764764.54,0.0,A - No control (baseline),0
0.13983971614419405,0.0,0.0,0.0,310764764.54,0.0,A - No control (baseline),0
0.1087894699536906,0.0,0.0,0.0,310764764.54,0.0,A - No control (baseline),0
0.15918815927557983,0.0,0.0,0.0,310764764.54,0.0,A - No control (baseline),0
0.8175249620143205,0.0,0.0,0.0,310764764.54,0.0,A - No control (baseline),0
0.2902435789859171,0.0,0.0,0.0,310764764.54,0.0,A - No control (baseline),0
0.7652142110285242,0.0,0.0,0.0,310764764.54,0.0,A - No control (baseline),0
0.13198521511772235,0.0,0.0,0.0,310764764.54,0.0,A - No control (baseline),0
0.8868169171286406,0.0,0.0,0.0,310764764.54,0.0,A - No control (baseline),0
0.4059098782192935,0.0,0.0,0.0,310764764.54,0.0,A - No control (baseline),0
0.687702032662708,0.0,0.0,0.0,310764764.54,0.0,A - No control (baseline),0
0.55865398489409,0.0,0.0,0.0,310764764.54,0.0,A - No control (baseline),0
0.8449593508279544,0.0,0.0,0.0,310764764.54,0.0,A - No control (baseline),0
0.9498097588779002,0.0,0.0,0.0,310764764.54,0.0,A - No control (baseline),0
0.3315729010798453,0.0,0.0,0.0,310764764.54,0.0,A - No control (baseline),0
0.14303400603882122,0.0,0.0,0.0,310764764.54,0.0,A - No control (baseline),0
0.3866767174189773,0.0,0.0,0.0,310764764.54,0.0,A - No control (baseline),0
0.33089136369990224,0.0,0.0,0.0,310764764.54,0.0,A - No control (baseline),0
0.949425189475504,0.0,0.0,0.0,310764764.54,0.0,A - No control (baseline),0
0.5222169811545232,0.0,0.0,0.0,310764764.54,0.0,A - No control (baseline),0
0.9170042022872676,0.0,0.0,0.0,310764764.54,0.0,A - No control (baseline),0
0.12070642771189416,0.0,0.0,0.0,310764764.54,0.0,A - No control (baseline),0
0.38659284558756085,0.0,0.0,0.0,310764764.54,0.0,A - No control (baseline),0
0.773152983121356,0.0,0.0,0.0,310764764.54,0.0,A - No control (baseline),0
0.10626489962921531,0.0,0.0,0.0,310764764.54,0.0,A - No control (baseline),0
0.5865554027866297,0.0,0.0,0.0,310764764.54,0.0,A - No control (baseline),0
0.31557603533911877,0.0,0.0,0.0,310764764.54,0.0,A - No control (baseline),0
0.25464140653518613,0.0,0.0,0.0,310764764.54,0.0,A - No control (baseline),0
0.3378032509413423,0.0,0.0,0.0,310764764.54,0.0,A - No control (baseline),0
0.2412429945072615,0.0,0.0,0.0,310764764.54,0.0,A - No control (baseline),0
0.9642460995587826,0.0,0.0,0.0,310764764.54,0.0,A - No control (baseline),0
0.05843825802156408,0.0,0.0,0.0,310764764.54,0.0,A - No control (baseline),0
0.6560888908016862,0.0,0.0,0.0,310764764.54,0.0,A - No control (baseline),0
0.17169817699249518,0.0,0.0,0.0,310764764.54,0.0,A - No control (baseline),0
0.33743139599333716,0.0,0.0,0.0,310764764.54,0.0,A - No control (baseline),0
0.9051882295021882,0.0,0.0,0.0,310764764.54,0.0,A - No control (baseline),0
0.976138470243732,0.0,0.0,0.0,310764764.54,0.0,A - No control (baseline),0
0.6836829923550191,0.0,0.0,0.0,310764764.54,0.0,A - No control (baseline),0
0.5524904537848421,0.0,0.0,0.0,310764764.54,0.0,A - No control (baseline),0
0.7019377713829057,0.0,0.0,0.0,310764764.54,0.0,A - No control (baseline),0
0.8979042100717318,0.0,0.0,0.0,310764764.54,0.0,A - No control (baseline),0
0.7859761106429415,0.0,0.0,0.0,310764764.54,0.0,A - No control (baseline),0
0.5664809263443022,0.0,0.0,0.0,310764764.54,0.0,A - No control (baseline),0
0.8189282100972817,0.0,0.0,0.0,310764764.54,0.0,A - No control (baseline),0
0.29419026978061297,0.0,0.0,0.0,310764764.54,0.0,A - No control (baseline),0
0.09441875696190659,0.0,0.0,0.0,310764764.54,0.0,A - No control (baseline),0
0.6722095260231098,0.0,0.0,0.0,310764764.54,0.0,A - No control (baseline),0
0.17557477122370055,0.0,0.0,0.0,310764764.54,0.0,A - No control (baseline),0
0.5892846138802054,0.0,0.0,0.0,310764764.54,0.0,A - No control (baseline),0
0.26905146411031716,0.0,0.0,0.0,310764764.54,0.0,A - No control (baseline),0
0.8997473007670099,0.0,0.0,0.0,310764764.54,0.0,A - No control (baseline),0
0.9675423579014761,0.0,0.0,0.0,310764764.54,0.0,A - No control (baseline),0
0.865013434734991,0.0,0.0,0.0,310764764.54,0.0,A - No control (baseline),0
0.1642540863398515,0.0,0.0,0.0,310764764.54,0.0,A - No control (baseline),0
0.021763290018447998,0.0,0.0,0.0,310764764.54,0.0,A - No control (baseline),0
0.7086153027913774,0.0,0.0,0.0,310764764.54,0.0,A - No control (baseline),0
0.8793668264935036,0.0,0.0,0.0,310764764.54,0.0,A - No control (baseline),0
0.9102355244882728,0.0,0.0,0.0,310764764.54,0.0,A - No control (baseline),0
0.10369271367150516,0.0,0.0,0.0,310764764.54,0.0,A - No control (baseline),0
0.049867098007257776,0.0,0.0,0.0,310764764.54,0.0,A - No control (baseline),0
0.8521307144823339,0.0,0.0,0.0,310764764.54,0.0,A - No control (baseline),0
0.4856388834175768,0.0,0.0,0.0,310764764.54,0.0,A - No control (baseline),0
0.17072007958324686,0.0,0.0,0.0,310764764.54,0.0,A - No control (baseline),0
0.1079868499237558,0.0,0.0,0.0,310764764.54,0.0,A - No control (baseline),0
0.7054665394800018,0.0,0.0,0.0,310764764.54,0.0,A - No control (baseline),0
0.591826014064791,0.0,0.0,0.0,310764764.54,0.0,A - No control (baseline),0
0.872526050106711,0.0,0.0,0.0,310764764.54,0.0,A - No control (baseline),0
0.8013923824356474,0.0,0.0,0.0,310764764.54,0.0,A - No control (baseline),0
0.4837571159450807,0.0,0.0,0.0,310764764.54,0.0,A - No control (baseline),0
0.2897256793661684,0.0,0.0,0.0,310764764.54,0.0,A - No control (baseline),0
0.09936689992075753,0.0,0.0,0.0,310764764.54,0.0,A - No control (baseline),0
0.4053934328901464,0.0,0.0,0.0,310764764.54,0.0,A - No control (baseline),0
0.13822880306510216,0.0,0.0,0.0,310764764.54,0.0,A - No control (baseline),0
0.6729078190066901,0.0,0.0,0.0,310764764.54,0.0,A - No control (baseline),0
0.9516530997727863,0.0,0.0,0.0,310764764.54,0.0,A - No control (baseline),0
0.22216895083519028,0.0,0.0,0.0,310764764.54,0.0,A - No control (baseline),0
0.9828406879482415,0.0,0.0,0.0,310764764.54,0.0,A - No control (baseline),0
0.20038270373605152,0.0,0.0,0.0,310764764.54,0.0,A - No control (baseline),0
0.29703553201133504,0.0,0.0,0.0,310764764.54,0.0,A - No control (baseline),0
0.6156306638396297,0.0,0.0,0.0,310764764.54,0.0,A - No control (baseline),0
0.032637112354301535,0.0,0.0,0.0,310764764.54,0.0,A - No control (baseline),0
0.08217484631868083,0.0,0.0,0.0,310764764.54,0.0,A - No control (baseline),0
0.5749316397355976,0.0,0.0,0.0,310764764.54,0.0,A - No control (baseline),0
0.18739950407314362,0.0,0.0,0.0,310764764.54,0.0,A - No control (baseline),0
0.2268118868190053,0.0,0.0,0.0,310764764.54,0.0,A - No control (baseline),0
0.4824932431320113,0.0,0.0,0.0,310764764.54,0.0,A - No control (baseline),0
0.31849374599850516,0.0,0.0,0.0,310764764.54,0.0,A - No control (baseline),0
0.8478424648779539,0.0,0.0,0.0,310764764.54,0.0,A - No control (baseline),0
0.4306608937412307,0.0,0.0,0.0,310764764.54,0.0,A - No control (baseline),0
0.46380040513558923,0.0,0.0,0.0,310764764.54,0.0,A - No control (baseline),0
0.37727297043933217,0.0,0.0,0.0,310764764.54,0.0,A - No control (baseline),0
0.6688245113427458,0.0,0.0,0.0,310764764.54,0.0,A - No control (baseline),0
0.8552837664867348,0.0,0.0,0.0,310764764.54,0.0,A - No control (baseline),0
0.7625669209895488,0.0,0.0,0.0,310764764.54,0.0,A - No control (baseline),0
0.24619298469029707,0.0,0.0,0.0,310764764.54,0.0,A - No control (baseline),0
0.6340294066904677,0.0,0.0,0.0,310764764.54,0.0,A - No control (baseline),0
0.4991374731846037,0.0,0.0,0.0,310764764.54,0.0,A - No control (baseline),0
0.6477866085731652,0.0,0.0,0.0,310764764.54,0.0,A - No control (baseline),0
0.8253351086939306,0.0,0.0,0.0,310764764.54,0.0,A - No control (baseline),0
0.24368348603530973,0.0,0.0,0.0,310764764.54,0.0,A - No control (baseline),0
0.3839684161311076,0.0,0.0,0.0,310764764.54,0.0,A - No control (baseline),0
0.46864169720223103,0.0,0.0,0.0,310764764.54,0.0,A - No control (baseline),0
0.8232948131021892,0.0,0.0,0.0,310764764.54,0.0,A - No control (baseline),0
0.2306143118252891,0.0,0.0,0.0,310764764.54,0.0,A - No control (baseline),0
0.03160920576640202,0.0,0.0,0.0,310764764.54,0.0,A - No control (baseline),0
0.24660972243301016,0.0,0.0,0.0,310764764.54,0.0,A - No control (baseline),0
0.13943967150783604,0.0,0.0,0.0,310764764.54,0.0,A - No control (baseline),0
0.328799952613309,0.0,0.0,0.0,310764764.54,0.0,A - No control (baseline),0
0.8718512684680976,0.0,0.0,0.0,310764764.54,0.0,A - No control (baseline),0
0.4697012772887399,0.0,0.0,0.0,310764764.54,0.0,A - No control (baseline),0
0.4640875499947737,0.0,0.0,0.0,310764764.54,0.0,A - No control (baseline),0
0.7563916278683582,0.0,0.0,0.0,310764764.54,0.0,A - No control (baseline),0
0.5199846538518361,0.0,0.0,0.0,310764764.54,0.0,A - No control (baseline),0
0.9812760306901547,0.0,0.0,0.0,310764764.54,0.0,A - No control (baseline),0
0.9628069097694782,0.0,0.0,0.0,310764764.54,0.0,A - No control (baseline),0
0.06058830125020111,0.0,0.0,0.0,310764764.54,0.0,A - No control (baseline),0
0.776134466255396,0.0,0.0,0.0,310764764.54,0.0,A - No control (baseline),0
0.48107187716601985,0.0,0.0,0.0,310764764.54,0.0,A - No control (baseline),0
0.33777526845117517,0.0,0.0,0.0,310764764.54,0.0,A - No control (baseline),0
0.7723606992844508,0.0,0.0,0.0,310764764.54,0.0,A - No control (baseline),0
0.21008493515635734,0.0,0.0,0.0,310764764.54,0.0,A - No control (baseline),0
0.8690110477511536,0.0,0.0,0.0,310764764.54,0.0,A - No control (baseline),0
0.6885901591087413,0.0,0.0,0.0,310764764.54,0.0,A - No control (baseline),0
0.06416619673720271,0.0,0.0,0.0,310764764.54,0.0,A - No control (baseline),0
0.5182163546512936,0.0,0.0,0.0,310764764.54,0.0,A - No control (baseline),0
0.5987230324273072,0.0,0.0,0.0,310764764.54,0.0,A - No control (baseline),0
0.8748038722395265,0.0,0.0,0.0,310764764.54,0.0,A - No control (baseline),0
0.7773533525835457,0.0,0.0,0.0,310764764.54,0.0,A - No control (baseline),0
0.6936686789562831,0.0,0.0,0.0,310764764.54,0.0,A - No control (baseline),0
0.37239454871000727,0.0,0.0,0.0,310764764.54,0.0,A - No control (baseline),0
0.5522241476666963,0.0,0.0,0.0,310764764.54,0.0,A - No control (baseline),0
0.7753850302500264,0.0,0.0,0.0,310764764.54,0.0,A - No control (baseline),0
0.08741983584572088,0.0,0.0,0.0,310764764.54,0.0,A - No control (baseline),0
0.38967651845614065,0.0,0.0,0.0,310764764.54,0.0,A - No control (baseline),0
0.11797072811521608,0.0,0.0,0.0,310764764.54,0.0,A - No control (baseline),0
0.621676246517647,0.0,0.0,0.0,310764764.54,0.0,A - No control (baseline),0
0.885519031640644,0.0,0.0,0.0,310764764.54,0.0,A - No control (baseline),0
0.20259026399167318,0.0,0.0,0.0,310764764.54,0.0,A - No control (baseline),0
0.27272560151306835,0.0,0.0,0.0,310764764.54,0.0,A - No control (baseline),0
0.7237498769228956,0.0,0.0,0.0,310764764.54,0.0,A - No control (baseline),0
0.10554828921592482,0.0,0.0,0.0,310764764.54,0.0,A - No control (baseline),0
0.10657701431815658,0.0,0.0,0.0,310764764.54,0.0,A - No control (baseline),0
0.42216285859932323,0.0,0.0,0.0,310764764.54,0.0,A - No control (baseline),0
0.4702546956557247,0.0,0.0,0.0,310764764.54,0.0,A - No control (baseline),0
0.12461382609579674,0.0,0.0,0.0,310764764.54,0.0,A - No control (baseline),0
0.16722333756583532,0.0,0.0,0.0,310764764.54,0.0,A - No control (baseline),0
0.19980355718626816,0.0,0.0,0.0,310764764.54,0.0,A - No control (baseline),0
0.13325234313164888,0.0,0.0,0.0,310764764.54,0.0,A - No control (baseline),0
0.25810069859167345,0.0,0.0,0.0,310764764.54,0.0,A - No control (baseline),0
0.8435362494329616,0.0,0.0,0.0,310764764.54,0.0,A - No control (baseline),0
0.16034411848398109,0.0,0.0,0.0,310764764.54,0.0,A - No control (baseline),0
0.38121289190705404,0.0,0.0,0.0,310764764.54,0.0,A - No control (baseline),0
0.8061825685865485,0.0,0.0,0.0,310764764.54,0.0,A - No control (baseline),0
0.7124790788389515,0.0,0.0,0.0,310764764.54,0.0,A - No control (baseline),0
0.07675258911280529,0.0,0.0,0.0,310764764.54,0.0,A - No control (baseline),0
0.91743450342777,0.0,0.0,0.0,310764764.54,0.0,A - No control (baseline),0
0.3292520556305046,0.0,0.0,0.0,310764764.54,0.0,A - No control (baseline),0
0.6979820776248931,0.0,0.0,0.0,310764764.54,0.0,A - No control (baseline),0
0.47034720048557416,0.0,0.0,0.0,310764764.54,0.0,A - No control (baseline),0
0.9858634457540313,0.0,0.0,0.0,310764764.54,0.0,A - No control (baseline),0
0.4636822908944194,0.0,0.0,0.0,310764764.54,0.0,A - No control (baseline),0
0.7132599198649743,0.0,0.0,0.0,310764764.54,0.0,A - No control (baseline),0
0.04784725973930937,0.0,0.0,0.0,310764764.54,0.0,A - No control (baseline),0
0.1668495031028715,0.0,0.0,0.0,310764764.54,0.0,A - No control (baseline),0
0.16728400677915928,0.0,0.0,0.0,310764764.54,0.0,A - No control (baseline),0
0.4879355864094994,0.0,0.0,0.0,310764764.54,0.0,A - No control (baseline),0
0.04087090562882222,0.0,0.0,0.0,310764764.54,0.0,A - No control (baseline),0
0.11392341544423654,0.0,0.0,0.0,310764764.54,0.0,A - No control (baseline),0
0.1691849169140334,0.0,0.0,0.0,310764764.54,0.0,A - No control (baseline),0
0.3295214333498834,0.0,0.0,0.0,310764764.54,0.0,A - No control (baseline),0
0.9085697237625444,0.0,0.0,0.0,310764764.54,0.0,A - No control (baseline),0
0.781239113403021,0.0,0.0,0.0,310764764.54,0.0,A - No control (baseline),0
0.6389216524011379,0.0,0.0,0.0,310764764.54,0.0,A - No control (baseline),0
0.9267636655841873,0.0,0.0,0.0,310764764.54,0.0,A - No control (baseline),0
0.6288713355728592,0.0,0.0,0.0,310764764.54,0.0,A - No control (baseline),0
0.27466946788321817,0.0,0.0,0.0,310764764.54,0.0,A - No control (baseline),0
0.46275392415068456,0.0,0.0,0.0,310764764.54,0.0,A - No control (baseline),0
0.3809156517886933,0.0,0.0,0.0,310764764.54,0.0,A - No control (baseline),0
0.24559121386509455,0.0,0.0,0.0,310764764.54,0.0,A - No control (baseline),0
0.34495553763429765,0.0,0.0,0.0,310764764.54,0.0,A - No control (baseline),0
0.2575034414261531,0.0,0.0,0.0,310764764.54,0.0,A - No control (baseline),0
0.7661413522460424,0.0,0.0,0.0,310764764.54,0.0,A - No control (baseline),0
0.9906523259211643,0.0,0.0,0.0,310764764.54,0.0,A - No control (baseline),0
0.6870914324028128,0.0,0.0,0.0,310764764.54,0.0,A - No control (baseline),0
0.48688291535634454,0.0,0.0,0.0,310764764.54,0.0,A - No control (baseline),0
0.8951849632183212,0.0,0.0,0.0,310764764.54,0.0,A - No control (baseline),0
0.9082925490682362,0.0,0.0,0.0,310764764.54,0.0,A - No control (baseline),0
0.8660587360906207,0.0,0.0,0.0,310764764.54,0.0,A - No control (baseline),0
0.1490644908205764,0.0,0.0,0.0,310764764.54,0.0,A - No control (baseline),0
0.7490816912435462,0.0,0.0,0.0,310764764.54,0.0,A - No control (baseline),0
0.43057929031969056,0.0,0.0,0.0,310764764.54,0.0,A - No control (baseline),0
0.2240192882851293,0.0,0.0,0.0,310764764.54,0.0,A - No control (baseline),0
0.3374287671052537,0.0,0.0,0.0,310764764.54,0.0,A - No control (baseline),0
0.37636318258982304,0.0,0.0,0.0,310764764.54,0.0,A - No control (baseline),0
0.18821988390279673,0.0,0.0,0.0,310764764.54,0.0,A - No control (baseline),0
0.6235007744108965,0.0,0.0,0.0,310764764.54,0.0,A - No control (baseline),0
0.8280997984571894,0.0,0.0,0.0,310764764.54,0.0,A - No control (baseline),0
0.1681830536512501,0.0,0.0,0.0,310764764.54,0.0,A - No control (baseline),0
0.5144754608815809,0.0,0.0,0.0,310764764.54,0.0,A - No control (baseline),0
0.11821620915653612,0.0,0.0,0.0,310764764.54,0.0,A - No control (baseline),0
0.34917125024177753,0.0,0.0,0.0,310764764.54,0.0,A - No control (baseline),0
0.031830484741561874,0.0,0.0,0.0,310764764.54,0.0,A - No control (baseline),0
0.9471651825408556,0.0,0.0,0.0,310764764.54,0.0,A - No control (baseline),0
0.2816830445783849,0.0,0.0,0.0,310764764.54,0.0,A - No control (baseline),0
0.2594844071680603,0.0,0.0,0.0,310764764.54,0.0,A - No control (baseline),0
0.6351836138637075,0.0,0.0,0.0,310764764.54,0.0,A - No control (baseline),0
0.42999420006504485,0.0,0.0,0.0,310764764.54,0.0,A - No control (baseline),0
0.8201565268091949,0.0,0.0,0.0,310764764.54,0.0,A - No control (baseline),0
0.08725733083890497,0.0,0.0,0.0,310764764.54,0.0,A - No control (baseline),0
0.4860043841081566,0.0,0.0,0.0,310764764.54,0.0,A - No control (baseline),0
0.5289053129504628,0.0,0.0,0.0,310764764.54,0.0,A - No control (baseline),0
0.10834330672066281,0.0,0.0,0.0,310764764.54,0.0,A - No control (baseline),0
0.06198332374617367,0.0,0.0,0.0,310764764.54,0.0,A - No control (baseline),0
0.3327929391231066,0.0,0.0,0.0,310764764.54,0.0,A - No control (baseline),0
0.3460636331802772,0.0,0.0,0.0,310764764.54,0.0,A - No control (baseline),0
0.13837084093110077,0.0,0.0,0.0,310764764.54,0.0,A - No control (baseline),0
0.2802469465037681,0.0,0.0,0.0,310764764.54,0.0,A - No control (baseline),0
0.18499044772176113,0.0,0.0,0.0,310764764.54,0.0,A - No control (baseline),0
0.41056423156886557,0.0,0.0,0.0,310764764.54,0.0,A - No control (baseline),0
0.0864124382017094,0.0,0.0,0.0,310764764.54,0.0,A - No control (baseline),0
0.7927186222298983,0.0,0.0,0.0,310764764.54,0.0,A - No control (baseline),0
0.9278914823798627,0.0,0.0,0.0,310764764.54,0.0,A - No control (baseline),0
0.09792364475206343,0.0,0.0,0.0,310764764.54,0.0,A - No control (baseline),0
0.5620924423284557,0.0,0.0,0.0,310764764.54,0.0,A - No control (baseline),0
0.65860126163363,0.0,0.0,0.0,310764764.54,0.0,A - No control (baseline),0
0.29554787884132316,0.0,0.0,0.0,310764764.54,0.0,A - No control (baseline),0
0.28978996976151183,0.0,0.0,0.0,310764764.54,0.0,A - No control (baseline),0
0.8339510794698362,0.0,0.0,0.0,310764764.54,0.0,A - No control (baseline),0
0.9078782218369713,0.0,0.0,0.0,310764764.54,0.0,A - No control (baseline),0
0.3028505840698812,0.0,0.0,0.0,310764764.54,0.0,A - No control (baseline),0
0.5894539977714054,0.0,0.0,0.0,310764764.54,0.0,A - No control (baseline),0
0.19888981466361008,0.0,0.0,0.0,310764764.54,0.0,A - No control (baseline),0
0.5896650083297879,0.0,0.0,0.0,310764764.54,0.0,A - No control (baseline),0
0.018358732774452702,0.0,0.0,0.0,310764764.54,0.0,A - No control (baseline),0
0.8857439567339062,0.0,0.0,0.0,310764764.54,0.0,A - No control (baseline),0
0.2852434936332081,0.0,0.0,0.0,310764764.54,0.0,A - No control (baseline),0
0.02577879891683794,0.0,0.0,0.0,310764764.54,0.0,A - No control (baseline),0
0.4977549420327495,0.0,0.0,0.0,310764764.54,0.0,A - No control (baseline),0
0.9391625885000942,0.0,0.0,0.0,310764764.54,0.0,A - No control (baseline),0
0.24795694486680847,0.0,0.0,0.0,310764764.54,0.0,A - No control (baseline),0
0.9581907415844252,0.0,0.0,0.0,310764764.54,0.0,A - No control (baseline),0
0.07110601528131358,0.0,0.0,0.0,310764764.54,0.0,A - No control (baseline),0
0.839009462354234,0.0,0.0,0.0,310764764.54,0.0,A - No control (baseline),0
0.5459021785999553,0.0,0.0,0.0,310764764.54,0.0,A - No control (baseline),0
0.421728068970311,0.0,0.0,0.0,310764764.54,0.0,A - No control (baseline),0
0.31666356427234776,0.0,0.0,0.0,310764764.54,0.0,A - No control (baseline),0
0.21325373000704811,0.0,0.0,0.0,310764764.54,0.0,A - No control (baseline),0
0.8993921002157313,0.0,0.0,0.0,310764764.54,0.0,A - No control (baseline),0
0.41280937841006127,0.0,0.0,0.0,310764764.54,0.0,A - No control (baseline),0
0.335919377288549,0.0,0.0,0.0,310764764.54,0.0,A - No control (baseline),0
0.7108295216737711,0.0,0.0,0.0,310764764.54,0.0,A - No control (baseline),0
0.2860731506559231,0.0,0.0,0.0,310764764.54,0.0,A - No control (baseline),0
0.41806146350237655,0.0,0.0,0.0,310764764.54,0.0,A - No control (baseline),0
0.6359406575406733,0.0,0.0,0.0,310764764.54,0.0,A - No control (baseline),0
0.1236833326053888,0.0,0.0,0.0,310764764.54,0.0,A - No control (baseline),0
0.4104712467943813,0.0,0.0,0.0,310764764.54,0.0,A - No control (baseline),0
0.5064880308314619,0.0,0.0,0.0,310764764.54,0.0,A - No control (baseline),0
0.6627273947341948,0.0,0.0,0.0,310764764.54,0.0,A - No control (baseline),0
0.998097745700901,0.0,0.0,0.0,310764764.54,0.0,A - No control (baseline),0
0.8123030308022686,0.0,0.0,0.0,310764764.54,0.0,A - No control (baseline),0
0.22974422033707095,0.0,0.0,0.0,310764764.54,0.0,A - No control (baseline),0
0.22413166473523,0.0,0.0,0.0,310764764.54,0.0,A - No control (baseline),0
0.9136354919972789,0.0,0.0,0.0,310764764.54,0.0,A - No control (baseline),0
0.9832207375333554,0.0,0.0,0.0,310764764.54,0.0,A - No control (baseline),0
0.8572481660905127,0.0,0.0,0.0,310764764.54,0.0,A - No control (baseline),0
0.026989872334908394,0.0,0.0,0.0,310764764.54,0.0,A - No control (baseline),0
0.37775306489049454,0.0,0.0,0.0,310764764.54,0.0,A - No control (baseline),0
0.18045048423864563,0.0,0.0,0.0,310764764.54,0.0,A - No control (baseline),0
0.709620062145729,0.0,0.0,0.0,310764764.54,0.0,A - No control (baseline),0
0.35387748765111116,0.0,0.0,0.0,310764764.54,0.0,A - No control (baseline),0
0.3817677811004923,0.0,0.0,0.0,310764764.54,0.0,A - No control (baseline),0
0.691806117776746,0.0,0.0,0.0,310764764.54,0.0,A - No control (baseline),0
0.7511982174435986,0.0,0.0,0.0,310764764.54,0.0,A - No control (baseline),0
0.8585508725464503,0.0,0.0,0.0,310764764.54,0.0,A - No control (baseline),0
0.8260754392087707,0.0,0.0,0.0,310764764.54,0.0,A - No control (baseline),0
0.6259267199605729,0.0,0.0,0.0,310764764.54,0.0,A - No control (baseline),0
0.8304194565419571,0.0,0.0,0.0,310764764.54,0.0,A - No control (baseline),0
0.9078550060771825,0.0,0.0,0.0,310764764.54,0.0,A - No control (baseline),0
0.07389030036538134,0.0,0.0,0.0,310764764.54,0.0,A - No control (baseline),0
0.5310820099789869,0.0,0.0,0.0,310764764.54,0.0,A - No control (baseline),0
0.7783847950807153,0.0,0.0,0.0,310764764.54,0.0,A - No control (baseline),0
0.5929677058312306,0.0,0.0,0.0,310764764.54,0.0,A - No control (baseline),0
0.5712741663090144,0.0,0.0,0.0,310764764.54,0.0,A - No control (baseline),0
0.6162624717648497,0.0,0.0,0.0,310764764.54,0.0,A - No control (baseline),0
0.8065810671820002,0.0,0.0,0.0,310764764.54,0.0,A - No control (baseline),0
0.5489060945153589,0.0,0.0,0.0,310764764.54,0.0,A - No control (baseline),0
0.7550865918792861,0.0,0.0,0.0,310764764.54,0.0,A - No control (baseline),0
0.14183425308076852,0.0,0.0,0.0,310764764.54,0.0,A - No control (baseline),0
0.13581777899490774,0.0,0.0,0.0,310764764.54,0.0,A - No control (baseline),0
0.6106784316640725,0.0,0.0,0.0,310764764.54,0.0,A - No control (baseline),0
0.5844165053908739,0.0,0.0,0.0,310764764.54,0.0,A - No control (baseline),0
0.6472374901975919,0.0,0.0,0.0,310764764.54,0.0,A - No control (baseline),0
0.06602824553510778,0.0,0.0,0.0,310764764.54,0.0,A - No control (baseline),0
0.038543655300972944,0.0,0.0,0.0,310764764.54,0.0,A - No control (baseline),0
0.8374360304357507,0.0,0.0,0.0,310764764.54,0.0,A - No control (baseline),0
0.9536624442925242,0.0,0.0,0.0,310764764.54,0.0,A - No control (baseline),0
0.8382814278085073,0.0,0.0,0.0,310764764.54,0.0,A - No control (baseline),0
0.15376555528391675,0.0,0.0,0.0,310764764.54,0.0,A - No control (baseline),0
0.16003824495245797,0.0,0.0,0.0,310764764.54,0.0,A - No control (baseline),0
0.7586046086804447,0.0,0.0,0.0,310764764.54,0.0,A - No control (baseline),0
0.6356279366375652,0.0,0.0,0.0,310764764.54,0.0,A - No control (baseline),0
0.40791756500504694,0.0,0.0,0.0,310764764.54,0.0,A - No control (baseline),0
0.5770469567299783,0.0,0.0,0.0,310764764.54,0.0,A - No control (baseline),0
0.40291080469233903,0.0,0.0,0.0,310764764.54,0.0,A - No control (baseline),0
0.2608513365578662,0.0,0.0,0.0,310764764.54,0.0,A - No control (baseline),0
0.528208897451499,0.0,0.0,0.0,310764764.54,0.0,A - No control (baseline),0
0.09514378263693359,0.0,0.0,0.0,310764764.54,0.0,A - No control (baseline),0
0.15560065425594055,0.0,0.0,0.0,310764764.54,0.0,A - No control (baseline),0
0.35334941181613283,0.0,0.0,0.0,310764764.54,0.0,A - No control (baseline),0
0.9205543930500563,0.0,0.0,0.0,310764764.54,0.0,A - No control (baseline),0
0.00026345107162135413,0.0,0.0,0.0,310764764.54,0.0,A - No control (baseline),0
0.9954695077573091,0.0,0.0,0.0,310764764.54,0.0,A - No control (baseline),0
0.24989054461880034,0.0,0.0,0.0,310764764.54,0.0,A - No control (baseline),0
0.5712311740416856,0.0,0.0,0.0,310764764.54,0.0,A - No control (baseline),0
0.11501805152462663,0.0,0.0,0.0,310764764.54,0.0,A - No control (baseline),0
0.02546907774087125,0.0,0.0,0.0,310764764.54,0.0,A - No control (baseline),0
0.7388189192205917,0.0,0.0,0.0,310764764.54,0.0,A - No control (baseline),0
0.11803455828991759,0.0,0.0,0.0,310764764.54,0.0,A - No control (baseline),0
0.485978401198884,0.0,0.0,0.0,310764764.54,0.0,A - No control (baseline),0
0.8759854230121892,0.0,0.0,0.0,310764764.54,0.0,A - No control (baseline),0
0.2438542075614749,0.0,0.0,0.0,310764764.54,0.0,A - No control (baseline),0
0.24144115327486973,0.0,0.0,0.0,310764764.54,0.0,A - No control (baseline),0
0.6729967328304723,0.0,0.0,0.0,310764764.54,0.0,A - No control (baseline),0
0.7816632650700276,0.0,0.0,0.0,310764764.54,0.0,A - No control (baseline),0
0.8635948316490597,0.0,0.0,0.0,310764764.54,0.0,A - No control (baseline),0
0.03731299493629249,0.0,0.0,0.0,310764764.54,0.0,A - No control (baseline),0
0.94581136982894,0.0,0.0,0.0,310764764.54,0.0,A - No control (baseline),0
0.5493643256587248,0.0,0.0,0.0,310764764.54,0.0,A - No control (baseline),0
0.020935493164566957,0.0,0.0,0.0,310764764.54,0.0,A - No control (baseline),0
0.6847969201742931,0.0,0.0,0.0,310764764.54,0.0,A - No control (baseline),0
0.8810672486429854,0.0,0.0,0.0,310764764.54,0.0,A - No control (baseline),0
0.3115871582402349,0.0,0.0,0.0,310764764.54,0.0,A - No control (baseline),0
0.05646370830169828,0.0,0.0,0.0,310764764.54,0.0,A - No control (baseline),0
0.48357699652396446,0.0,0.0,0.0,310764764.54,0.0,A - No control (baseline),0
0.004494793449540931,0.0,0.0,0.0,310764764.54,0.0,A - No control (baseline),0
0.9728997786813417,0.0,0.0,0.0,310764764.54,0.0,A - No control (baseline),0
0.5678318677607819,0.0,0.0,0.0,310764764.54,0.0,A - No control (baseline),0
0.6186842297365275,0.0,0.0,0.0,310764764.54,0.0,A - No control (baseline),0
0.5817353608090864,0.0,0.0,0.0,310764764.54,0.0,A - No control (baseline),0
0.7973657931429589,0.0,0.0,0.0,310764764.54,0.0,A - No control (baseline),0
0.4295260075738107,0.0,0.0,0.0,310764764.54,0.0,A - No control (baseline),0
0.9192086756693135,0.0,0.0,0.0,310764764.54,0.0,A - No control (baseline),0
0.9494562556459346,0.0,0.0,0.0,310764764.54,0.0,A - No control (baseline),0
0.6864851948585784,0.0,0.0,0.0,310764764.54,0.0,A - No control (baseline),0
0.21724100722895176,0.0,0.0,0.0,310764764.54,0.0,A - No control (baseline),0
0.5580773617273471,0.0,0.0,0.0,310764764.54,0.0,A - No control (baseline),0
0.2093966170201779,0.0,0.0,0.0,310764764.54,0.0,A - No control (baseline),0
0.055928182552005275,0.0,0.0,0.0,310764764.54,0.0,A - No control (baseline),0
0.6869526535877354,0.0,0.0,0.0,310764764.54,0.0,A - No control (baseline),0
0.105089089757791,0.0,0.0,0.0,310764764.54,0.0,A - No control (baseline),0
0.8240754454639053,0.0,0.0,0.0,310764764.54,0.0,A - No control (baseline),0
0.278550350772235,0.0,0.0,0.0,310764764.54,0.0,A - No control (baseline),0
0.8038108041881269,0.0,0.0,0.0,310764764.54,0.0,A - No control (baseline),0
0.976314783481418,0.0,0.0,0.0,310764764.54,0.0,A - No control (baseline),0
0.024690695977891995,0.0,0.0,0.0,310764764.54,0.0,A - No control (baseline),0
0.8842607987416219,0.0,0.0,0.0,310764764.54,0.0,A - No control (baseline),0
0.9362927251157702,0.0,0.0,0.0,310764764.54,0.0,A - No control (baseline),0
0.2908842451370201,0.0,0.0,0.0,310764764.54,0.0,A - No control (baseline),0
0.6177430557257998,0.0,0.0,0.0,310764764.54,0.0,A - No control (baseline),0
0.6113613031211907,0.0,0.0,0.0,310764764.54,0.0,A - No control (baseline),0
0.7320057116436911,0.0,0.0,0.0,310764764.54,0.0,A - No control (baseline),0
0.8501441535982239,0.0,0.0,0.0,310764764.54,0.0,A - No control (baseline),0
0.17051087683333163,0.0,0.0,0.0,310764764.54,0.0,A - No control (baseline),0
0.4444931800132574,0.0,0.0,0.0,310764764.54,0.0,A - No control (baseline),0
0.7085242226573479,0.0,0.0,0.0,310764764.54,0.0,A - No control (baseline),0
0.7442503035765586,0.0,0.0,0.0,310764764.54,0.0,A - No control (baseline),0
0.5532057768900663,0.0,0.0,0.0,310764764.54,0.0,A - No control (baseline),0
0.6561784570779903,0.0,0.0,0.0,310764764.54,0.0,A - No control (baseline),0
0.9188177415986872,0.0,0.0,0.0,310764764.54,0.0,A - No control (baseline),0
2.7929392232876173e-05,0.0,0.0,0.0,310764764.54,0.0,A - No control (baseline),0
0.9053366870310926,0.0,0.0,0.0,310764764.54,0.0,A - No control (baseline),0
0.9936443183886019,0.0,0.0,0.0,310764764.54,0.0,A - No control (baseline),0
0.2527704291958476,0.0,0.0,0.0,310764764.54,0.0,A - No control (baseline),0
0.582486820137528,0.0,0.0,0.0,310764764.54,0.0,A - No control (baseline),0
0.8180937879556409,0.0,0.0,0.0,310764764.54,0.0,A - No control (baseline),0
0.12594183606310097,0.0,0.0,0.0,310764764.54,0.0,A - No control (baseline),0
0.8091338554206601,0.0,0.0,0.0,310764764.54,0.0,A - No control (baseline),0
0.9573492680513792,0.0,0.0,0.0,310764764.54,0.0,A - No control (baseline),0
0.306070197024461,0.0,0.0,0.0,310764764.54,0.0,A - No control (baseline),0
0.8810058782967523,0.0,0.0,0.0,310764764.54,0.0,A - No control (baseline),0
0.3611670429944974,0.0,0.0,0.0,310764764.54,0.0,A - No control (baseline),0
0.700056254139379,0.0,0.0,0.0,310764764.54,0.0,A - No control (baseline),0
0.9384849001224032,0.0,0.0,0.0,310764764.54,0.0,A - No control (baseline),0
0.09285181422133955,0.0,0.0,0.0,310764764.54,0.0,A - No control (baseline),0
0.1830522821449825,0.0,0.0,0.0,310764764.54,0.0,A - No control (baseline),0
0.13210993324450673,0.0,0.0,0.0,310764764.54,0.0,A - No control (baseline),0
0.33672943253219184,0.0,0.0,0.0,310764764.54,0.0,A - No control (baseline),0
0.28613718895067547,0.0,0.0,0.0,310764764.54,0.0,A - No control (baseline),0
0.9867608460255529,0.0,0.0,0.0,310764764.54,0.0,A - No control (baseline),0
0.6561438275812556,0.0,0.0,0.0,310764764.54,0.0,A - No control (baseline),0
0.4649996614383572,0.0,0.0,0.0,310764764.54,0.0,A - No control (baseline),0
0.08021611790594063,0.0,0.0,0.0,310764764.54,0.0,A - No control (baseline),0
0.3977011842111524,0.0,0.0,0.0,310764764.54,0.0,A - No control (baseline),0
0.13143966338137866,0.0,0.0,0.0,310764764.54,0.0,A - No control (baseline),0
0.3223453053532602,0.0,0.0,0.0,310764764.54,0.0,A - No control (baseline),0
0.5013837472331248,0.0,0.0,0.0,310764764.54,0.0,A - No control (baseline),0
0.11515206230459156,0.0,0.0,0.0,310764764.54,0.0,A - No control (baseline),0
0.5495314859179521,0.0,0.0,0.0,310764764.54,0.0,A - No control (baseline),0
0.6007239790740714,0.0,0.0,0.0,310764764.54,0.0,A - No control (baseline),0
0.4829783590692205,0.0,0.0,0.0,310764764.54,0.0,A - No control (baseline),0
0.8868974700051656,0.0,0.0,0.0,310764764.54,0.0,A - No control (baseline),0
0.7080466988008793,0.0,0.0,0.0,310764764.54,0.0,A - No control (baseline),0
0.015417082484350433,0.0,0.0,0.0,310764764.54,0.0,A - No control (baseline),0
0.535796985681824,0.0,0.0,0.0,310764764.54,0.0,A - No control (baseline),0
0.2564260806225794,0.0,0.0,0.0,310764764.54,0.0,A - No control (baseline),0
0.9636524237822175,0.0,0.0,0.0,310764764.54,0.0,A - No control (baseline),0
0.6972569561154875,0.0,0.0,0.0,310764764.54,0.0,A - No control (baseline),0
0.21897835545479039,0.0,0.0,0.0,310764764.54,0.0,A - No control (baseline),0
0.01882754183413577,0.0,0.0,0.0,310764764.54,0.0,A - No control (baseline),0
0.37325935328490767,0.0,0.0,0.0,310764764.54,0.0,A - No control (baseline),0
0.9876394032581155,0.0,0.0,0.0,310764764.54,0.0,A - No control (baseline),0
0.7248843481920748,0.0,0.0,0.0,310764764.54,0.0,A - No control (baseline),0
0.8865328160162789,0.0,0.0,0.0,310764764.54,0.0,A - No control (baseline),0
0.9817327233348091,0.0,0.0,0.0,310764764.54,0.0,A - No control (baseline),0
0.5367016465758673,0.0,0.0,0.0,310764764.54,0.0,A - No control (baseline),0
0.11990465023518734,0.0,0.0,0.0,310764764.54,0.0,A - No control (baseline),0
0.8923780703880413,0.0,0.0,0.0,310764764.54,0.0,A - No control (baseline),0
0.24512353911730897,0.0,0.0,0.0,310764764.54,0.0,A - No control (baseline),0
0.883950125951305,0.0,0.0,0.0,310764764.54,0.0,A - No control (baseline),0
0.421861740851523,0.0,0.0,0.0,310764764.54,0.0,A - No control (baseline),0
0.7173060621464467,0.0,0.0,0.0,310764764.54,0.0,A - No control (baseline),0
0.9529588093378731,0.0,0.0,0.0,310764764.54,0.0,A - No control (baseline),0
0.3745857574534256,0.0,0.0,0.0,310764764.54,0.0,A - No control (baseline),0
0.7157158987298283,0.0,0.0,0.0,310764764.54,0.0,A - No control (baseline),0
0.49848361159621185,0.0,0.0,0.0,310764764.54,0.0,A - No control (baseline),0
0.27634266094913323,0.0,0.0,0.0,310764764.54,0.0,A - No control (baseline),0
0.5534599831237179,0.0,0.0,0.0,310764764.54,0.0,A - No control (baseline),0
0.5021787848532471,0.0,0.0,0.0,310764764.54,0.0,A - No control (baseline),0
0.4120937129556116,0.0,0.0,0.0,310764764.54,0.0,A - No control (baseline),0
0.19228216419129418,0.0,0.0,0.0,310764764.54,0.0,A - No control (baseline),0
0.2052824913583431,0.0,0.0,0.0,310764764.54,0.0,A - No control (baseline),0
0.9880907735031191,0.0,0.0,0.0,310764764.54,0.0,A - No control (baseline),0
0.7614021596540694,0.0,0.0,0.0,310764764.54,0.0,A - No control (baseline),0
0.32146262434482675,0.0,0.0,0.0,310764764.54,0.0,A - No control (baseline),0
0.8095179255501611,0.0,0.0,0.0,310764764.54,0.0,A - No control (baseline),0
0.49220496810496156,0.0,0.0,0.0,310764764.54,0.0,A - No control (baseline),0
0.8035179129569843,0.0,0.0,0.0,310764764.54,0.0,A - No control (baseline),0
0.8218940080476865,0.0,0.0,0.0,310764764.54,0.0,A - No control (baseline),0
0.8378567668743582,0.0,0.0,0.0,310764764.54,0.0,A - No control (baseline),0
0.7704038748275679,0.0,0.0,0.0,310764764.54,0.0,A - No control (baseline),0
0.2869122734009268,0.0,0.0,0.0,310764764.54,0.0,A - No control (baseline),0
0.9198821254934272,0.0,0.0,0.0,310764764.54,0.0,A - No control (baseline),0
0.9620940828842609,0.0,0.0,0.0,310764764.54,0.0,A - No control (baseline),0
0.7109946387541776,0.0,0.0,0.0,310764764.54,0.0,A - No control (baseline),0
0.8603350501767066,0.0,0.0,0.0,310764764.54,0.0,A - No control (baseline),0
0.07092227604520275,0.0,0.0,0.0,310764764.54,0.0,A - No control (baseline),0
0.41819071942093755,0.0,0.0,0.0,310764764.54,0.0,A - No control (baseline),0
0.6351348207128484,0.0,0.0,0.0,310764764.54,0.0,A - No control (baseline),0
0.3857326259895671,0.0,0.0,0.0,310764764.54,0.0,A - No control (baseline),0
0.4432340631556103,0.0,0.0,0.0,310764764.54,0.0,A - No control (baseline),0
0.9883372755176787,0.0,0.0,0.0,310764764.54,0.0,A - No control (baseline),0
0.9891407218757233,0.0,0.0,0.0,310764764.54,0.0,A - No control (baseline),0
0.8919088980575101,0.0,0.0,0.0,310764764.54,0.0,A - No control (baseline),0
0.17292376127961964,0.0,0.0,0.0,310764764.54,0.0,A - No control (baseline),0
0.465610844162368,0.0,0.0,0.0,310764764.54,0.0,A - No control (baseline),0
0.8016439911322193,0.0,0.0,0.0,310764764.54,0.0,A - No control (baseline),0
0.5725792168791176,0.0,0.0,0.0,310764764.54,0.0,A - No control (baseline),0
0.3359251407543339,0.0,0.0,0.0,310764764.54,0.0,A - No control (baseline),0
0.7094225012647091,0.0,0.0,0.0,310764764.54,0.0,A - No control (baseline),0
0.7239060933127576,0.0,0.0,0.0,310764764.54,0.0,A - No control (baseline),0
0.5462943998346765,0.0,0.0,0.0,310764764.54,0.0,A - No control (baseline),0
0.2686861676803529,0.0,0.0,0.0,310764764.54,0.0,A - No control (baseline),0
0.28559668963467977,0.0,0.0,0.0,310764764.54,0.0,A - No control (baseline),0
0.8021003550440343,0.0,0.0,0.0,310764764.54,0.0,A - No control (baseline),0
0.11225854870959069,0.0,0.0,0.0,310764764.54,0.0,A - No control (baseline),0
0.10714260801363712,0.0,0.0,0.0,310764764.54,0.0,A - No control (baseline),0
0.03689100583012275,0.0,0.0,0.0,310764764.54,0.0,A - No control (baseline),0
0.05522505736927185,0.0,0.0,0.0,310764764.54,0.0,A - No control (baseline),0
0.30156882421004055,0.0,0.0,0.0,310764764.54,0.0,A - No control (baseline),0
0.8568344450167712,0.0,0.0,0.0,310764764.54,0.0,A - No control (baseline),0
0.7596760506908657,0.0,0.0,0.0,310764764.54,0.0,A - No control (baseline),0
0.32341176991835796,0.0,0.0,0.0,310764764.54,0.0,A - No control (baseline),0
0.9416336530890127,0.0,0.0,0.0,310764764.54,0.0,A - No control (baseline),0
0.9514028436826397,0.0,0.0,0.0,310764764.54,0.0,A - No control (baseline),0
0.27718043423120015,0.0,0.0,0.0,310764764.54,0.0,A - No control (baseline),0
0.9174826232659811,0.0,0.0,0.0,310764764.54,0.0,A - No control (baseline),0
0.6379873519849664,0.0,0.0,0.0,310764764.54,0.0,A - No control (baseline),0
0.2027778321916209,0.0,0.0,0.0,310764764.54,0.0,A - No control (baseline),0
0.023983625492929095,0.0,0.0,0.0,310764764.54,0.0,A - No control (baseline),0
0.5486355023945556,0.0,0.0,0.0,310764764.54,0.0,A - No control (baseline),0
0.21160871226154102,0.0,0.0,0.0,310764764.54,0.0,A - No control (baseline),0
0.8722350414698805,0.0,0.0,0.0,310764764.54,0.0,A - No control (baseline),0
0.06975441996650478,0.0,0.0,0.0,310764764.54,0.0,A - No control (baseline),0
0.7572821379502822,0.0,0.0,0.0,310764764.54,0.0,A - No control (baseline),0
0.21053191833263027,0.0,0.0,0.0,310764764.54,0.0,A - No control (baseline),0
0.9314186600139114,0.0,0.0,0.0,310764764.54,0.0,A - No control (baseline),0
0.8334146836837499,0.0,0.0,0.0,310764764.54,0.0,A - No control (baseline),0
0.2520505110023897,0.0,0.0,0.0,310764764.54,0.0,A - No control (baseline),0
0.32838174267331505,0.0,0.0,0.0,310764764.54,0.0,A - No control (baseline),0
0.5321119238204995,0.0,0.0,0.0,310764764.54,0.0,A - No control (baseline),0
0.5214745385947088,0.0,0.0,0.0,310764764.54,0.0,A - No control (baseline),0
0.4192060597947939,0.0,0.0,0.0,310764764.54,0.0,A - No control (baseline),0
0.9150579411271476,0.0,0.0,0.0,310764764.54,0.0,A - No control (baseline),0
0.3001058129826253,0.0,0.0,0.0,310764764.54,0.0,A - No control (baseline),0
0.14584965018870583,0.0,0.0,0.0,310764764.54,0.0,A - No control (baseline),0
0.8542451823154927,0.0,0.0,0.0,310764764.54,0.0,A - No control (baseline),0
0.18758371240944463,0.0,0.0,0.0,310764764.54,0.0,A - No control (baseline),0
0.1518341890718809,0.0,0.0,0.0,310764764.54,0.0,A - No control (baseline),0
0.11980740973841417,0.0,0.0,0.0,310764764.54,0.0,A - No control (baseline),0
0.3684424922529028,0.0,0.0,0.0,310764764.54,0.0,A - No control (baseline),0
0.2850981458794582,0.0,0.0,0.0,310764764.54,0.0,A - No control (baseline),0
0.5534473763629503,0.0,0.0,0.0,310764764.54,0.0,A - No control (baseline),0
0.3907993977194653,0.0,0.0,0.0,310764764.54,0.0,A - No control (baseline),0
0.29371240705608215,0.0,0.0,0.0,310764764.54,0.0,A - No control (baseline),0
0.19831955195086612,0.0,0.0,0.0,310764764.54,0.0,A - No control (baseline),0
0.5446672103435142,0.0,0.0,0.0,310764764.54,0.0,A - No control (baseline),0
0.7997916671612996,0.0,0.0,0.0,310764764.54,0.0,A - No control (baseline),0
0.8085041890721694,0.0,0.0,0.0,310764764.54,0.0,A - No control (baseline),0
0.8196558103251463,0.0,0.0,0.0,310764764.54,0.0,A - No control (baseline),0
0.4867635384199941,0.0,0.0,0.0,310764764.54,0.0,A - No control (baseline),0
0.0007498840184038978,0.0,0.0,0.0,310764764.54,0.0,A - No control (baseline),0
0.8314904660831919,0.0,0.0,0.0,310764764.54,0.0,A - No control (baseline),0
0.5661510318961759,0.0,0.0,0.0,310764764.54,0.0,A - No control (baseline),0
0.9583064421741623,0.0,0.0,0.0,310764764.54,0.0,A - No control (baseline),0
0.5840878418974075,0.0,0.0,0.0,310764764.54,0.0,A - No control (baseline),0
0.5009469718620875,0.0,0.0,0.0,310764764.54,0.0,A - No control (baseline),0
0.8311685799008741,0.0,0.0,0.0,310764764.54,0.0,A - No control (baseline),0
0.828994328893118,0.0,0.0,0.0,310764764.54,0.0,A - No control (baseline),0
0.1296812367489722,0.0,0.0,0.0,310764764.54,0.0,A - No control (baseline),0
0.590021348947111,0.0,0.0,0.0,310764764.54,0.0,A - No control (baseline),0
0.5570994356756064,0.0,0.0,0.0,310764764.54,0.0,A - No control (baseline),0
0.0526816722462506,0.0,0.0,0.0,310764764.54,0.0,A - No control (baseline),0
0.827183576679876,0.0,0.0,0.0,310764764.54,0.0,A - No control (baseline),0
0.6839898050087806,0.0,0.0,0.0,310764764.54,0.0,A - No control (baseline),0
0.3135956825408258,0.0,0.0,0.0,310764764.54,0.0,A - No control (baseline),0
0.8567926444659024,0.0,0.0,0.0,310764764.54,0.0,A - No control (baseline),0
0.7754883480566475,0.0,0.0,0.0,310764764.54,0.0,A - No control (baseline),0
0.9197631510498836,0.0,0.0,0.0,310764764.54,0.0,A - No control (baseline),0
0.014159449085947155,0.0,0.0,0.0,310764764.54,0.0,A - No control (baseline),0
0.8115605637420423,0.0,0.0,0.0,310764764.54,0.0,A - No control (baseline),0
0.6291116516709718,0.0,0.0,0.0,310764764.54,0.0,A - No control (baseline),0
0.40091370625232786,0.0,0.0,0.0,310764764.54,0.0,A - No control (baseline),0
0.21476275474495993,0.0,0.0,0.0,310764764.54,0.0,A - No control (baseline),0
0.3437181305033162,0.0,0.0,0.0,310764764.54,0.0,A - No control (baseline),0
0.9315753733309798,0.0,0.0,0.0,310764764.54,0.0,A - No control (baseline),0
0.587641506399032,0.0,0.0,0.0,310764764.54,0.0,A - No control (baseline),0
0.35051909847919827,0.0,0.0,0.0,310764764.54,0.0,A - No control (baseline),0
0.14025353001430604,0.0,0.0,0.0,310764764.54,0.0,A - No control (baseline),0
0.6485901239797535,0.0,0.0,0.0,310764764.54,0.0,A - No control (baseline),0
0.5850967866749766,0.0,0.0,0.0,310764764.54,0.0,A - No control (baseline),0
0.5500638358545629,0.0,0.0,0.0,310764764.54,0.0,A - No control (baseline),0
0.7615217820720622,0.0,0.0,0.0,310764764.54,0.0,A - No control (baseline),0
0.046940498766341425,0.0,0.0,0.0,310764764.54,0.0,A - No control (baseline),0
0.23298352776926262,0.0,0.0,0.0,310764764.54,0.0,A - No control (baseline),0
0.5537494625886656,0.0,0.0,0.0,310764764.54,0.0,A - No control (baseline),0
0.26951076781867445,0.0,0.0,0.0,310764764.54,0.0,A - No control (baseline),0
0.3044686354333943,0.0,0.0,0.0,310764764.54,0.0,A - No control (baseline),0
0.4917710720578682,0.0,0.0,0.0,310764764.54,0.0,A - No control (baseline),0
0.7116970196433002,0.0,0.0,0.0,310764764.54,0.0,A - No control (baseline),0
0.6022010138824131,0.0,0.0,0.0,310764764.54,0.0,A - No control (baseline),0
0.9421175929215739,0.0,0.0,0.0,310764764.54,0.0,A - No control (baseline),0
0.19717858249986217,0.0,0.0,0.0,310764764.54,0.0,A - No control (baseline),0
0.912601983327449,0.0,0.0,0.0,310764764.54,0.0,A - No control (baseline),0
0.8960126633234604,0.0,0.0,0.0,310764764.54,0.0,A - No control (baseline),0
0.3917536895803258,0.0,0.0,0.0,310764764.54,0.0,A - No control (baseline),0
0.593927034500615,0.0,0.0,0.0,310764764.54,0.0,A - No control (baseline),0
0.2297759365208454,0.0,0.0,0.0,310764764.54,0.0,A - No control (baseline),0
0.9037330445484959,0.0,0.0,0.0,310764764.54,0.0,A - No control (baseline),0
0.6849794819763506,0.0,0.0,0.0,310764764.54,0.0,A - No control (baseline),0
0.09090303644120265,0.0,0.0,0.0,310764764.54,0.0,A - No control (baseline),0
0.7065265987866877,0.0,0.0,0.0,310764764.54,0.0,A - No control (baseline),0
0.14952148712835228,0.0,0.0,0.0,310764764.54,0.0,A - No control (baseline),0
0.5322463901619086,0.0,0.0,0.0,310764764.54,0.0,A - No control (baseline),0
0.6249916298591782,0.0,0.0,0.0,310764764.54,0.0,A - No control (baseline),0
0.6379516098683408,0.0,0.0,0.0,310764764.54,0.0,A - No control (baseline),0
0.8510852988966822,0.0,0.0,0.0,310764764.54,0.0,A - No control (baseline),0
0.7366118833462983,0.0,0.0,0.0,310764764.54,0.0,A - No control (baseline),0
0.7225141611998696,0.0,0.0,0.0,310764764.54,0.0,A - No control (baseline),0
0.29017460606998585,0.0,0.0,0.0,310764764.54,0.0,A - No control (baseline),0
0.17628268450749832,0.0,0.0,0.0,310764764.54,0.0,A - No control (baseline),0
0.8579873471511043,0.0,0.0,0.0,310764764.54,0.0,A - No control (baseline),0
0.41080138604037425,0.0,0.0,0.0,310764764.54,0.0,A - No control (baseline),0
0.027610337990443757,0.0,0.0,0.0,310764764.54,0.0,A - No control (baseline),0
0.5623825205129565,0.0,0.0,0.0,310764764.54,0.0,A - No control (baseline),0
0.5936317413155672,0.0,0.0,0.0,310764764.54,0.0,A - No control (baseline),0
0.014151618291912546,0.0,0.0,0.0,310764764.54,0.0,A - No control (baseline),0
0.8838792375700049,0.0,0.0,0.0,310764764.54,0.0,A - No control (baseline),0
0.2795220044227286,0.0,0.0,0.0,310764764.54,0.0,A - No control (baseline),0
0.4052842388257995,0.0,0.0,0.0,310764764.54,0.0,A - No control (baseline),0
0.4980456023296929,0.0,0.0,0.0,310764764.54,0.0,A - No control (baseline),0
0.17483956965304048,0.0,0.0,0.0,310764764.54,0.0,A - No control (baseline),0
0.2834708015545897,0.0,0.0,0.0,310764764.54,0.0,A - No control (baseline),0
0.9361828040203599,0.0,0.0,0.0,310764764.54,0.0,A - No control (baseline),0
0.45872885859360263,0.0,0.0,0.0,310764764.54,0.0,A - No control (baseline),0
0.7665767340284065,0.0,0.0,0.0,310764764.54,0.0,A - No control (baseline),0
0.8316305667109524,0.0,0.0,0.0,310764764.54,0.0,A - No control (baseline),0
0.3575489857987354,0.0,0.0,0.0,310764764.54,0.0,A - No control (baseline),0
0.9230280383402858,0.0,0.0,0.0,310764764.54,0.0,A - No control (baseline),0
0.08128003814141818,0.0,0.0,0.0,310764764.54,0.0,A - No control (baseline),0
0.711728908500049,0.0,0.0,0.0,310764764.54,0.0,A - No control (baseline),0
0.5638117584808301,0.0,0.0,0.0,310764764.54,0.0,A - No control (baseline),0
0.7174870946283526,0.0,0.0,0.0,310764764.54,0.0,A - No control (baseline),0
0.7126662078107461,0.0,0.0,0.0,310764764.54,0.0,A - No control (baseline),0
0.49028471057290274,0.0,0.0,0.0,310764764.54,0.0,A - No control (baseline),0
0.36923262269717777,0.0,0.0,0.0,310764764.54,0.0,A - No control (baseline),0
0.9796405061991993,0.0,0.0,0.0,310764764.54,0.0,A - No control (baseline),0
0.9532464094403699,0.0,0.0,0.0,310764764.54,0.0,A - No control (baseline),0
0.8938020820034869,0.0,0.0,0.0,310764764.54,0.0,A - No control (baseline),0
0.6086119996089256,0.0,0.0,0.0,310764764.54,0.0,A - No control (baseline),0
0.7479355438906652,0.0,0.0,0.0,310764764.54,0.0,A - No control (baseline),0
0.7848851453958617,0.0,0.0,0.0,310764764.54,0.0,A - No control (baseline),0
0.9496929264441456,0.0,0.0,0.0,310764764.54,0.0,A - No control (baseline),0
0.4163652215789806,0.0,0.0,0.0,310764764.54,0.0,A - No control (baseline),0
0.75837157578717,0.0,0.0,0.0,310764764.54,0.0,A - No control (baseline),0
0.30834073862905587,0.0,0.0,0.0,310764764.54,0.0,A - No control (baseline),0
0.43569835735433976,0.0,0.0,0.0,310764764.54,0.0,A - No control (baseline),0
0.6379984896785911,0.0,0.0,0.0,310764764.54,0.0,A - No control (baseline),0
0.1669946502401203,0.0,0.0,0.0,310764764.54,0.0,A - No control (baseline),0
0.3582619935453431,0.0,0.0,0.0,310764764.54,0.0,A - No control (baseline),0
0.9962547704614659,0.0,0.0,0.0,310764764.54,0.0,A - No control (baseline),0
0.5551838603368536,0.0,0.0,0.0,310764764.54,0.0,A - No control (baseline),0
0.9733585129737187,0.0,0.0,0.0,310764764.54,0.0,A - No control (baseline),0
0.7180510388075051,0.0,0.0,0.0,310764764.54,0.0,A - No control (baseline),0
0.20463309132399218,0.0,0.0,0.0,310764764.54,0.0,A - No control (baseline),0
0.9997402197332587,0.0,0.0,0.0,310764764.54,0.0,A - No control (baseline),0
0.9517633046388925,0.0,0.0,0.0,310764764.54,0.0,A - No control (baseline),0
0.8581253170467499,0.0,0.0,0.0,310764764.54,0.0,A - No control (baseline),0
0.6096582731473225,0.0,0.0,0.0,310764764.54,0.0,A - No control (baseline),0
0.7167451253320397,0.0,0.0,0.0,310764764.54,0.0,A - No control (baseline),0
0.45503564101826166,0.0,0.0,0.0,310764764.54,0.0,A - No control (baseline),0
0.5167516753990393,0.0,0.0,0.0,310764764.54,0.0,A - No control (baseline),0
0.6839486686404844,0.0,0.0,0.0,310764764.54,0.0,A - No control (baseline),0
0.17399274915970658,0.0,0.0,0.0,310764764.54,0.0,A - No control (baseline),0
0.7683829684612385,0.0,0.0,0.0,310764764.54,0.0,A - No control (baseline),0
0.08280810860269724,0.0,0.0,0.0,310764764.54,0.0,A - No control (baseline),0
0.18420800705923493,0.0,0.0,0.0,310764764.54,0.0,A - No control (baseline),0
0.6013750572374078,0.0,0.0,0.0,310764764.54,0.0,A - No control (baseline),0
0.6995950469933364,0.0,0.0,0.0,310764764.54,0.0,A - No control (baseline),0
0.07703960335853706,0.0,0.0,0.0,310764764.54,0.0,A - No control (baseline),0
0.33402210020850687,0.0,0.0,0.0,310764764.54,0.0,A - No control (baseline),0
0.7105151583746523,0.0,0.0,0.0,310764764.54,0.0,A - No control (baseline),0
0.06217304985475042,0.0,0.0,0.0,310764764.54,0.0,A - No control (baseline),0
0.06908039326105156,0.0,0.0,0.0,310764764.54,0.0,A - No control (baseline),0
0.6756295080061276,0.0,0.0,0.0,310764764.54,0.0,A - No control (baseline),0
0.8589676026372804,0.0,0.0,0.0,310764764.54,0.0,A - No control (baseline),0
0.19746100699973246,0.0,0.0,0.0,310764764.54,0.0,A - No control (baseline),0
0.46957001684590277,0.0,0.0,0.0,310764764.54,0.0,A - No control (baseline),0
0.9134168766167378,0.0,0.0,0.0,310764764.54,0.0,A - No control (baseline),0
0.24080889664644617,0.0,0.0,0.0,310764764.54,0.0,A - No control (baseline),0
0.542848824530594,0.0,0.0,0.0,310764764.54,0.0,A - No control (baseline),0
0.24456656788696188,0.0,0.0,0.0,310764764.54,0.0,A - No control (baseline),0
0.7809793244890443,0.0,0.0,0.0,310764764.54,0.0,A - No control (baseline),0
0.8720375914528015,0.0,0.0,0.0,310764764.54,0.0,A - No control (baseline),0
0.5721782243399582,0.0,0.0,0.0,310764764.54,0.0,A - No control (baseline),0
0.48647734858086306,0.0,0.0,0.0,310764764.54,0.0,A - No control (baseline),0
0.9117493805884569,0.0,0.0,0.0,310764764.54,0.0,A - No control (baseline),0
0.12441060211922535,0.0,0.0,0.0,310764764.54,0.0,A - No control (baseline),0
0.09564722884798207,0.0,0.0,0.0,310764764.54,0.0,A - No control (baseline),0
0.6795756597786456,0.0,0.0,0.0,310764764.54,0.0,A - No control (baseline),0
0.8747112591556991,0.0,0.0,0.0,310764764.54,0.0,A - No control (baseline),0
0.6391736344311536,0.0,0.0,0.0,310764764.54,0.0,A - No control (baseline),0
0.6247990318492577,0.0,0.0,0.0,310764764.54,0.0,A - No control (baseline),0
0.2605810490329524,0.0,0.0,0.0,310764764.54,0.0,A - No control (baseline),0
0.0897468467655705,0.0,0.0,0.0,310764764.54,0.0,A - No control (baseline),0
0.25386096010062603,0.0,0.0,0.0,310764764.54,0.0,A - No control (baseline),0
0.46967980510947155,0.0,0.0,0.0,310764764.54,0.0,A - No control (baseline),0
0.3434526376492536,0.0,0.0,0.0,310764764.54,0.0,A - No control (baseline),0
0.5142779460739983,0.0,0.0,0.0,310764764.54,0.0,A - No control (baseline),0
0.22322805038840302,0.0,0.0,0.0,310764764.54,0.0,A - No control (baseline),0
0.6898376742037787,0.0,0.0,0.0,310764764.54,0.0,A - No control (baseline),0
0.2550101510415052,0.0,0.0,0.0,310764764.54,0.0,A - No control (baseline),0
0.7935058114785057,0.0,0.0,0.0,310764764.54,0.0,A - No control (baseline),0
0.5723350812642085,0.0,0.0,0.0,310764764.54,0.0,A - No control (baseline),0
0.40704084320478684,0.0,0.0,0.0,310764764.54,0.0,A - No control (baseline),0
0.40788898513515237,0.0,0.0,0.0,310764764.54,0.0,A - No control (baseline),0
0.45621257994032793,0.0,0.0,0.0,310764764.54,0.0,A - No control (baseline),0
0.9453745554357428,0.0,0.0,0.0,310764764.54,0.0,A - No control (baseline),0
0.44510783869492476,0.0,0.0,0.0,310764764.54,0.0,A - No control (baseline),0
0.7095876836874881,0.0,0.0,0.0,310764764.54,0.0,A - No control (baseline),0
0.20585221141896948,0.0,0.0,0.0,310764764.54,0.0,A - No control (baseline),0
0.3600336633916512,0.0,0.0,0.0,310764764.54,0.0,A - No control (baseline),0
0.18457417980217175,0.0,0.0,0.0,310764764.54,0.0,A - No control (baseline),0
0.4206964166071687,0.0,0.0,0.0,310764764.54,0.0,A - No control (baseline),0
0.9356212554713372,0.0,0.0,0.0,310764764.54,0.0,A - No control (baseline),0
0.8317536115668569,0.0,0.0,0.0,310764764.54,0.0,A - No control (baseline),0
0.4366444169775283,0.0,0.0,0.0,310764764.54,0.0,A - No control (baseline),0
0.4559087101733436,0.0,0.0,0.0,310764764.54,0.0,A - No control (baseline),0
0.5390223028576016,0.0,0.0,0.0,310764764.54,0.0,A - No control (baseline),0
0.25498804134998765,0.0,0.0,0.0,310764764.54,0.0,A - No control (baseline),0
0.22061310090884748,0.0,0.0,0.0,310764764.54,0.0,A - No control (baseline),0
0.066308006747656,0.0,0.0,0.0,310764764.54,0.0,A - No control (baseline),0
0.2731494451737202,0.0,0.0,0.0,310764764.54,0.0,A - No control (baseline),0
0.7856602157754222,0.0,0.0,0.0,310764764.54,0.0,A - No control (baseline),0
0.9780608101837847,0.0,0.0,0.0,310764764.54,0.0,A - No control (baseline),0
0.6346864079128395,0.0,0.0,0.0,310764764.54,0.0,A - No control (baseline),0
0.2699588311265153,0.0,0.0,0.0,310764764.54,0.0,A - No control (baseline),0
0.1274877898407475,0.0,0.0,0.0,310764764.54,0.0,A - No control (baseline),0
0.8968992324720588,0.0,0.0,0.0,310764764.54,0.0,A - No control (baseline),0
0.7598841782517355,0.0,0.0,0.0,310764764.54,0.0,A - No control (baseline),0
0.4461762294014911,0.0,0.0,0.0,310764764.54,0.0,A - No control (baseline),0
0.48165683921798885,0.0,0.0,0.0,310764764.54,0.0,A - No control (baseline),0
0.43033114876963047,0.0,0.0,0.0,310764764.54,0.0,A - No control (baseline),0
0.02090060299252063,0.0,0.0,0.0,310764764.54,0.0,A - No control (baseline),0
0.9788665719065731,0.0,0.0,0.0,310764764.54,0.0,A - No control (baseline),0
0.947015792974064,0.0,0.0,0.0,310764764.54,0.0,A - No control (baseline),0
0.537266444683117,0.0,0.0,0.0,310764764.54,0.0,A - No control (baseline),0
0.1385079836646851,0.0,0.0,0.0,310764764.54,0.0,A - No control (baseline),0
0.239760056651455,0.0,0.0,0.0,310764764.54,0.0,A - No control (baseline),0
0.661993175554177,0.0,0.0,0.0,310764764.54,0.0,A - No control (baseline),0
0.7506691963194577,0.0,0.0,0.0,310764764.54,0.0,A - No control (baseline),0
0.7354858817959208,0.0,0.0,0.0,310764764.54,0.0,A - No control (baseline),0
0.7624152628589,0.0,0.0,0.0,310764764.54,0.0,A - No control (baseline),0
0.6009387901145328,0.0,0.0,0.0,310764764.54,0.0,A - No control (baseline),0
0.8445713689957733,0.0,0.0,0.0,310764764.54,0.0,A - No control (baseline),0
0.8168414863989187,0.0,0.0,0.0,310764764.54,0.0,A - No control (baseline),0
0.17525921887585277,0.0,0.0,0.0,310764764.54,0.0,A - No control (baseline),0
0.39848399024369513,0.0,0.0,0.0,310764764.54,0.0,A - No control (baseline),0
0.2776579289977952,0.0,0.0,0.0,310764764.54,0.0,A - No control (baseline),0
0.3317632489877197,0.0,0.0,0.0,310764764.54,0.0,A - No control (baseline),0
0.8670089004597882,0.0,0.0,0.0,310764764.54,0.0,A - No control (baseline),0
0.7287049106771374,0.0,0.0,0.0,310764764.54,0.0,A - No control (baseline),0
0.06955622704559102,0.0,0.0,0.0,310764764.54,0.0,A - No control (baseline),0
0.6949682947986398,0.0,0.0,0.0,310764764.54,0.0,A - No control (baseline),0
0.2080035135644086,0.0,0.0,0.0,310764764.54,0.0,A - No control (baseline),0
0.11162382056205444,0.0,0.0,0.0,310764764.54,0.0,A - No control (baseline),0
0.8656377525966256,0.0,0.0,0.0,310764764.54,0.0,A - No control (baseline),0
0.5209564108408534,0.0,0.0,0.0,310764764.54,0.0,A - No control (baseline),0
0.9285500912355749,0.0,0.0,0.0,310764764.54,0.0,A - No control (baseline),0
0.5082220781361155,0.0,0.0,0.0,310764764.54,0.0,A - No control (baseline),0
0.7731033661018037,0.0,0.0,0.0,310764764.54,0.0,A - No control (baseline),0
0.49579227215800037,0.0,0.0,0.0,310764764.54,0.0,A - No control (baseline),0
0.4777315196735083,0.0,0.0,0.0,310764764.54,0.0,A - No control (baseline),0
0.6151574036065742,0.0,0.0,0.0,310764764.54,0.0,A - No control (baseline),0
0.8630825041420626,0.0,0.0,0.0,310764764.54,0.0,A - No control (baseline),0
0.3278694707501664,0.0,0.0,0.0,310764764.54,0.0,A - No control (baseline),0
0.6403396730435194,0.0,0.0,0.0,310764764.54,0.0,A - No control (baseline),0
0.7832531069947835,0.0,0.0,0.0,310764764.54,0.0,A - No control (baseline),0
0.3762714818105047,0.0,0.0,0.0,310764764.54,0.0,A - No control (baseline),0
0.8666336630830811,0.0,0.0,0.0,310764764.54,0.0,A - No control (baseline),0
0.4344695020357925,0.0,0.0,0.0,310764764.54,0.0,A - No control (baseline),0
0.012577711050629417,0.0,0.0,0.0,310764764.54,0.0,A - No control (baseline),0
0.8980341935821665,0.0,0.0,0.0,310764764.54,0.0,A - No control (baseline),0
0.017010687814627168,0.0,0.0,0.0,310764764.54,0.0,A - No control (baseline),0
0.0019387344488714711,0.0,0.0,0.0,310764764.54,0.0,A - No control (baseline),0
0.508002245509619,0.0,0.0,0.0,310764764.54,0.0,A - No control (baseline),0
0.5255129410661702,0.0,0.0,0.0,310764764.54,0.0,A - No control (baseline),0
0.5988934913998955,0.0,0.0,0.0,310764764.54,0.0,A - No control (baseline),0
0.4819432020045642,0.0,0.0,0.0,310764764.54,0.0,A - No control (baseline),0
0.17339927439500993,0.0,0.0,0.0,310764764.54,0.0,A - No control (baseline),0
0.6371281321856579,0.0,0.0,0.0,310764764.54,0.0,A - No control (baseline),0
0.025197293980215325,0.0,0.0,0.0,310764764.54,0.0,A - No control (baseline),0
0.4958263930341931,0.0,0.0,0.0,310764764.54,0.0,A - No control (baseline),0
0.48944231848103165,0.0,0.0,0.0,310764764.54,0.0,A - No control (baseline),0
0.8048859301399801,0.0,0.0,0.0,310764764.54,0.0,A - No control (baseline),0
0.38137664143191013,0.0,0.0,0.0,310764764.54,0.0,A - No control (baseline),0
0.8056011732857651,0.0,0.0,0.0,310764764.54,0.0,A - No control (baseline),0
0.8621786833730177,0.0,0.0,0.0,310764764.54,0.0,A - No control (baseline),0
0.12686901830166689,0.0,0.0,0.0,310764764.54,0.0,A - No control (baseline),0
0.8910036715752107,0.0,0.0,0.0,310764764.54,0.0,A - No control (baseline),0
0.8753924090119004,0.0,0.0,0.0,310764764.54,0.0,A - No control (baseline),0
0.7657440435466562,0.0,0.0,0.0,310764764.54,0.0,A - No control (baseline),0
0.17095714623455463,0.0,0.0,0.0,310764764.54,0.0,A - No control (baseline),0
0.33044044664989075,0.0,0.0,0.0,310764764.54,0.0,A - No control (baseline),0
0.7428640779532435,0.0,0.0,0.0,310764764.54,0.0,A - No control (baseline),0
0.45301959292200117,0.0,0.0,0.0,310764764.54,0.0,A - No control (baseline),0
0.3031927616274878,0.0,0.0,0.0,310764764.54,0.0,A - No control (baseline),0
0.8163702672386888,0.0,0.0,0.0,310764764.54,0.0,A - No control (baseline),0
0.03543299409004149,0.0,0.0,0.0,310764764.54,0.0,A - No control (baseline),0
0.8500953931158056,0.0,0.0,0.0,310764764.54,0.0,A - No control (baseline),0
0.8275933423232672,0.0,0.0,0.0,310764764.54,0.0,A - No control (baseline),0
0.33059956469479773,0.0,0.0,0.0,310764764.54,0.0,A - No control (baseline),0
0.286005721429701,0.0,0.0,0.0,310764764.54,0.0,A - No control (baseline),0
0.7322556302224535,0.0,0.0,0.0,310764764.54,0.0,A - No control (baseline),0
0.1617573767328818,0.0,0.0,0.0,310764764.54,0.0,A - No control (baseline),0
0.6720033801290771,0.0,0.0,0.0,310764764.54,0.0,A - No control (baseline),0
0.5532949666339247,0.0,0.0,0.0,310764764.54,0.0,A - No control (baseline),0
0.5817169087615722,0.0,0.0,0.0,310764764.54,0.0,A - No control (baseline),0
0.4407864907544126,0.0,0.0,0.0,310764764.54,0.0,A - No control (baseline),0
0.885141093687694,0.0,0.0,0.0,310764764.54,0.0,A - No control (baseline),0
0.3599605375728885,0.0,0.0,0.0,310764764.54,0.0,A - No control (baseline),0
0.1992113144572708,0.0,0.0,0.0,310764764.54,0.0,A - No control (baseline),0
0.6907796503119888,0.0,0.0,0.0,310764764.54,0.0,A - No control (baseline),0
0.3608142987502913,0.0,0.0,0.0,310764764.54,0.0,A - No control (baseline),0
0.02346309968980295,0.0,0.0,0.0,310764764.54,0.0,A - No control (baseline),0
0.7824049148050796,0.0,0.0,0.0,310764764.54,0.0,A - No control (baseline),0
0.34505520287726965,0.0,0.0,0.0,310764764.54,0.0,A - No control (baseline),0
0.07086147706901709,0.0,0.0,0.0,310764764.54,0.0,A - No control (baseline),0
0.45398293648189036,0.0,0.0,0.0,310764764.54,0.0,A - No control (baseline),0
0.9079809014121089,0.0,0.0,0.0,310764764.54,0.0,A - No control (baseline),0
0.2970079877755409,0.0,0.0,0.0,310764764.54,0.0,A - No control (baseline),0
0.18977070733142967,0.0,0.0,0.0,310764764.54,0.0,A - No control (baseline),0
0.48131103868683994,0.0,0.0,0.0,310764764.54,0.0,A - No control (baseline),0
0.11414008886712815,0.0,0.0,0.0,310764764.54,0.0,A - No control (baseline),0
0.8305375694204132,0.0,0.0,0.0,310764764.54,0.0,A - No control (baseline),0
0.8568506757813104,0.0,0.0,0.0,310764764.54,0.0,A - No control (baseline),0
0.30450099358469407,0.0,0.0,0.0,310764764.54,0.0,A - No control (baseline),0
0.22361866992648194,0.0,0.0,0.0,310764764.54,0.0,A - No control (baseline),0
0.39173116530047103,0.0,0.0,0.0,310764764.54,0.0,A - No control (baseline),0
0.6861739246025951,0.0,0.0,0.0,310764764.54,0.0,A - No control (baseline),0
0.6126446718590514,0.0,0.0,0.0,310764764.54,0.0,A - No control (baseline),0
0.6166455071735464,0.0,0.0,0.0,310764764.54,0.0,A - No control (baseline),0
0.9525577776876084,0.0,0.0,0.0,310764764.54,0.0,A - No control (baseline),0
0.5853451540907815,0.0,0.0,0.0,310764764.54,0.0,A - No control (baseline),0
0.8502807093100148,0.0,0.0,0.0,310764764.54,0.0,A - No control (baseline),0
0.7218959948197639,0.0,0.0,0.0,310764764.54,0.0,A - No control (baseline),0
0.41366075198198793,0.0,0.0,0.0,310764764.54,0.0,A - No control (baseline),0
0.278563660009356,0.0,0.0,0.0,310764764.54,0.0,A - No control (baseline),0
0.40873325042756126,0.0,0.0,0.0,310764764.54,0.0,A - No control (baseline),0
0.8760971013617768,0.0,0.0,0.0,310764764.54,0.0,A - No control (baseline),0
0.9135192964487286,0.0,0.0,0.0,310764764.54,0.0,A - No control (baseline),0
0.6320001398448702,0.0,0.0,0.0,310764764.54,0.0,A - No control (baseline),0
0.7866262819530105,0.0,0.0,0.0,310764764.54,0.0,A - No control (baseline),0
0.31136812895870813,0.0,0.0,0.0,310764764.54,0.0,A - No control (baseline),0
0.1037619326331264,0.0,0.0,0.0,310764764.54,0.0,A - No control (baseline),0
0.6863106373948452,0.0,0.0,0.0,310764764.54,0.0,A - No control (baseline),0
0.8613575662643447,0.0,0.0,0.0,310764764.54,0.0,A - No control (baseline),0
0.8832745803424699,0.0,0.0,0.0,310764764.54,0.0,A - No control (baseline),0
0.8202923722868646,0.0,0.0,0.0,310764764.54,0.0,A - No control (baseline),0
0.8260610223780125,0.0,0.0,0.0,310764764.54,0.0,A - No control (baseline),0
0.6920634404331634,0.0,0.0,0.0,310764764.54,0.0,A - No control (baseline),0
0.1956890826106955,0.0,0.0,0.0,310764764.54,0.0,A - No control (baseline),0
0.9386049255095208,0.0,0.0,0.0,310764764.54,0.0,A - No control (baseline),0
0.4104178567600891,0.0,0.0,0.0,310764764.54,0.0,A - No control (baseline),0
0.20926969925051328,0.0,0.0,0.0,310764764.54,0.0,A - No control (baseline),0
0.42940396060674985,0.0,0.0,0.0,310764764.54,0.0,A - No control (baseline),0
0.9107907054604467,0.0,0.0,0.0,310764764.54,0.0,A - No control (baseline),0
0.9204894336815609,0.0,0.0,0.0,310764764.54,0.0,A - No control (baseline),0
0.7961639449328963,0.0,0.0,0.0,310764764.54,0.0,A - No control (baseline),0
0.38738653143195007,0.0,0.0,0.0,310764764.54,0.0,A - No control (baseline),0
0.8745190248550389,0.0,0.0,0.0,310764764.54,0.0,A - No control (baseline),0
0.2024451009500483,0.0,0.0,0.0,310764764.54,0.0,A - No control (baseline),0
0.9856383136805237,0.0,0.0,0.0,310764764.54,0.0,A - No control (baseline),0
0.09443202837107598,0.0,0.0,0.0,310764764.54,0.0,A - No control (baseline),0
0.490225127222757,0.0,0.0,0.0,310764764.54,0.0,A - No control (baseline),0
0.8933569898740811,0.0,0.0,0.0,310764764.54,0.0,A - No control (baseline),0
0.11116752193618563,0.0,0.0,0.0,310764764.54,0.0,A - No control (baseline),0
0.9108110519321062,0.0,0.0,0.0,310764764.54,0.0,A - No control (baseline),0
0.38258988806079974,0.0,0.0,0.0,310764764.54,0.0,A - No control (baseline),0
0.5988432252062661,0.0,0.0,0.0,310764764.54,0.0,A - No control (baseline),0
0.674611628222303,0.0,0.0,0.0,310764764.54,0.0,A - No control (baseline),0
0.33309316037912534,0.0,0.0,0.0,310764764.54,0.0,A - No control (baseline),0
0.11833128043682337,0.0,0.0,0.0,310764764.54,0.0,A - No control (baseline),0
0.6046106874594469,0.0,0.0,0.0,310764764.54,0.0,A - No control (baseline),0
0.9404849066619864,0.0,0.0,0.0,310764764.54,0.0,A - No control (baseline),0
0.7127126344175766,92572858.77069725,189457.867838256,92383400.902859,218191905.7693028,0.297887242486211,B - Identity-change trigger,8966
0.7132900757716422,92647861.50579253,469334.0681836466,92178527.43760888,218116903.0342075,0.29812859138947645,B - Identity-change trigger,8966
0.29131389369405714,37838195.41927963,425316.30667718535,37412879.11260244,272926569.1207204,0.12175831927177604,B - Identity-change trigger,8966
0.7122930303458176,92518357.2134093,262562.3094656249,92255794.90394367,218246407.32659072,0.2977118636675453,B - Identity-change trigger,8966
0.797245429472684,103552659.21232074,447767.7709753451,103104891.4413454,207212105.32767928,0.33321879127964005,B - Identity-change trigger,8966
0.47894487984011735,62209219.507691,380330.4835535892,61828889.024137415,248555545.03230903,0.2001810584921823,B - Identity-change trigger,8966
0.9335320855429454,121254668.06618787,407548.76576781523,120847119.30042006,189510096.47381216,0.39018151959946734,B - Identity-change trigger,8966
0.7925520387348468,102943043.81202053,256198.66631325436,102686845.14570726,207821720.72797948,0.3312571293737203,B - Identity-change trigger,8966
0.9181142121867759,119252070.46398382,402971.464071514,118849098.9999123,191512694.0760162,0.3837374248026575,B - Identity-change trigger,8966
0.7676747585769591,99711782.24677947,267085.488531064,99444696.7582484,211052982.29322055,0.3208593560932648,B - Identity-change trigger,8966
0.7342526738606117,95370652.62614761,348700.5040150778,95021952.12213254,215394111.9138524,0.3068901738822195,B - Identity-change trigger,8966
0.8426561121918724,109450964.52506392,232200.3984650051,109218764.12659891,201313800.0149361,0.3521987593640976,B - Identity-change trigger,8966
0.814637541189731,105811686.79785259,350580.2547900322,105461106.54306255,204953077.74214745,0.34048804392118615,B - Identity-change trigger,8966
0.9220120425625168,119758352.07519794,406368.7286724512,119351983.34652549,191006412.4648021,0.38536657221247894,B - Identity-change trigger,8966
0.5948193764266679,77259932.64174154,422358.5345901109,76837574.10715143,233504831.89825848,0.24861226708279874,B - Identity-change trigger,8966
0.7650762636397075,99374268.79012644,335586.0069144729,99038682.78321198,211390495.74987358,0.31977328233212715,B - Identity-change trigger,8966
0.5662900760606909,73554317.2701765,377756.0288237067,73176561.2413528,237210447.26982352,0.2366880858550776,B - Identity-change trigger,8966
0.8162716109362476,106023932.94105358,234233.88957629143,105789699.0514773,204740831.59894645,0.34117102399943006,B - Identity-change trigger,8966
0.8108630897059225,105321430.63109754,486800.89923634456,104834629.73186119,205443333.90890247,0.3389104642767218,B - Identity-change trigger,8966
0.7493497388644942,97331581.05503473,313219.1032646999,97018361.95177002,213433183.4849653,0.3132001827784653,B - Identity-change trigger,8966
0.6730799384466081,87425044.92589197,436103.6067622565,86988941.3191297,223339719.61410806,0.2813222569016156,B - Identity-change trigger,8966
0.7307570261403635,94916609.73832497,471604.67314163625,94445005.06518333,215848154.80167505,0.3054291237902159,B - Identity-change trigger,8966
0.8520836089937348,110675483.76024374,420118.83812034415,110255364.9221234,200089280.77975628,0.35613910066048743,B - Identity-change trigger,8966
0.5466294121261986,71000631.846551,391002.74832787976,70609629.09822312,239764132.69344902,0.22847066317717035,B - Identity-change trigger,8966
0.6658686451195895,86488384.05238059,266544.1299781722,86221839.92240243,224276380.48761943,0.278308205823792,B - Identity-change trigger,8966
0.7708524991581442,100124532.7942317,551389.6053083503,99573143.18892334,210640231.7457683,0.3221875328833948,B - Identity-change trigger,8966
0.8257124892314499,107250190.27239347,260204.78442119286,106989985.48797227,203514574.26760656,0.3451169582598827,B - Identity-change trigger,8966
0.7395369954013853,96057022.87983723,412587.1125558047,95644435.76728143,214707741.6601628,0.30909882277684436,B - Identity-change trigger,8966
0.8508913593055386,110520624.7656435,504598.320335115,110016026.44530839,200244139.7743565,0.35564078485293615,B - Identity-change trigger,8966
0.6864380579805921,89160105.10771705,487487.4160216481,88672617.6916954,221604659.43228298,0.2869054515871307,B - Identity-change trigger,8966
0.4466011513757376,58008155.484604605,367445.0578844131,57640710.426720195,252756609.05539542,0.1866625888892822,B - Identity-change trigger,8966
0.6128856025424615,79606519.63623695,441316.25649230496,79165203.37974465,231158244.90376306,0.2561632743469873,B - Identity-change trigger,8966
0.9571428824768334,124321428.58715236,375016.3548655343,123946412.23228683,186443335.95284766,0.40004995022899503,B - Identity-change trigger,8966
0.6099365886529825,79223477.9541898,227204.80638478196,78996273.14780502,231541286.5858102,0.25493069676498853,B - Identity-change trigger,8966
0.9238432908210029,119996209.35205883,407728.26436344226,119588481.08769539,190768555.1879412,0.38613196553888446,B - Identity-change trigger,8966
0.6280443921278892,81575465.35104567,349408.16705235734,81226057.18399331,229189299.18895435,0.26249908181127046,B - Identity-change trigger,8966
0.6670831923824145,86646139.23560913,464458.5575203401,86181680.67808878,224118625.3043909,0.278815841184133,B - Identity-change trigger,8966
0.737192934050632,95752557.30718683,557542.378133661,95195014.92905317,215012207.23281318,0.30811909274502725,B - Identity-change trigger,8966
0.5484699121386678,71239690.81575394,423488.4631486106,70816202.35260533,239525073.72424608,0.22923992339094265,B - Identity-change trigger,8966
0.9204081318462658,119550023.22981744,358605.3831598019,119191417.84665763,191214741.31018257,0.3846961974816472,B - Identity-change trigger,8966
0.9555146822208621,124109944.82066965,586561.9650815137,123523382.85558814,186654819.71933037,0.399369423378418,B - Identity-change trigger,8966
0.7366715593539317,95684836.96123885,367046.30203435814,95317790.65920448,215079927.57876116,0.30790117760896535,B - Identity-change trigger,8966
0.640915799010726,83247307.37264635,455947.9474780549,82791359.42516829,227517457.1673537,0.26787884880021906,B - Identity-change trigger,8966
0.6140160274733543,79753348.33328107,278201.3241948927,79475147.00908618,231011416.20671895,0.25663574971677855,B - Identity-change trigger,8966
0.7690535905944548,99890876.05746862,500307.8262624305,99390568.2312062,210873888.4825314,0.32143565634066984,B - Identity-change trigger,8966
0.6318408738008965,82068582.97625522,521916.39546077186,81546666.58079445,228696181.56374478,0.2640858692514086,B - Identity-change trigger,8966
0.5960554360357444,77420482.02181071,451967.8577741783,76968514.16403653,233344282.5181893,0.2491288937998167,B - Identity-change trigger,8966
0.7862271285543873,102121513.52253504,346559.9387186962,101774953.58381635,208643251.017465,0.328613553321263,B - Identity-change trigger,8966
0.6550878360693173,85088085.7197149,372012.8400993433,84716072.87961555,225676678.82028514,0.2738022305896356,B - Identity-change trigger,8966
0.3282662534016439,42637865.59665746,516929.84531348565,42120935.75134398,268126898.94334257,0.13720302447985327,B - Identity-change trigger,8966
0.7915641646735037,102814730.77034323,412658.7730159049,102402071.99732733,207950033.76965678,0.33084423493934895,B - Identity-change trigger,8966
0.6902870419581081,89660042.15520947,490199.1251542064,89169843.03005525,221104722.38479054,0.28851418302820137,B - Identity-change trigger,8966
0.7970674236695158,103529538.38454068,508680.834522865,103020857.55001782,207235226.15545934,0.3331443915071488,B - Identity-change trigger,8966
0.6511885027015685,84581608.88779026,261925.981397378,84319682.90639289,226183155.65220976,0.2721724549853314,B - Identity-change trigger,8966
0.6753982628564784,87726167.57731651,229820.75269362898,87496346.82462288,223038596.9626835,0.2822912298541003,B - Identity-change trigger,8966
0.6190683745595911,80409587.87596428,374853.22545673134,80034734.65050755,230355176.66403574,0.2587474419597991,B - Identity-change trigger,8966
0.7387536210856311,95955271.91262425,506549.59321266843,95448722.31941159,214809492.62737578,0.3087714015926455,B - Identity-change trigger,8966
0.7253087322358183,94208941.43302141,350272.4903957801,93858668.94262563,216555823.1069786,0.3031519405762468,B - Identity-change trigger,8966
0.7995978525167785,103858210.86906646,510039.59115798114,103348171.27790847,206906553.67093354,0.334202016186743,B - Identity-change trigger,8966
0.9078809372250868,117922890.26983123,459954.08214555995,117462936.18768567,192841874.27016878,0.37946029835262357,B - Identity-change trigger,8966
0.7277477845207553,94525745.19347717,432446.8103572027,94093298.38311997,216239019.34652287,0.3041713732681245,B - Identity-change trigger,8966
0.7254858602456757,94231948.24593455,491263.76615497546,93740684.47977957,216532816.29406548,0.30322597346394303,B - Identity-change trigger,8966
0.5747637878853543,74654951.22855888,296369.0732205773,74358582.1553383,236109813.31144112,0.24022978068013784,B - Identity-change trigger,8966
0.7975625372491378,103593847.72503561,344843.1269419527,103249004.59809366,207170916.8149644,0.33335133047782045,B - Identity-change trigger,8966
0.8102346615902047,105239805.32463527,438923.44554989145,104800881.87908538,205524959.21536475,0.3386478048127922,B - Identity-change trigger,8966
0.5608335035991424,72845573.67919499,324303.3223752621,72521270.35681972,237919190.86080503,0.23440744251370454,B - Identity-change trigger,8966
0.49773395576603074,64649696.05900523,317505.9236182938,64332190.13538694,246115068.4809948,0.20803418995940853,B - Identity-change trigger,8966
0.5384397597499134,69936893.81778644,386664.4007936281,69550229.41699281,240827870.72221357,0.22504769458438564,B - Identity-change trigger,8966
0.7338129199842672,95313533.84990764,462445.0463736425,94851088.803534,215451230.69009238,0.3067063731983662,B - Identity-change trigger,8966
0.8204239358355484,106563270.35126682,350510.11878140416,106212760.23248541,204201494.18873322,0.3429065406079863,B - Identity-change trigger,8966
0.8123219792878147,105510922.96321666,434702.3203408077,105076220.64287585,205253841.57678336,0.3395202255937733,B - Identity-change trigger,8966
0.45466032599351475,59054946.01092879,290389.74536292197,58764556.265565865,251709818.52907124,0.19003102265581187,B - Identity-change trigger,8966
0.6708329066639735,87133182.33524619,398708.44415985496,86734473.89108634,223631582.20475382,0.28038308160264697,B - Identity-change trigger,8966
0.5072370245334861,65884031.18990518,426297.41536662664,65457733.774538554,244880733.35009485,0.21200611751280102,B - Identity-change trigger,8966
0.8451564738566157,109775731.64169446,470038.86619271437,109305692.77550174,200989032.89830557,0.35324381708520464,B - Identity-change trigger,8966
0.6414725004562356,83319616.24133186,411267.7497078066,82908348.49162406,227445148.29866815,0.26811152919689324,B - Identity-change trigger,8966
0.37298492729049215,48446287.22749915,436663.19805217645,48009624.029446974,262318477.31250086,0.15589375873809336,B - Identity-change trigger,8966
0.7709271141050117,100134224.38464974,382154.67299273843,99752069.711657,210630540.15535027,0.3222187191423402,B - Identity-change trigger,8966
0.7187060352668857,93351329.95752092,396352.0338677847,92954977.92365313,217413434.58247912,0.30039226002890435,B - Identity-change trigger,8966
0.6529078799700627,84804935.459207,376130.67444004206,84428804.78476696,225959829.08079302,0.27289109041926585,B - Identity-change trigger,8966
0.3936302003192865,51127861.61257916,474468.10576939414,50653393.50680976,259636902.92742085,0.1645227112161818,B - Identity-change trigger,8966
0.7575931274452009,98402298.77494347,327850.61716534203,98074448.15777813,212362465.76505655,0.31664561109622724,B - Identity-change trigger,8966
0.8058251105354365,104667057.309064,349995.7531615102,104317061.5559025,206097707.23093602,0.3368047772854628,B - Identity-change trigger,8966
0.747697753466286,97117007.88265851,507953.2562801418,96609054.62637837,213647756.6573415,0.31250971462743843,B - Identity-change trigger,8966
0.687927636076057,89353583.51121426,478032.76104893495,88875550.75016533,221411181.02878577,0.28752803955582656,B - Identity-change trigger,8966
0.7506996046708693,97506912.50086363,562713.9855588765,96944198.51530474,213257852.0391364,0.31376437623227726,B - Identity-change trigger,8966
0.7365047643410144,95663172.28121382,306651.3261319119,95356520.95508191,215101592.2587862,0.3078314635277789,B - Identity-change trigger,8966
0.7753012336852112,100702370.27485815,524096.8826623014,100178273.39219585,210062394.26514187,0.3240469376376042,B - Identity-change trigger,8966
0.6516367956884258,84639836.79249711,520941.8064785332,84118894.98601858,226124927.74750292,0.27235982469821707,B - Identity-change trigger,8966
0.930697295538687,120886462.70257276,337725.4517180135,120548737.25085475,189878301.83742726,0.38899668333220216,B - Identity-change trigger,8966
0.6465051003354793,83973290.85768178,222363.3153988808,83750927.5422829,226791473.68231824,0.270214967845472,B - Identity-change trigger,8966
0.5586882305654571,72566928.33465971,298458.757894994,72268469.57676472,238197836.20534033,0.2335107985684113,B - Identity-change trigger,8966
0.8453628513270246,109802537.61018585,393982.2902027564,109408555.3199831,200962226.92981416,0.35333007515416903,B - Identity-change trigger,8966
0.8537534046148546,110892370.26785585,281887.7723283231,110610482.49552754,199872394.27214417,0.35683701281900754,B - Identity-change trigger,8966
0.6146713947700874,79838472.7176032,441604.3085048777,79396868.40909833,230926291.8223968,0.2569096687514804,B - Identity-change trigger,8966
0.8009897418049684,104039000.6632664,273738.07062147575,103765262.59264493,206725763.8767336,0.33478377388526315,B - Identity-change trigger,8966
0.9231031778339193,119900077.51473896,149523.65756592195,119750553.85717304,190864687.02526104,0.385822625973113,B - Identity-change trigger,8966
0.8552369885641479,111085070.10335776,389026.63677471835,110696043.46658304,199679694.43664226,0.35745709545864385,B - Identity-change trigger,8966
0.619297610846215,80439362.93166272,459652.178717007,79979710.75294572,230325401.60833728,0.25884325415955894,B - Identity-change trigger,8966
0.7938106114846619,103106517.38018098,331775.1899651833,102774742.1902158,207658247.15981904,0.33178316574210476,B - Identity-change trigger,8966
0.506479229555824,65785602.67319791,378076.6706281704,65407526.00256974,244979161.8668021,0.2116893875358586,B - Identity-change trigger,8966
0.8316947526526314,108027214.84032567,453556.45492676966,107573658.3853989,202737549.69967437,0.34761732077389673,B - Identity-change trigger,8966
0.3321280955574812,43139472.76793934,257204.49400000522,42882268.273939334,267625291.7720607,0.1388171301588686,B - Identity-change trigger,8966
0.49176401551090226,63874272.123158865,496049.0437956235,63378223.07936324,246890492.41684115,0.20553897806820792,B - Identity-change trigger,8966
0.8338404289766451,108305912.56745782,351788.2207858179,107954124.34667201,202458851.9725422,0.34851413327947367,B - Identity-change trigger,8966
0.6507729098477594,84527628.33980514,344992.5384928308,84182635.80131231,226237136.2001949,0.27199875270584345,B - Identity-change trigger,8966
0.5672792036546952,73682793.13077463,425265.6043020583,73257527.52647257,237081971.4092254,0.23710150421924867,B - Identity-change trigger,8966
0.6544680478319208,85007582.63025427,360075.7151542564,84647506.91510001,225757181.90974575,0.27354318227191593,B - Identity-change trigger,8966
0.8379778246860282,108843310.85421081,273892.8959927999,108569417.95821801,201921453.68578923,0.3502434100446451,B - Identity-change trigger,8966
0.5198280245435521,67519451.70783412,395193.8983918226,67124257.8094423,243245312.8321659,0.2172686849095576,B - Identity-change trigger,8966
0.8656847877143463,112442114.42738087,456596.2673541105,111985518.16002676,198322650.11261916,0.36182388500131235,B - Identity-change trigger,8966
0.5729122049436669,74414452.7192219,414804.17428701813,73999648.54493488,236350311.82077813,0.2394558882161934,B - Identity-change trigger,8966
0.5021715142884505,65226081.910111085,413493.91252451576,64812587.99758657,245538682.62988895,0.20988892356139532,B - Identity-change trigger,8966
0.2549256087719656,33111791.819386326,406596.1647099783,32705195.654676348,277652972.7206137,0.10654937624089732,B - Identity-change trigger,8966
0.9197043544340183,119458610.94968684,398997.745380873,119059613.20430596,191306153.5903132,0.3844020448280608,B - Identity-change trigger,8966
0.7391350693959702,96004817.49222548,405451.7325515381,95599365.75967394,214759947.04777455,0.30893083272916627,B - Identity-change trigger,8966
0.8913135484158745,115770984.33976762,466366.0221473699,115304618.31762025,194993780.2002324,0.3725357490613006,B - Identity-change trigger,8966
0.3329701880886571,43248850.530021675,582688.8398443548,42666161.69017732,267515914.00997835,0.1391690933624327,B - Identity-change trigger,8966
0.731884986849063,95063118.36233816,380491.86129760405,94682626.50104055,215701646.17766187,0.3059005692072343,B - Identity-change trigger,8966
0.7974348554154502,103577263.37983567,425947.0820205999,103151316.29781507,207187501.16016436,0.3332979642436385,B - Identity-change trigger,8966
0.7353686477927167,95515604.31104788,468195.86650438374,95047408.4445435,215249160.22895214,0.30735660927464514,B - Identity-change trigger,8966
0.8657297257040578,112447951.33551763,426887.1125133345,112021064.2230043,198316813.20448238,0.3618426674013872,B - Identity-change trigger,8966
0.8926115423164838,115939578.24458104,380807.246548076,115558770.99803297,194825186.29541898,0.3730782619972925,B - Identity-change trigger,8966
0.6450116149770253,83779304.94738956,405519.4043327138,83373785.54305685,226985459.59261048,0.26959074678688655,B - Identity-change trigger,8966
0.957482941836276,124365598.23637019,473640.59022753907,123891957.64614265,186399166.30362982,0.40019208233101505,B - Identity-change trigger,8966
0.45402938332191356,58972994.0936904,373063.57990860456,58599930.5137818,251791770.44630963,0.1897673122015083,B - Identity-change trigger,8966
0.49963531119904353,64896659.42049668,376068.95233497,64520590.46816171,245868105.11950335,0.20882888546440573,B - Identity-change trigger,8966
0.5275397230487204,68521109.23728782,324165.4544694386,68196943.78281838,242243655.3027122,0.22049188664845606,B - Identity-change trigger,8966
0.6043700950770151,78500456.92331229,228689.32841779152,78271767.5948945,232264307.61668772,0.25260411050625436,B - Identity-change trigger,8966
0.9029297485906485,117279790.0018284,326318.997980495,116953471.00384791,193484974.53817162,0.37739088656150643,B - Identity-change trigger,8966
0.7455625806003024,96839674.42927413,461957.9381209211,96377716.49115321,213925090.11072588,0.31161729217473566,B - Identity-change trigger,8966
0.7516687367278984,97632791.18002976,278943.28731630393,97353847.89271346,213131973.35997027,0.31416943720935575,B - Identity-change trigger,8966
0.7000982721312036,90934403.77210853,381256.51818062767,90553147.2539279,219830360.7678915,0.2926149105311581,B - Identity-change trigger,8966
0.47301932276188374,61439560.41642304,400887.55039549136,61038672.86602755,249325204.123577,0.19770439711003612,B - Identity-change trigger,8966
0.5963921044619546,77464211.22930199,425099.60067214735,77039111.62862985,233300553.31069803,0.24926960861848674,B - Identity-change trigger,8966
0.49301871376482337,64037242.44057859,369546.970206105,63667695.47037248,246727522.09942144,0.20606339504212373,B - Identity-change trigger,8966
0.6529601603352209,84811726.054219,459035.7794364592,84352690.27478254,225953038.485781,0.2729129416578451,B - Identity-change trigger,8966
0.7075845899948182,91906787.04810767,425686.59865312965,91481100.44945455,218857977.49189234,0.2957439115858256,B - Identity-change trigger,8966
0.7478322416232969,97134476.28796534,390769.787778332,96743706.50018701,213630288.25203466,0.31256592565037306,B - Identity-change trigger,8966
0.5248162208643594,68167358.83228682,430008.27554822,67737350.5567386,242597405.7077132,0.21935356453035934,B - Identity-change trigger,8966
0.9666569879611681,125557197.25575548,632014.2104836309,124925183.04527186,185207567.28424454,0.4040264907175293,B - Identity-change trigger,8966
0.6463329867653655,83950935.3606003,342753.1232920056,83608182.2373083,226813829.17939973,0.2701430308061665,B - Identity-change trigger,8966
0.7989212157784888,103770323.83832239,329400.79882287415,103440923.0394995,206994440.70167762,0.3339192073204477,B - Identity-change trigger,8966
0.6909908136318733,89751453.68997975,355570.017215804,89395883.67276394,221013310.8500203,0.2888083332833166,B - Identity-change trigger,8966
0.38036627089162106,49405035.600584604,525417.9916101668,48879617.608974434,261359728.93941543,0.1589788844746118,B - Identity-change trigger,8966
0.7415269207807359,96315490.41950333,375208.9056401825,95940281.51386315,214449274.1204967,0.3099305372089766,B - Identity-change trigger,8966
0.7810660048442156,101451145.19560023,490245.28131409985,100960899.91428612,209313619.3443998,0.3264563965151267,B - Identity-change trigger,8966
0.8345169971840126,108393790.69685364,418847.5460911496,107974943.15076248,202370973.84314638,0.348796913502405,B - Identity-change trigger,8966
0.6681310146885132,86782238.8382751,360955.18482017855,86421283.65345493,223982525.70172492,0.2792537917441568,B - Identity-change trigger,8966
0.7796905936108149,101272495.70390815,341307.7585504752,100931187.94535767,209492268.83609188,0.32588152602761655,B - Identity-change trigger,8966
0.8269668749450563,107413119.9945592,294148.9547316201,107118971.03982759,203351644.54544082,0.3456412446036286,B - Identity-change trigger,8966
0.7935726287595156,103075606.26658352,511862.85564573243,102563743.41093779,207689158.27341652,0.33168369785795376,B - Identity-change trigger,8966
0.7106633406791836,92306679.99027061,312217.2520481604,91994462.73822245,218458084.5497294,0.29703071429898026,B - Identity-change trigger,8966
0.7934702080528401,103062303.04007061,330673.10404437734,102731629.93602623,207702461.49992943,0.33164088983069046,B - Identity-change trigger,8966
0.7583179424178726,98496443.58290644,522294.2542685848,97974149.32863785,212268320.9570936,0.31694855666376065,B - Identity-change trigger,8966
0.6168468973679552,80121044.52147235,441213.589842243,79679830.9316301,230643720.0185277,0.25781894752472684,B - Identity-change trigger,8966
0.5996453816362051,77886773.07800548,430838.0987248011,77455934.97928068,232877991.46199453,0.25062935688122484,B - Identity-change trigger,8966
0.5558388031638327,72196821.74795175,396746.43074905337,71800075.31720269,238567942.79204828,0.2323198444161418,B - Identity-change trigger,8966
0.489583978912414,63591111.40676197,207002.17970452088,63384109.22705744,247173653.13323805,0.20462780425216723,B - Identity-change trigger,8966
0.7299757770645106,94815134.81439188,386984.27857844176,94428150.53581344,215949629.72560814,0.3051025908768617,B - Identity-change trigger,8966
0.7283751811246866,94607236.51887849,513750.9364342124,94093485.58244428,216157528.02112153,0.3044336015986817,B - Identity-change trigger,8966
0.7666375146737837,99577056.65230775,601217.781090677,98975838.87121707,211187707.88769227,0.3204258269102793,B - Identity-change trigger,8966
0.8628619128542135,112075456.69867654,283808.81298442854,111791647.88569212,198689307.8413235,0.36064402881894536,B - Identity-change trigger,8966
0.8011066105993084,104054180.52380303,321237.8386436718,103732942.68515936,206710584.016197,0.33483262067315134,B - Identity-change trigger,8966
0.7837063294357209,101794091.82473914,498517.6460802109,101295574.17865893,208970672.71526086,0.3275599535082966,B - Identity-change trigger,8966
0.6308062064310587,81934192.04269065,475266.6281614717,81458925.41452917,228830572.4973094,0.26365341696305633,B - Identity-change trigger,8966
0.7670060396425262,99624923.64418836,382336.1297861511,99242587.51440221,211139840.89581168,0.32057985657304194,B - Identity-change trigger,8966
0.8515290539540142,110603453.68403415,353801.1799345461,110249652.50409961,200161310.85596585,0.35590731738120795,B - Identity-change trigger,8966
0.9210497167960898,119633357.45188858,280291.96959958615,119353065.48228899,191131407.08811146,0.38496435601047685,B - Identity-change trigger,8966
0.5208935673331353,67657852.98965625,320402.9671445014,67337450.02251175,243106911.55034375,0.21771404196934846,B - Identity-change trigger,8966
0.5478338742772006,71157077.09420748,550135.6312981372,70606941.46290934,239607687.44579256,0.22897408333771543,B - Identity-change trigger,8966
0.7615727782163781,98919207.87828489,343509.7213606373,98575698.15692425,211845556.66171515,0.3183089563731815,B - Identity-change trigger,8966
0.7107741560293648,92321073.58071163,454286.75296967354,91866786.82774197,218443690.9592884,0.29707703097346655,B - Identity-change trigger,8966
0.5259972790951162,68320764.19023332,340088.91750252305,67980675.2727308,242444000.3497667,0.21984720272699843,B - Identity-change trigger,8966
0.9228280357728486,119864339.8472256,373874.11341204913,119490465.73381355,190900424.69277442,0.38570762687543136,B - Identity-change trigger,8966
0.6667635745094563,86604624.69133824,387942.33695973904,86216682.3543785,224160139.84866178,0.2786822528594323,B - Identity-change trigger,8966
0.48499192196231633,62994658.05518671,469239.89695893595,62525418.15822778,247770106.4848133,0.2027084960820208,B - Identity-change trigger,8966
0.6636728470150143,86203176.104594,407305.91500446654,85795870.18958955,224561588.43540603,0.27739044428731685,B - Identity-change trigger,8966
0.7326654647058893,95164493.11413091,439167.8837908867,94725325.23034003,215600271.4258691,0.3062267797798609,B - Identity-change trigger,8966
0.5882532070609502,76407065.66562319,239734.1767412977,76167331.48888189,234357698.87437683,0.24586785370832628,B - Identity-change trigger,8966
0.644844483041042,83757596.50508237,404770.87687388953,83352825.62820847,227007168.03491765,0.2695208918844515,B - Identity-change trigger,8966
0.7729207620203192,100393175.43727571,424314.75020748045,99968860.68706822,210371589.1027243,0.32305198945536706,B - Identity-change trigger,8966
0.5349690675254929,69486092.35081035,341899.10234632454,69144193.24846402,241278672.18918967,0.22359707495688902,B - Identity-change trigger,8966
0.5047490893911172,65560878.13011218,538678.3804679913,65022199.74964419,245203886.40988785,0.21096625361358665,B - Identity-change trigger,8966
0.9137044134143851,118679290.27285205,401494.35409337713,118277795.91875868,192085474.26714796,0.38189429373862066,B - Identity-change trigger,8966
0.6474114637504391,84091016.63993421,374265.0073822449,83716751.63255197,226673747.9000658,0.2705937938762374,B - Identity-change trigger,8966
0.6866553622098338,89188330.33167468,405214.6271898231,88783115.70448485,221576434.20832533,0.2869962766328833,B - Identity-change trigger,8966
0.8188324776497272,106356558.94085962,232930.4353113262,106123628.50554828,204408205.5991404,0.34224137056944226,B - Identity-change trigger,8966
0.5912668197283515,76798497.95737274,547605.4709517801,76250892.48642096,233966266.5826273,0.24712743116502076,B - Identity-change trigger,8966
0.661214759197821,85883899.85585323,334215.27190599067,85549684.58394724,224880864.6841468,0.27636305545443746,B - Identity-change trigger,8966
0.7543379747468789,97979493.31806383,412506.9275733333,97566986.39049049,212785271.2219362,0.31528507893452773,B - Identity-change trigger,8966
0.8037094763113923,104392261.69190346,248047.1248060754,104144214.56709738,206372502.84809655,0.3359205212548047,B - Identity-change trigger,8966
0.6144183901693084,79805610.44177814,611900.2086027636,79193710.23317538,230959154.0982219,0.25680392228478005,B - Identity-change trigger,8966
0.6532475892730301,84849059.64026965,459682.7627286448,84389376.877541,225915704.89973038,0.273033076210763,B - Identity-change trigger,8966
0.8593379816853782,111617740.12869202,556259.7923187806,111061480.33637324,199147024.411308,0.35917115730256854,B - Identity-change trigger,8966
0.7177230030375822,93223645.81199609,475768.72397481016,92747877.08802128,217541118.72800392,0.29998138929935486,B - Identity-change trigger,8966
0.7658305469659691,99472241.18525897,409573.3596608314,99062667.82559814,211292523.35474104,0.3200885445700374,B - Identity-change trigger,8966
0.6283835999135081,81619524.39099474,406383.93770652567,81213140.45328821,229145240.1490053,0.262640857987261,B - Identity-change trigger,8966
0.8760225886142482,113784871.29247876,410739.8607964879,113374131.43168227,196979893.24752128,0.3661446993867059,B - Identity-change trigger,8966
0.8721213127204599,113278142.14962257,461304.0941195571,112816838.05550301,197486622.39037746,0.364514111879122,B - Identity-change trigger,8966
0.5074865991803146,65916447.9556785,350619.69782149454,65565828.257857,244848316.58432153,0.21211043038694974,B - Identity-change trigger,8966
0.694940907045644,90264523.64561886,319448.0857238952,89945075.55989496,220500240.89438117,0.29045932468962543,B - Identity-change trigger,8966
0.8351913788434235,108481384.8197854,378927.4352507283,108102457.38453467,202283379.7202146,0.3490787798300159,B - Identity-change trigger,8966
0.6388628385229415,82980652.32526837,463261.77445949544,82517390.55080888,227784112.21473163,0.26702078804879287,B - Identity-change trigger,8966
0.6465260695397629,83976014.50686792,438673.5748092658,83537340.93205865,226788750.0331321,0.27022373218910717,B - Identity-change trigger,8966
0.6791501937367831,88213498.58665618,363062.1193808133,87850436.46727537,222551265.95334384,0.2838593967280412,B - Identity-change trigger,8966
0.7443740222756232,96685294.89870612,496167.7753845045,96189127.12332162,214079469.64129388,0.3111205192191642,B - Identity-change trigger,8966
0.5747898124356426,74658331.5068114,297969.60380557814,74360361.90300582,236106433.03318864,0.24024065796945188,B - Identity-change trigger,8966
0.9057143168048004,117641472.15474367,325529.72874659824,117315942.42599708,193123292.38525635,0.3785547319976215,B - Identity-change trigger,8966
0.8492674819010491,110309702.48593734,404289.55299425725,109905412.93294309,200455062.05406266,0.3549620647927055,B - Identity-change trigger,8966
0.9353821104534956,121494964.20588882,474713.8703348677,121020250.33555396,189269800.3341112,0.3909547608646302,B - Identity-change trigger,8966
0.8754805141235381,113714462.29052146,353825.6925698735,113360636.59795159,197050302.24947858,0.3659181325104337,B - Identity-change trigger,8966
0.8072864882066498,104856872.81426889,286769.6214618533,104570103.19280703,205907891.72573113,0.3374155785308545,B - Identity-change trigger,8966
0.4568011652243232,59333015.457426466,423778.4698706568,58909236.98755581,251431749.08257356,0.19092581343722265,B - Identity-change trigger,8966
0.8219004599089957,106755053.19321752,422640.0964647557,106332413.09675276,204009711.3467825,0.3435236724833924,B - Identity-change trigger,8966
0.935510984583823,121511703.41618182,383025.0068494877,121128678.40933233,189253061.12381822,0.39100862543424375,B - Identity-change trigger,8966
0.701662887533953,91137628.6255974,373263.9829324445,90764364.64266495,219627135.9144026,0.29326886128966734,B - Identity-change trigger,8966
0.7113370360379415,92394184.97094454,493141.59624370205,91901043.37470083,218370579.5690555,0.2973122937785697,B - Identity-change trigger,8966
0.7501720991775046,97438395.83765346,358105.07059874886,97080290.7670547,213326368.70234656,0.3135438986523573,B - Identity-change trigger,8966
0.7590101766149063,98586356.5372497,334046.13449407875,98252310.40275562,212178408.00275034,0.31723788468483266,B - Identity-change trigger,8966
0.7392116466001514,96014763.95643194,358011.60360984685,95656752.3528221,214750000.5835681,0.3089628391383265,B - Identity-change trigger,8966
0.9460418589799784,122879538.22242726,367067.9804739646,122512470.2419533,187885226.31757277,0.39541013732466074,B - Identity-change trigger,8966
0.4987838449944168,64786064.130189605,440753.9307414082,64345310.1994482,245978700.40981042,0.20847300441569425,B - Identity-change trigger,8966
0.5401739869760557,70162149.22133791,439205.2541478774,69722943.96719004,240602615.3186621,0.22577253674557757,B - Identity-change trigger,8966
0.8273417751345025,107461815.05146536,511293.0094584939,106950522.04200687,203302949.48853466,0.345797938870362,B - Identity-change trigger,8966
0.6200593572861591,80538304.69612527,401071.4833218228,80137233.21280345,230226459.84387475,0.25916163570004347,B - Identity-change trigger,8966
0.8611597723503343,111854368.9771122,263709.15802616236,111590659.81908605,198910395.56288782,0.35993259770837016,B - Identity-change trigger,8966
0.657955061446077,85460504.0508189,367523.9437468336,85092980.10707207,225304260.4891811,0.2750006236302857,B - Identity-change trigger,8966
0.8201051256186723,106521860.71187457,270505.61582845636,106251355.09604612,204242903.82812545,0.3427732898533406,B - Identity-change trigger,8966
0.6981841826004126,90685786.40340818,226421.00759131988,90459365.39581686,220078978.13659185,0.2918148926492456,B - Identity-change trigger,8966
0.6103586415699661,79278297.58722411,440899.91995337734,78837397.66727073,231486466.9527759,0.25510709910942886,B - Identity-change trigger,8966
0.5936759242679045,77111411.8633906,349219.7117776324,76762192.15161297,233653352.67660943,0.2481343468186697,B - Identity-change trigger,8966
0.8950191438781175,116252296.93171835,468396.08390813787,115783900.84781021,194512467.60828167,0.3740845494623473,B - Identity-change trigger,8966
0.8051780686526431,104583014.2965762,503277.5657773415,104079736.73079886,206181750.24342382,0.33653433796261295,B - Identity-change trigger,8966
0.8220992061023511,106780867.9499655,290250.06191086676,106490617.88805464,203983896.5900345,0.3436067409637788,B - Identity-change trigger,8966
0.8715252391612693,113200719.31361942,477234.83979770937,112723484.47382171,197564045.2263806,0.3642649754105209,B - Identity-change trigger,8966
0.8522169183945296,110692799.05919683,485098.1226818082,110207700.93651502,200071965.4808032,0.3561948190073815,B - Identity-change trigger,8966
0.47180869900680933,61282314.84999003,584018.2449279295,60698296.605062105,249482449.69000998,0.19719840162928798,B - Identity-change trigger,8966
0.7785252698702876,101121134.0683141,375436.14715563686,100745697.92115846,209643630.47168592,0.32539446425979324,B - Identity-change trigger,8966
0.7048728314972674,91554562.00776003,268938.06487187464,91285623.94288816,219210202.53223997,0.29461049788987775,B - Identity-change trigger,8966
0.721225069082376,93678522.36351855,514085.71879562305,93164436.64472292,217086242.1764815,0.30144512201112406,B - Identity-change trigger,8966
0.7764993823644946,100857995.47794472,387314.98665910854,100470680.4912856,209906769.0620553,0.3245477190029464,B - Identity-change trigger,8966
0.8214746130354282,106699740.77053693,451912.21706224047,106247828.5534747,204065023.7694631,0.3433456844069048,B - Identity-change trigger,8966
0.750845270654598,97525832.77235627,419176.1859550452,97106656.58640122,213238931.76764375,0.31382525916899195,B - Identity-change trigger,8966
0.5981867245048391,77697310.9384334,402646.7101954884,77294664.22823791,233067453.6015666,0.2500196927198051,B - Identity-change trigger,8966
0.6633246216335364,86157945.78664649,513345.6890928953,85644600.0975536,224606818.75335354,0.27724489909330335,B - Identity-change trigger,8966
0.7955413149990707,103331315.0956645,358822.74081431224,102972492.35485019,207433449.44433552,0.33250653512349604,B - Identity-change trigger,8966
0.844297357647962,109664142.70723377,442479.1238017442,109221663.58343203,201100621.83276623,0.35288473862074016,B - Identity-change trigger,8966
0.8208672553312091,106620852.25886922,441827.8386694093,106179024.42019981,204143912.2811308,0.3430918315874435,B - Identity-change trigger,8966
0.8685323638847009,112811980.56125747,389252.605520238,112422727.95573723,197952783.97874254,0.36301406540810355,B - Identity-change trigger,8966
0.9084081082785709,117991363.49329536,406521.0927118434,117584842.40058352,192773401.04670465,0.37968063614917363,B - Identity-change trigger,8966
0.7027401144768345,91277547.53938071,329132.07086435147,90948415.46851636,219487217.0006193,0.29371910188882416,B - Identity-change trigger,8966
0.597017524089796,77545445.76912168,409018.46141986054,77136427.30770181,233219318.77087834,0.24953101064693076,B - Identity-change trigger,8966
0.6641488178840067,86264999.03561333,374089.62470446137,85890909.41090886,224499765.5043867,0.27758938232043273,B - Identity-change trigger,8966
0.8312582233169741,107970514.89340794,292090.1758019761,107678424.71760596,202794249.64659208,0.3474348678275286,B - Identity-change trigger,8966
0.6258127283107243,81285598.87556371,532742.2657995663,80752856.60976414,229479165.6644363,0.2615663297474674,B - Identity-change trigger,8966
0.6586116750288353,85545790.31281044,458049.2329208953,85087741.07988954,225218974.2271896,0.2752750635659643,B - Identity-change trigger,8966
0.5777054004355123,75037031.56502776,307248.81484042935,74729782.75018732,235727732.97497225,0.24145926477893662,B - Identity-change trigger,8966
0.7706159930034099,100093813.46949498,524602.0723679845,99569211.397127,210670951.07050502,0.32208868215048697,B - Identity-change trigger,8966
0.6201785251322715,80553783.17602786,286944.4865201358,80266838.68950772,230210981.36397216,0.25921144340564195,B - Identity-change trigger,8966
0.6306411999160755,81912759.66718595,412692.30009741307,81500067.36708854,228852004.87281406,0.26358445040715855,B - Identity-change trigger,8966
0.5914214099143216,76818577.37614836,271090.26989218924,76547487.10625617,233946187.16385168,0.24719204408471693,B - Identity-change trigger,8966
0.6432183725937791,83546384.1797908,233764.94315727593,83312619.23663352,227218380.36020923,0.2688412384958049,B - Identity-change trigger,8966
0.7012071106248201,91078428.64877282,291053.85920221324,90787374.78957061,219686335.8912272,0.29307836357699324,B - Identity-change trigger,8966
0.6371637197005149,82759957.08403462,385064.23481196613,82374892.84922266,228004807.4559654,0.26631061988812504,B - Identity-change trigger,8966
0.7274152098055088,94482547.71014594,343002.012569988,94139545.69757594,216282216.82985407,0.30403236946762874,B - Identity-change trigger,8966
0.5639684464356389,73252765.31077644,352335.64068226545,72900429.67009418,237511999.22922358,0.23571773144618435,B - Identity-change trigger,8966
0.49467969490850133,64252984.05284865,388160.8563025818,63864823.19654607,246511780.48715138,0.20675762307852744,B - Identity-change trigger,8966
0.5779004607309829,75062367.56766383,244415.88421938647,74817951.68344444,235702396.97233617,0.24154079269177312,B - Identity-change trigger,8966
0.4770805010447575,61967058.96979206,440999.2449579669,61526059.72483409,248797705.57020795,0.1994018178396669,B - Identity-change trigger,8966
0.7005795136818417,90996911.30172208,398087.0340122033,90598824.26770988,219767853.23827794,0.29281605151220236,B - Identity-change trigger,8966
0.782950752884001,101695951.45506549,422766.6909163166,101273184.76414917,209068813.08493453,0.32724415075048097,B - Identity-change trigger,8966
0.732938410782753,95199945.54952398,277323.45470998925,94922622.09481399,215564818.99047604,0.30634086103822217,B - Identity-change trigger,8966
0.7663105936465138,99534593.51551859,277011.09690511954,99257582.41861348,211230171.02448142,0.32028918614004265,B - Identity-change trigger,8966
0.883175481517093,114713946.64840828,385227.67409073986,114328718.97431754,196050817.89159173,0.36913434127002803,B - Identity-change trigger,8966
0.5499514776068867,71432128.47467245,489295.5832027472,70942832.8914697,239332636.06532758,0.22985916238093357,B - Identity-change trigger,8966
0.7086056405082248,92039409.31465776,414655.27325586835,91624754.0414019,218725355.22534227,0.29617067253714,B - Identity-change trigger,8966
0.6166924390145441,80100982.22617157,168636.8132949176,79932345.41287665,230663782.31382847,0.25775438970611286,B - Identity-change trigger,8966
0.663843756908172,86225375.25841528,502004.8478282466,85723370.41058704,224539389.28158474,0.27746187823464397,B - Identity-change trigger,8966
0.6829762156306783,88710453.13373896,450879.9376616577,88259573.1960773,222054311.40626106,0.2854585308764006,B - Identity-change trigger,8966
0.7927262667550847,102965673.95091873,368999.59623091394,102596674.35468782,207799090.5890813,0.331329950174147,B - Identity-change trigger,8966
0.9061041956260805,117692112.75702447,347322.70275523595,117344790.05426922,193072651.78297555,0.3787176867726127,B - Identity-change trigger,8966
0.9401463146680283,122113777.43103546,546878.5644906024,121566898.86654486,188650987.10896456,0.3929460201570491,B - Identity-change trigger,8966
0.6794887514113911,88257473.1849497,469400.6878853744,87788072.49706432,222507291.35505033,0.2840009011819281,B - Identity-change trigger,8966
0.777643002892614,101006538.12546405,478944.0642671346,100527594.06119692,209758226.41453597,0.3250257096391731,B - Identity-change trigger,8966
0.6146821618435507,79839871.23184718,332924.91514267016,79506946.31670451,230924893.30815285,0.2569141689857526,B - Identity-change trigger,8966
0.6257574371078457,81278417.20869243,468788.98157751333,80809628.22711492,229486347.3313076,0.2615432200912555,B - Identity-change trigger,8966
0.6062049433598954,78738781.8003443,443066.42461724,78295715.37572706,232025982.73965573,0.25337100850830035,B - Identity-change trigger,8966
0.8355108179302231,108522876.14186965,268722.621225537,108254153.52064411,202241888.39813036,0.3492122934287846,B - Identity-change trigger,8966
0.7625783699284777,99049822.23118077,405192.007091211,98644630.22408956,211714942.30881923,0.31872925612334535,B - Identity-change trigger,8966
0.6070568844169671,78849438.76831248,393606.9069864637,78455831.86132602,231915325.77168754,0.25372708802758553,B - Identity-change trigger,8966
0.5462830369633782,70955641.84990859,444841.35052306077,70510800.49938554,239809122.69009143,0.22832589130540104,B - Identity-change trigger,8966
0.8918808309827694,115844667.56974311,371758.5347972223,115472909.03494589,194920096.97025692,0.3727728519712285,B - Identity-change trigger,8966
0.9144156412728154,118771670.27695574,357732.574498324,118413937.70245741,191993094.2630443,0.3821915604002399,B - Identity-change trigger,8966
0.535865560869435,69602536.12872295,445518.5744867916,69157017.55423616,241162228.41127706,0.22397177566687768,B - Identity-change trigger,8966
0.9105614563036155,118271057.68276277,533589.4925425507,117737468.19022022,192493706.85723725,0.38058065513904016,B - Identity-change trigger,8966
0.6580230499086118,85469334.94006702,273379.80528296763,85195955.13478406,225295429.599933,0.27502904026645486,B - Identity-change trigger,8966
0.7633429491842726,99149131.94458798,422291.02677695977,98726840.91781102,211615632.59541205,0.3190488216749747,B - Identity-change trigger,8966
0.6885060808032257,89428716.57249162,465342.0058203407,88963374.56667128,221336047.9675084,0.28776980783154654,B - Identity-change trigger,8966
0.631394682093721,82010628.00268194,294310.72641243506,81716317.27626951,228754136.53731808,0.2638993777948914,B - Identity-change trigger,8966
0.8295574071347473,107749599.18540893,227975.02209824647,107521624.16331069,203015165.35459107,0.3467239902339056,B - Identity-change trigger,8966
0.8109062097340879,105327031.4077427,478816.39283406147,104848215.01490863,205437733.13225734,0.3389284868368195,B - Identity-change trigger,8966
0.7261515711841803,94318416.14578123,338559.3222662582,93979856.82351498,216446348.3942188,0.30350421575429626,B - Identity-change trigger,8966
0.8592947725492722,111612127.77798967,267162.9431869855,111344964.83480269,199152636.76201034,0.3591530974986823,B - Identity-change trigger,8966
0.8537072198047573,110886371.41264264,437778.7174254719,110448592.69521718,199878393.12735736,0.3568177092946132,B - Identity-change trigger,8966
0.7586608056069247,98540977.41610238,274040.6763150872,98266936.7397873,212223787.12389764,0.3170918606617601,B - Identity-change trigger,8966
0.786690642511399,102181718.44946995,490468.5506523373,101691249.89881761,208583046.09053007,0.32880728483076677,B - Identity-change trigger,8966
0.6017799206908818,78164024.2068712,419949.4517825909,77744074.75508861,232600740.3331288,0.2515215144244911,B - Identity-change trigger,8966
0.5435192926374478,70596664.47135861,411822.5765581589,70184841.89480045,240168100.06864142,0.22717074947623858,B - Identity-change trigger,8966
0.6500761019838179,84437121.32075717,395861.5380262546,84041259.7827309,226327643.21924287,0.2717075130629517,B - Identity-change trigger,8966
0.8350648582689281,108464951.30828476,446206.532318178,108018744.77596658,202299813.23171526,0.34902589895877245,B - Identity-change trigger,8966
0.7130252073483864,92613458.26112588,434977.1219283991,92178481.13919748,218151306.27887416,0.29801788628840886,B - Identity-change trigger,8966
0.654111924417409,84961326.45214751,430229.1896415759,84531097.26250593,225803438.0878525,0.27339433599529506,B - Identity-change trigger,8966
0.8655917426557737,112430028.9855764,374824.52027245454,112055204.46530396,198334735.55442363,0.36178499564452715,B - Identity-change trigger,8966
0.9761030051207782,126784122.06420477,525334.9300467465,126258787.13415802,183980642.47579527,0.40797457283123156,B - Identity-change trigger,8966
0.7600298178767924,98718795.75885896,499603.1575510448,98219192.60130791,212045968.78114104,0.31766405662168434,B - Identity-change trigger,8966
0.7967344589841597,103486290.2487499,504627.978967884,102981662.269782,207278474.2912501,0.3330052247137229,B - Identity-change trigger,8966
0.8888278526290778,115448122.1455172,368419.8384830118,115079702.3070342,195316642.39448282,0.3714968211290161,B - Identity-change trigger,8966
0.7318692838812555,95061078.73437181,270903.4816286877,94790175.25274312,215703685.8056282,0.3058940059536127,B - Identity-change trigger,8966
0.845173157479555,109777898.64504975,418123.2916542422,109359775.3533955,200986865.89495027,0.3532507902160179,B - Identity-change trigger,8966
0.48901257669793796,63516893.08376958,407594.9326347803,63109298.151134804,247247871.45623043,0.20438897948352835,B - Identity-change trigger,8966
0.8934903668099454,116053727.04984803,414474.1656124876,115639252.88423555,194711037.490152,0.37344557778818005,B - Identity-change trigger,8966
0.6770444739060015,87939990.73076572,352884.1705137087,87587106.56025201,222824773.80923432,0.2829792845432016,B - Identity-change trigger,8966
0.6000236545343299,77935906.20948632,531123.7903920506,77404782.41909426,232828858.33051372,0.2507874608141259,B - Identity-change trigger,8966
0.9059481610149521,117671845.7246726,556880.843032046,117114964.88164055,193092918.8153274,0.37865247013718795,B - Identity-change trigger,8966
0.8123585914800144,105515678.44969764,369707.03671711596,105145971.41298053,205249086.09030238,0.3395355281216774,B - Identity-change trigger,8966
0.62756439778022,81513119.81820153,408703.4802747325,81104416.33792679,229251644.72179848,0.2622984621144511,B - Identity-change trigger,8966
0.3767333399130394,48933161.25717723,353973.76946447947,48579187.487712756,261831603.2828228,0.15746045511179185,B - Identity-change trigger,8966
0.4056497907771025,52689062.85442652,411271.89763198135,52277790.95679454,258075701.68557352,0.16954645077738426,B - Identity-change trigger,8966
0.6005456880049038,78003712.12229227,372477.5528465496,77631234.56944571,232761052.41770774,0.2510056512930443,B - Identity-change trigger,8966
0.7921770700364936,102894339.85662559,443861.44659393857,102450478.41003165,207870424.68337443,0.33110040647282446,B - Identity-change trigger,8966
0.772822807058888,100380452.25773242,410020.39750812977,99970431.86022429,210384312.2822676,0.3230110479427019,B - Identity-change trigger,8966
0.45999647508113184,59748048.04393967,363305.78639457526,59384742.2575451,251016716.49606034,0.19226133352788524,B - Identity-change trigger,8966
0.8001041843852523,103923977.33129515,304263.4912988276,103619713.83999632,206840787.2087049,0.3344136439828544,B - Identity-change trigger,8966
0.6970746688226996,90541673.81540518,351997.7561383554,90189676.05926682,220223090.72459483,0.2913511573598979,B - Identity-change trigger,8966
0.5256169357431721,68271362.13153028,578304.7621757104,67693057.36935458,242493402.40846974,0.21968823342178728,B - Identity-change trigger,8966
0.8486157878455196,110225055.21177539,244856.9497667255,109980198.26200867,200539709.32822463,0.3546896810355339,B - Identity-change trigger,8966
0.6833007554707711,88752606.98275404,471154.2592728625,88281452.72348118,222012157.55724597,0.28559417639939766,B - Identity-change trigger,8966
0.8286634560636325,107633485.6183724,399412.49928587757,107234073.11908652,203131278.92162764,0.34635035209893744,B - Identity-change trigger,8966
0.7324508997242933,95136623.68572564,433880.66174528754,94702743.02398035,215628140.8542744,0.30613709963724073,B - Identity-change trigger,8966
0.7924256398238056,102926626.10314947,356966.3419187623,102569659.7612307,207838138.43685055,0.3312042993532534,B - Identity-change trigger,8966
0.9374370539651855,121761876.82438742,426560.42250954476,121335316.40187787,189002887.7156126,0.39181365044593036,B - Identity-change trigger,8966
0.7612280426505443,98874430.84570815,421857.05491577694,98452573.79079238,211890333.6942919,0.3181648697916702,B - Identity-change trigger,8966
0.6130185392071096,79623786.52121644,419917.820023718,79203868.70119272,231140978.01878357,0.25621883690410363,B - Identity-change trigger,8966
0.8502269834649364,110434330.27906829,444002.40237836214,109990327.87668993,200330434.26093173,0.3553631005836048,B - Identity-change trigger,8966
0.9273330535725374,120449487.85273398,427994.5896205706,120021493.26311341,190315276.68726605,0.3875905559339252,B - Identity-change trigger,8966
0.5047324214975961,65558713.16982045,393878.93801248865,65164834.23180796,245206051.37017956,0.21095928705708228,B - Identity-change trigger,8966
0.8577087997142099,111406128.84913054,251176.23974554782,111154952.609385,199358635.69086948,0.3584902201317322,B - Identity-change trigger,8966
0.720130548715109,93536357.24045536,681263.527258829,92855093.71319653,217228407.29954466,0.30098765340694167,B - Identity-change trigger,8966
0.6436268666511713,83599442.6789074,465817.52301577904,83133625.15589161,227165321.86109263,0.26901197374371866,B - Identity-change trigger,8966
0.7787038680842049,101144331.8431749,645823.4514245598,100498508.39175035,209620432.69682512,0.32546911163783543,B - Identity-change trigger,8966
0.6574155760254635,85390431.33814402,463768.1161532559,84926663.22199076,225374333.20185602,0.2747751388885435,B - Identity-change trigger,8966
0.8271484787329719,107436708.15758464,185119.89633234622,107251588.26125228,203328056.38241538,0.34571714819926425,B - Identity-change trigger,8966
0.7787184089045446,101146220.52206554,327895.08710268233,100818325.43496285,209618544.0179345,0.3254751891572525,B - Identity-change trigger,8966
0.6833463003312588,88758522.71615632,349952.41360093147,88408570.30255538,222006241.82384372,0.2856132124487742,B - Identity-change trigger,8966
0.8213075330317718,106678039.07361874,429561.67528850556,106248477.39833024,204086725.46638128,0.34327585121024135,B - Identity-change trigger,8966
0.4976964811689838,64644828.55643493,232696.86698388655,64412131.68945105,246119935.9835651,0.20801852697851203,B - Identity-change trigger,8966
0.7405623942663534,96190209.94531967,304339.6175162833,95885870.32780339,214574554.59468037,0.30952740117658534,B - Identity-change trigger,8966
0.8689927247204731,112871775.93540335,468114.5867975193,112403661.34860583,197892988.60459667,0.36320647903078174,B - Identity-change trigger,8966
0.8945949357384994,116197197.36100519,440721.5020840503,115756475.85892114,194567567.17899483,0.3739072463154004,B - Identity-change trigger,8966
0.787800770735656,102325910.84674026,279596.4865225553,102046314.3602177,208438853.69325978,0.329271276935804,B - Identity-change trigger,8966
0.6571299912993527,85353337.29316624,380041.83208639285,84973295.46107984,225411427.2468338,0.2746557751471853,B - Identity-change trigger,8966
0.6663813035357039,86554972.25758527,352659.22001178394,86202313.03757349,224209792.28241473,0.278522477880353,B - Identity-change trigger,8966
0.6842245351385381,88872594.92823127,422978.18122851,88449616.74700277,221892169.61176875,0.28598028177287793,B - Identity-change trigger,8966
0.7106323613876487,92302656.15030822,435780.65906802984,91866875.49124019,218462108.3896918,0.297017766113016,B - Identity-change trigger,8966
0.5636915052565911,73216793.95932601,561944.2648043204,72654849.6945217,237547970.580674,0.23560198038443297,B - Identity-change trigger,8966
0.5965624160886901,77486332.67546056,463747.82696490246,77022584.84849566,233278431.86453944,0.24934079251281052,B - Identity-change trigger,8966
0.7811229309987345,101458539.22316219,360223.25436642603,101098315.96879576,209306225.31683785,0.32648018952001545,B - Identity-change trigger,8966
0.5252105254240852,68218574.28513195,278028.62812897994,67940545.65700297,242546190.2548681,0.21951836909860226,B - Identity-change trigger,8966
0.4033051630666398,52384523.71841429,544429.4603280774,51840094.25808621,258380240.8215857,0.16856648402837712,B - Identity-change trigger,8966
0.5810801218599572,75475367.57133538,389844.604501544,75085522.96683383,235289396.96866465,0.24286977219909556,B - Identity-change trigger,8966
0.8046773847855009,104517981.44226235,305024.34504514094,104212957.09721722,206246783.09773767,0.33632507081995566,B - Identity-change trigger,8966
0.8921043977765455,115873706.22603545,516228.1245931802,115357478.10144226,194891058.31396458,0.37286629453488374,B - Identity-change trigger,8966
0.909187460877735,118092592.08755755,310208.6890738592,117782383.3984837,192672172.45244247,0.3800063764061556,B - Identity-change trigger,8966
0.8719921122378611,113261360.55006738,461222.13702544075,112800138.41304193,197503403.98993266,0.3644601109064569,B - Identity-change trigger,8966
0.5969635629357886,77538436.85971303,258666.24234501433,77279770.61736801,233226327.680287,0.2495084569014345,B - Identity-change trigger,8966
0.7511369333706314,97563716.27563117,412697.5732343134,97151018.70239685,213201048.26436883,0.31394716328296374,B - Identity-change trigger,8966
0.602419397354514,78247084.5877468,522015.50633018615,77725069.0814166,232517679.95225322,0.25178879176849295,B - Identity-change trigger,8966
0.5590323116359303,72611620.3561062,403569.5176406627,72208050.83846554,238153144.1838938,0.2336546115953246,B - Identity-change trigger,8966
0.4271411338518596,55480531.63325335,464126.4743016636,55016405.158951685,255284232.9067467,0.17852902891155212,B - Identity-change trigger,8966
0.7826922661621625,101662377.1171917,415717.3224884876,101246659.79470322,209102387.42280832,0.32713611296208017,B - Identity-change trigger,8966
0.6280340684823483,81574124.43279263,356157.74546857545,81217966.68732406,229190640.1072074,0.26249476691329604,B - Identity-change trigger,8966
0.6271952052062855,81465166.11238016,330617.14625086274,81134548.9661293,229299598.42761987,0.262144153417671,B - Identity-change trigger,8966
0.756592838897588,98272373.23977488,334468.24997272313,97937904.98980217,212492391.30022514,0.3162275278706051,B - Identity-change trigger,8966
0.6213074196370784,80700413.08900242,403537.738798379,80296875.35020404,230064351.4509976,0.25968327911453126,B - Identity-change trigger,8966
0.753055681136007,97812938.6933674,429736.06139329873,97383202.6319741,212951825.8466326,0.3147491281328242,B - Identity-change trigger,8966
0.5664037701766861,73569084.77791359,447072.5540037808,73122012.22390981,237195679.76208645,0.236735605746076,B - Identity-change trigger,8966
0.8409926278064029,109234897.77158315,418307.77898736874,108816589.99259579,201529866.76841688,0.35150348506618745,B - Identity-change trigger,8966
0.7809106580292875,101430967.49975993,368145.1541597418,101062822.34560019,209333797.0402401,0.3263914673528062,B - Identity-change trigger,8966
0.892946147818421,115983039.50284827,377924.75888930645,115605114.74395896,194781725.03715175,0.37321811459072135,B - Identity-change trigger,8966
0.7069934111772587,91829999.98058096,298542.6318644652,91531457.3487165,218934764.55941907,0.29549682093627794,B - Identity-change trigger,8966
0.7946388751553664,103214098.93845612,274775.9885722397,102939322.94988388,207550665.6015439,0.3321293489988661,B - Identity-change trigger,8966
0.5138502634430558,66743011.93758447,328416.4986200755,66414595.43896439,244021752.60241556,0.21477020419730905,B - Identity-change trigger,8966
0.8072642769348819,104853987.83535145,415833.73526494415,104438154.10008651,205910776.70464855,0.33740629504943503,B - Identity-change trigger,8966
0.8433753706111154,109544387.60310242,489895.5534311625,109054492.04967125,201220376.9368976,0.35249938249998236,B - Identity-change trigger,8966
0.5030001209259213,65333708.01567287,393536.436289834,64940171.57938304,245431056.52432716,0.21023525016544614,B - Identity-change trigger,8966
0.9121191339519815,118473381.40481983,350829.2448361975,118122552.15998363,192291383.13518018,0.3812317061755261,B - Identity-change trigger,8966
0.7217878856986705,93751625.51985112,348243.3676895868,93403382.15216154,217013139.0201489,0.3016803583206226,B - Identity-change trigger,8966
0.506655615318457,65808513.07706178,476749.67422717833,65331763.4028346,244956251.46293825,0.2117631101919576,B - Identity-change trigger,8966
0.4393570441694242,57067232.48009262,519653.8552551395,56547578.62483748,253697532.0599074,0.1836348228363812,B - Identity-change trigger,8966
0.8900160575305441,115602455.77063103,326268.2863936345,115276187.4842374,195162308.769369,0.3719934463668943,B - Identity-change trigger,8966
0.7239040952472923,94026495.86480278,492761.80364173173,93533734.06116104,216738268.67519724,0.30256485481545053,B - Identity-change trigger,8966
0.42152853561579073,54751522.15768981,457095.5702415558,54294426.587448254,256013242.3823102,0.1761831726281262,B - Identity-change trigger,8966
0.7947909152874449,103233847.13568836,471761.52822320984,102762085.60746515,207530917.40431166,0.3321928960913477,B - Identity-change trigger,8966
0.6750921361448713,87686405.37377046,358877.20705901243,87327528.16671145,223078359.16622955,0.28216328033059207,B - Identity-change trigger,8966
0.6154828563774707,79943871.88853207,328655.1197528077,79615216.76877926,230820892.65146795,0.2572488293737758,B - Identity-change trigger,8966
0.8936693874177788,116076979.68863358,283633.26826176426,115793346.42037182,194687784.85136646,0.3735204017110915,B - Identity-change trigger,8966
0.7958157183438332,103366956.81275244,360756.1767844681,103006200.63596797,207397807.7272476,0.33262122546537154,B - Identity-change trigger,8966
0.7815264491790451,101510951.41527638,375640.3437130875,101135311.07156329,209253813.12472364,0.32664884503728997,B - Identity-change trigger,8966
0.5821719651301025,75617184.97145694,472715.7256409537,75144469.24581599,235147579.56854308,0.24332612187674157,B - Identity-change trigger,8966
0.7567933062101598,98298411.54935251,388881.98611731525,97909529.5632352,212466352.9906475,0.31631131571449456,B - Identity-change trigger,8966
0.42291146190844725,54931147.76582147,631351.635456807,54299796.130364664,255833616.77417856,0.17676118412951872,B - Identity-change trigger,8966
0.8146794022893235,105817124.0547124,350762.8037019487,105466361.25101045,204947640.4852876,0.34050554029619456,B - Identity-change trigger,8966
0.6697853600042508,86997118.53575219,338344.62444676895,86658773.91130543,223767646.00424784,0.2799452462525055,B - Identity-change trigger,8966
0.9078138555175927,117914177.15723288,496801.95122270985,117417375.20601018,192850587.38276714,0.3794322607061702,B - Identity-change trigger,8966
0.7085508090802792,92032287.36705884,438031.22002950596,91594256.14702934,218732477.17294118,0.29614775504966534,B - Identity-change trigger,8966
0.855825599515618,111161523.63574933,393206.40714451397,110768317.22860481,199603240.90425068,0.3577031128361439,B - Identity-change trigger,8966
0.7502701231428939,97451127.97998673,334223.9822214706,97116903.99776526,213313636.5600133,0.3135848690060978,B - Identity-change trigger,8966
0.6314566901170747,82018682.10430913,430543.81430940045,81588138.28999972,228746082.43569088,0.2639252948310107,B - Identity-change trigger,8966
0.7996833267876126,103869312.95596705,478313.6601321985,103390999.29583485,206895451.58403295,0.334237741237223,B - Identity-change trigger,8966
0.843319743904104,109537162.35825145,360051.3961658817,109177110.96208557,201227602.18174857,0.3524761326155829,B - Identity-change trigger,8966
0.7289251044127167,94678664.98586383,522504.00139093166,94156160.9844729,216086099.5541362,0.3046634489788732,B - Identity-change trigger,8966
0.6658010840429379,86479608.67545412,324235.7418456393,86155372.93360849,224285155.86454588,0.27827996781894787,B - Identity-change trigger,8966
0.7546582748773998,98021096.47944342,339148.6186062954,97681947.86083712,212743668.0605566,0.31541895241738915,B - Identity-change trigger,8966
0.590480804533165,76696403.97146341,443681.20582325285,76252722.76564015,234068360.5685366,0.24679890619192593,B - Identity-change trigger,8966
0.6268067054735427,81414704.63722889,229582.91110599955,81185121.72612289,229350059.90277112,0.26198177505014286,B - Identity-change trigger,8966
0.5997050674954751,77894525.55825348,348619.6307220189,77545905.92753147,232870238.98174655,0.2506543033395516,B - Identity-change trigger,8966
0.9355040816654049,121510806.80952583,283045.3885029905,121227761.42102285,189253957.73047417,0.39100574027235185,B - Identity-change trigger,8966
0.7019826141915586,91179157.29969469,294966.9698134866,90884190.3298812,219585607.24030533,0.2934024950822846,B - Identity-change trigger,8966
0.4299686706416416,55847794.890938334,338278.255227823,55509516.63571051,254916969.64906168,0.17971083360626586,B - Identity-change trigger,8966
0.652876574930765,84800869.30850084,508114.04985237564,84292755.25864847,225963895.2314992,0.272878006082912,B - Identity-change trigger,8966
0.6210345679824755,80664972.91793326,491460.8887473795,80173512.02918588,230099791.62206677,0.2595692373211458,B - Identity-change trigger,8966
0.9730201614188291,126383697.48794356,390069.8025508271,125993627.68539274,184381067.05205646,0.4066860593897096,B - Identity-change trigger,8966
0.7215356762646611,93718866.52669217,271184.6137779099,93447681.91291426,217045898.01330787,0.3015749442039114,B - Identity-change trigger,8966
0.8384962144269918,108910643.49006006,305100.10037428053,108605543.38968578,201854121.04993996,0.35046007758077624,B - Identity-change trigger,8966
0.6002037361047534,77959296.65464048,545117.5325807597,77414179.12205972,232805467.88535953,0.250862728179745,B - Identity-change trigger,8966
0.6093998346302938,79153760.0174823,344316.9368251694,78809443.08065712,231611004.52251774,0.25470635364548877,B - Identity-change trigger,8966
0.5961516131116377,77432974.27525719,306106.18602389144,77126868.0892333,233331790.26474285,0.24916909222277808,B - Identity-change trigger,8966
0.7232951865343824,93947405.89563096,526313.3321947058,93421092.56343625,216817358.64436907,0.3023103537323278,B - Identity-change trigger,8966
0.6555006469689023,85141704.92507319,420775.1143451713,84720929.81072801,225623059.61492682,0.27397477011623755,B - Identity-change trigger,8966
0.6898049703174592,89597426.80681787,346836.1243121067,89250590.68250577,221167337.73318213,0.28831269510055846,B - Identity-change trigger,8966
0.5088825748457497,66097768.52147605,494903.1634277019,65602865.35804835,244666996.01852396,0.21269389603842392,B - Identity-change trigger,8966
0.5803277053778025,75377637.65695527,435787.20069641,74941850.45625886,235387126.88304475,0.24255529023224592,B - Identity-change trigger,8966
0.9061518535778089,117698302.95574076,462551.82772446773,117235751.1280163,193066461.58425927,0.378737606015148,B - Identity-change trigger,8966
0.7565064509762282,98261152.48058338,448101.69982239796,97813050.78076099,212503612.05941665,0.3161914209483544,B - Identity-change trigger,8966
0.5863088648987365,76154518.84143,405913.7399974495,75748605.10143255,234610245.69857,0.24505519135721637,B - Identity-change trigger,8966
0.6732502463060445,87447165.88272336,205743.30653870545,87241422.57618466,223317598.65727666,0.28139343922134913,B - Identity-change trigger,8966
0.7384013583381563,95909517.1890549,434301.18812684406,95475216.00092806,214855247.35094512,0.3086241689305479,B - Identity-change trigger,8966
0.646802046937357,84011860.67461863,431111.4664258567,83580749.20819278,226752903.8653814,0.27033908042623367,B - Identity-change trigger,8966
0.8012999781647072,104079296.66102026,585928.9167429571,103493367.74427731,206685467.87897974,0.3349134410880862,B - Identity-change trigger,8966
0.7828644047136065,101684735.85904962,469981.78691501875,101214754.0721346,209080028.6809504,0.32720806044264805,B - Identity-change trigger,8966
0.9033225964576871,117330816.2476918,396496.89969429246,116934319.3479975,193433948.2923082,0.3775550822866522,B - Identity-change trigger,8966
0.8298560318629932,107788386.97091793,408557.4593243928,107379829.51159354,202976377.56908208,0.3468488042087666,B - Identity-change trigger,8966
0.6700767048670864,87034960.75369306,463118.2432539699,86571842.51043908,223729803.78630698,0.2800670175157209,B - Identity-change trigger,8966
0.4292241624761228,55751092.1724345,375219.7543436859,55375872.41809081,255013672.3675655,0.17939965702018484,B - Identity-change trigger,8966
0.8275187203460072,107484798.12105575,335876.0855497864,107148922.03550597,203279966.41894427,0.3458718953551791,B - Identity-change trigger,8966
0.6820874215857547,88595009.4028106,350947.82441559044,88244061.57839501,222169755.13718942,0.2850870481856289,B - Identity-change trigger,8966
0.7856685184651089,102048956.74382028,348206.67561951134,101700750.06820077,208715807.79617974,0.32838007518283197,B - Identity-change trigger,8966
0.9272299546430304,120436096.53317578,491198.5268560629,119944898.00631972,190328668.00682425,0.387547464434868,B - Identity-change trigger,8966
0.8786313550107235,114123718.88900553,589404.9967001424,113534313.89230539,196641045.65099448,0.367235066233888,B - Identity-change trigger,8966
0.4967036503972886,64515871.69728447,467697.05162125325,64048174.64566322,246248892.84271556,0.20760356082447798,B - Identity-change trigger,8966
0.36983148268788063,48036692.43747929,439598.0104603331,47597094.427018955,262728072.10252073,0.1545757367589087,B - Identity-change trigger,8966
0.8030536466581301,104307077.25299044,276805.00845697615,104030272.24453346,206457687.2870096,0.335646408972355,B - Identity-change trigger,8966
0.8917159113472929,115823246.47884867,288469.44513343053,115534777.03371523,194941518.06115136,0.3727039217277173,B - Identity-change trigger,8966
0.7777993102778578,101026840.58791557,411009.90285051265,100615830.68506506,209737923.95208445,0.3250910402839828,B - Identity-change trigger,8966
0.5585086621896324,72543604.54735447,364732.95161481353,72178871.59573966,238221159.99264556,0.23343574569895306,B - Identity-change trigger,8966
0.8368265848148918,108693778.54503687,388668.8765418269,108305109.66849504,202070985.99496317,0.34976223480782154,B - Identity-change trigger,8966
0.7133656657563875,92657679.74198532,393121.4157941917,92264558.32619113,218107084.7980147,0.2981601851778113,B - Identity-change trigger,8966
0.7686010504652429,99832096.49969658,469323.1849568092,99362773.31473978,210932668.04030344,0.3212465114810232,B - Identity-change trigger,8966
0.7555967647519348,98142995.10508524,248100.54839345286,97894894.55669178,212621769.43491477,0.3158112061074826,B - Identity-change trigger,8966
0.7445257266387749,96704999.48356509,504317.48071392794,96200682.00285116,214059765.05643493,0.3111839259727842,B - Identity-change trigger,8966
0.8984535597309931,116698386.53130557,226006.11414971782,116472380.41715585,194066378.00869447,0.3755200069224217,B - Identity-change trigger,8966
0.7352161727449766,95495799.62346573,386626.5261055582,95109173.09736018,215268964.9165343,0.3072928804036727,B - Identity-change trigger,8966
0.7272181074662604,94456946.47041272,591642.3428641611,93865304.12754856,216307818.0695873,0.3039499880568175,B - Identity-change trigger,8966
0.4540731169381745,58978674.56810063,409948.11864501156,58568726.44945562,251786089.9718994,0.18978559121849609,B - Identity-change trigger,8966
0.8546441643850834,111008069.32302329,289880.0407190016,110718189.28230429,199756695.21697673,0.35720931710948495,B - Identity-change trigger,8966
0.6469072849613547,84025529.83700244,471159.6029722885,83554370.23403016,226739234.70299757,0.2703830659868362,B - Identity-change trigger,8966
0.403377001700877,52393854.698981166,343553.0014739766,52050301.69750719,258370909.84101886,0.1685965098924119,B - Identity-change trigger,8966
0.5523532405121653,71744088.7900845,274914.96982657834,71469173.82025792,239020675.74991554,0.23086300950586042,B - Identity-change trigger,8966
0.4629437741278923,60130866.98839928,469605.54089550086,59661261.44750378,250633897.55160075,0.19349319436972254,B - Identity-change trigger,8966
0.6638354004348811,86224289.85234217,430946.38437329314,85793343.46796888,224540474.68765783,0.27745838554114405,B - Identity-change trigger,8966
0.7819714150123556,101568747.16247608,345028.95048191125,101223718.21199417,209196017.37752396,0.32683482412435044,B - Identity-change trigger,8966
0.8434327329258599,109551838.28266829,535797.3246341855,109016040.95803411,201212926.25733173,0.3525233578035432,B - Identity-change trigger,8966
0.6239748231869724,81046876.95141251,454790.0599287266,80592086.89148378,229717887.58858752,0.260798154100191,B - Identity-change trigger,8966
0.4579655217114244,59484251.45835306,361636.96877595905,59122614.4895771,251280513.08164698,0.19141247092926636,B - Identity-change trigger,8966
0.8218719242922353,106751346.75742176,359485.4189441333,106391861.33847763,204013417.78257826,0.34351174566214787,B - Identity-change trigger,8966
0.8606651205838964,111790119.62063412,378260.8319526278,111411858.78868149,198974644.91936588,0.3597258517583485,B - Identity-change trigger,8966
0.5325784056374971,69175573.9249559,316115.1083162844,68859458.81663962,241589190.61504412,0.2225978676422693,B - Identity-change trigger,8966
0.7516077466288419,97624869.29461099,362112.7962523218,97262756.49835867,213139895.24538904,0.3141439456275463,B - Identity-change trigger,8966
0.6247319782254905,81145222.34766825,256903.37910848085,80888318.96855977,229619542.1923318,0.26111461660649,B - Identity-change trigger,8966
0.830053068801337,107813979.71585478,313425.3080771053,107500554.40777767,202950784.82414526,0.3469311582844442,B - Identity-change trigger,8966
0.9174259769545695,119162676.92740911,462394.65074220416,118700282.27666691,191602087.6125909,0.38344976819941606,B - Identity-change trigger,8966
0.8469751459397498,110011955.42358343,476015.05281697545,109535940.37076646,200752809.11641657,0.35400395404036633,B - Identity-change trigger,8966
0.7458047414828674,96871128.23561753,217768.01172783537,96653360.2238897,213893636.3043825,0.31171850637252274,B - Identity-change trigger,8966
0.9358960865924527,121561723.56755225,458697.6017621595,121103025.9657901,189203040.97244775,0.3911695836800876,B - Identity-change trigger,8966
0.7145561999714967,92812315.9171207,377980.54868778767,92434335.36843291,217952448.62287933,0.2986577839817306,B - Identity-change trigger,8966
0.8573264101400496,111356461.01060113,373650.9328026602,110982810.07779847,199408303.5293989,0.3583303955821153,B - Identity-change trigger,8966
0.5570121579516261,72349226.52066505,327018.26144456357,72022208.25922048,238415538.01933497,0.23281026286154985,B - Identity-change trigger,8966
0.6115086363102276,79427668.16876888,462963.5001545697,78964704.66861431,231337096.37123114,0.25558775392808525,B - Identity-change trigger,8966
0.8340928746641997,108338702.24713056,247052.3064128221,108091649.94071774,202426062.29286945,0.3486196461413365,B - Identity-change trigger,8966
0.569307110822404,73946194.05110462,280633.41259050526,73665560.63851412,236818570.48889542,0.23794909361928854,B - Identity-change trigger,8966
0.3651447559223141,47427942.607584395,407892.4648584825,47020050.142725915,263336821.93241563,0.1526168601443222,B - Identity-change trigger,8966
0.8650447518061021,112358981.40730962,531202.1224580456,111827779.28485158,198405783.1326904,0.3615563739139653,B - Identity-change trigger,8966
0.4457161694506232,57893206.902508564,456369.8268806269,57436837.07562794,252871557.63749146,0.18629269952210703,B - Identity-change trigger,8966
0.9848561517388413,127921051.26475884,433896.6421717227,127487154.62258711,182843713.2752412,0.4116330609556397,B - Identity-change trigger,8966
0.9283211972168189,120577835.91001517,448405.01557405404,120129430.89444111,190186928.62998486,0.38800356304388883,B - Identity-change trigger,8966
0.642330975057673,83431121.83867832,444717.3947573294,82986404.44392098,227333642.70132172,0.2684703394935223,B - Identity-change trigger,8966
0.687280207124396,89269490.2231036,482232.1473550401,88787258.07574856,221495274.31689644,0.28725743845265733,B - Identity-change trigger,8966
0.6962542148902547,90435106.64885262,311725.1159921451,90123381.53286047,220329657.8911474,0.29100823828182837,B - Identity-change trigger,8966
0.20201946000776136,26239914.991143316,264147.9532212333,25975767.037922084,284524849.54885674,0.08443658350387356,B - Identity-change trigger,8966
0.7752780331828821,100699356.8067059,455632.553554539,100243724.25315137,210065407.73329413,0.3240372406947841,B - Identity-change trigger,8966
0.6142445054535984,79783024.89403777,339343.28946166683,79443681.6045761,230981739.64596224,0.2567312449728145,B - Identity-change trigger,8966
0.7202282398893283,93549046.15719041,503180.9415193852,93045865.21567103,217215718.3828096,0.30102848466641163,B - Identity-change trigger,8966
0.7453520091609843,96812323.714313,465885.5754549915,96346438.138858,213952440.82568702,0.3115292811835231,B - Identity-change trigger,8966
0.5258778381566515,68305250.23889588,386127.2788214091,67919122.96007447,242459514.30110413,0.21979728087900385,B - Identity-change trigger,8966
0.5585980957891019,72555220.9037557,468815.879052563,72086405.02470313,238209543.63624433,0.23347312560081684,B - Identity-change trigger,8966
0.5122079865972784,66529699.79021278,361350.9181275323,66168348.87208525,244235064.74978724,0.21408379385832663,B - Identity-change trigger,8966
0.5485184413620321,71245994.1822495,345019.7462273238,70900974.43602218,239518770.35775054,0.22926020679245665,B - Identity-change trigger,8966
0.7531193401091596,97821207.23365499,425440.1666425193,97395767.06701247,212943557.30634505,0.3147757352042527,B - Identity-change trigger,8966
0.9804717863785356,127351574.57008737,449844.8463078705,126901729.7237795,183413189.96991265,0.4098005601072426,B - Identity-change trigger,8966
0.8184463466362256,106306405.13404647,297871.9076764948,106008533.22636998,204458359.40595356,0.34207998223802255,B - Identity-change trigger,8966
0.5705449201963947,74106970.70473742,439465.2749597947,73667505.42977764,236657793.8352626,0.23846645167264052,B - Identity-change trigger,8966
0.7702431600222167,100045386.91825072,408710.58044006856,99636676.33781065,210719377.62174928,0.3219328518995383,B - Identity-change trigger,8966
0.5897536484922455,76601955.08669613,490354.17585962545,76111600.9108365,234162809.45330387,0.24649498214536586,B - Identity-change trigger,8966
0.6678229180944183,86742220.77052164,421703.20918348955,86320517.56133816,224022543.76947838,0.2791250188833961,B - Identity-change trigger,8966
0.7023614070325013,91228357.96553752,504458.3197581201,90723899.6457794,219536406.5744625,0.2935608163318499,B - Identity-change trigger,8966
0.6030240219323566,78325618.09894189,403316.30898203177,77922301.78995986,232439146.44105813,0.25204150224328353,B - Identity-change trigger,8966
0.25403357178733255,32995926.86932247,408941.82280165976,32586985.04652081,277768837.67067754,0.10617653812253676,B - Identity-change trigger,8966
0.498842557425376,64793690.173726365,399958.72472940217,64393731.44899696,245971074.36627364,0.20849754401737028,B - Identity-change trigger,8966
0.6340445778407052,82354817.81060237,539279.3121562481,81815538.49844612,228409946.72939765,0.26500693517331525,B - Identity-change trigger,8966
0.9027958320443575,117262395.84192695,444463.7232906708,116817932.11863628,193502368.6980731,0.377334914450488,B - Identity-change trigger,8966
0.7011782957106296,91074685.93557674,378722.84820650035,90695963.08737023,219690078.60442328,0.2930663200198621,B - Identity-change trigger,8966
0.7380022959563437,95857683.75194679,399751.6403845964,95457932.11156219,214907080.7880532,0.30845737577050336,B - Identity-change trigger,8966
0.6497575373520389,84395743.57993583,292096.22460814327,84103647.3553277,226369020.96006417,0.27157436495369747,B - Identity-change trigger,8966
0.544121656963026,70674904.40278037,421464.6449299408,70253439.75785042,240089860.13721967,0.22742251525006293,B - Identity-change trigger,8966
0.636713704898434,82701505.53609511,461902.4151276791,82239603.12096743,228063259.0039049,0.2661225305208313,B - Identity-change trigger,8966
0.8560164635291599,111186314.59148209,541201.8162541743,110645112.77522792,199578449.94851792,0.35778288685997656,B - Identity-change trigger,8966
0.7421358871947342,96394587.88335738,367059.86938358244,96027528.01397379,214370176.65664265,0.3101850624089977,B - Identity-change trigger,8966
0.6691959167530068,86920556.89756075,320618.5286938001,86599938.36886695,223844207.64243928,0.27969888100480833,B - Identity-change trigger,8966
0.7340589137589517,95345485.50315839,521381.3289462657,94824104.17421213,215419279.03684163,0.3068091894017992,B - Identity-change trigger,8966
0.7009982132478602,91051295.3745175,473130.14478483977,90578165.22973266,219713469.16548252,0.29299105228127575,B - Identity-change trigger,8966
0.5462672154597247,70953586.8255516,394909.92271330836,70558676.90283829,239811177.71444842,0.2283192785082262,B - Identity-change trigger,8966
0.6086755020858956,79059677.87119007,416318.84330630035,78643359.02788377,231705086.66880995,0.2544036097149422,B - Identity-change trigger,8966
0.8777225317653884,114005673.60416685,472918.8874266279,113532754.71674022,196759090.93583316,0.36685521208596555,B - Identity-change trigger,8966
0.6641510098131985,86265283.74103557,306679.0844747929,85958604.65656078,224499480.79896444,0.27759029846490835,B - Identity-change trigger,8966
0.4524818627656547,58771989.6565846,396240.82103439,58375748.83555021,251992774.88341543,0.1891205064498867,B - Identity-change trigger,8966
0.9535378077851822,123853172.44270957,277974.55628566735,123575197.8864239,186911592.09729046,0.3985431637529416,B - Identity-change trigger,8966
0.9665754779130985,125546610.07404444,464856.72593055223,125081753.34811388,185218154.4659556,0.4039924225639961,B - Identity-change trigger,8966
0.6304294166591325,81885251.55158898,429001.0968429501,81456250.45474604,228879512.98841104,0.26349593292147233,B - Identity-change trigger,8966
0.6969819571432978,90529631.67557321,423491.2877642507,90106140.38780896,220235132.8644268,0.2913124073431456,B - Identity-change trigger,8966
0.7202359776956299,93550051.2058108,500874.89456671546,93049176.31124409,217214713.33418924,0.3010317187802336,B - Identity-change trigger,8966
0.7990088454631734,103781705.8877385,426271.93907680566,103355433.94866168,206983058.65226153,0.33395583325335537,B - Identity-change trigger,8966
0.43687756344030027,56745177.54760299,324222.31486168224,56420955.232741304,254019586.99239704,0.18259849256590685,B - Identity-change trigger,8966
0.7565427783571338,98265870.97347896,429522.2897238791,97836348.68375508,212498893.56652105,0.31620660443578275,B - Identity-change trigger,8966
0.8694782587834679,112934841.01110348,250097.30324122214,112684743.70786226,197829923.52889654,0.36340941412155203,B - Identity-change trigger,8966
0.8661777630800559,112506146.0394268,332067.0645634746,112174078.97486334,198258618.50057322,0.3620299302784875,B - Identity-change trigger,8966
0.5547957538512586,72061342.1001373,483646.91056175384,71577695.18957554,238703422.43986273,0.23188388878901336,B - Identity-change trigger,8966
0.674144778794358,87563354.96890973,268434.0741519047,87294920.89475782,223201409.57109028,0.28176732036697494,B - Identity-change trigger,8966
0.6814241432865983,88508857.47376046,476967.8630493608,88031889.6107111,222255907.06623957,0.2848098226475996,B - Identity-change trigger,8966
0.485196738088504,63021261.22371203,625223.0369805136,62396038.18673151,247743503.316288,0.2027941015674583,B - Identity-change trigger,8966
0.8144005735824452,105780907.53594093,400596.6216732814,105380310.91426764,204983857.00405908,0.34038900031835934,B - Identity-change trigger,8966
0.5114221720448304,66427631.86539878,329660.9688528332,66097970.89654595,244337132.67460126,0.21375535274639723,B - Identity-change trigger,8966
0.7396654504065824,96073707.65078172,511235.19349091547,95562472.4572908,214691056.8892183,0.30915251216781886,B - Identity-change trigger,8966
0.884702547035473,114912294.22040287,467508.44303833763,114444785.77736452,195852470.31959715,0.3697725975803539,B - Identity-change trigger,8966
0.8870379241894443,115215631.8196129,395531.1257204871,114820100.69389242,195549132.7203871,0.370748697942501,B - Identity-change trigger,8966
0.6041475715227297,78471553.77136964,453052.1299028814,78018501.64146675,232293210.7686304,0.25251110397771365,B - Identity-change trigger,8966
0.6513374654285627,84600957.36685771,318386.88946226035,84282570.47739545,226163807.1731423,0.2722347158375103,B - Identity-change trigger,8966
0.8997278256434246,116863898.45385516,245556.99039943857,116618341.46345572,193900866.08614486,0.3760526024462244,B - Identity-change trigger,8966
0.5357251609152323,69584299.85156974,443069.4655049222,69141230.38606481,241180464.68843028,0.2239130937336791,B - Identity-change trigger,8966
0.35710969304962376,46384283.908963054,194915.12745752686,46189368.781505525,264380480.63103697,0.14925850418602624,B - Identity-change trigger,8966
0.7537637043106511,97904902.44732313,582076.0047801116,97322826.44254301,212859862.09267688,0.31504505535640065,B - Identity-change trigger,8966
0.8714208700061761,113187163.00692876,338848.99070985086,112848314.0162189,197577601.53307128,0.3642213530046451,B - Identity-change trigger,8966
0.5696107125139233,73985628.28469937,443128.1303996277,73542500.15429974,236779136.25530064,0.2380759877787764,B - Identity-change trigger,8966
0.7156900533932651,92959589.93418062,444849.7080382616,92514740.22614236,217805174.6058194,0.2991316923325628,B - Identity-change trigger,8966
0.9309391042856093,120917870.77070202,346426.18192362797,120571444.58877839,189846893.76929802,0.3890977503504523,B - Identity-change trigger,8966
0.8279784312800718,107544509.08073208,478472.3971904551,107066036.68354163,203220255.45926794,0.3460640373432346,B - Identity-change trigger,8966
0.8533342517250686,110837927.3137174,303013.32938816334,110534913.98432924,199926837.22628263,0.3566618225775429,B - Identity-change trigger,8966
0.4299780634793771,55849014.90837475,406220.3362864998,55442794.57208825,254915749.63162526,0.17971475946136795,B - Identity-change trigger,8966
0.7611827136083574,98868543.14452545,329425.8335514766,98539117.31097397,211896221.39547455,0.3181459239462768,B - Identity-change trigger,8966
0.8181112280579234,106262877.23328747,511913.2763001909,105750963.95698728,204501887.30671257,0.3419399151978501,B - Identity-change trigger,8966
0.5839520203754561,75848392.88734695,356259.0667629633,75492133.82058398,234916371.65265307,0.24407011843707313,B - Identity-change trigger,8966
0.6886508866088452,89447525.11712159,543007.9293259585,88904517.18779564,221317239.42287844,0.287830331245962,B - Identity-change trigger,8966
0.721341834830212,93693688.83954504,376497.94478214416,93317190.8947629,217071075.70045498,0.30149392572942507,B - Identity-change trigger,8966
0.5592278257615279,72637015.30585536,422320.6760854056,72214694.62976995,238127749.23414466,0.23373632919219162,B - Identity-change trigger,8966
0.8221652466325335,106789445.8260666,346690.7692956769,106442755.05677092,203975318.7139334,0.34363434343703153,B - Identity-change trigger,8966
0.8474875048681598,110078504.72891232,404915.3996663223,109673589.329246,200686259.8110877,0.35421810092226075,B - Identity-change trigger,8966
0.5317880197854018,69072912.24291602,338895.79019653116,68734016.45271948,241691852.297084,0.22226751589794638,B - Identity-change trigger,8966
0.6682435513588326,86796856.00764312,402864.57935379015,86393991.42828932,223967908.53235692,0.27930082786612404,B - Identity-change trigger,8966
0.7736007171910787,100481493.49276319,370546.4952585746,100110946.99750462,210283271.04723683,0.3233361853024033,B - Identity-change trigger,8966
0.7970426738812978,103526323.68265569,339781.58892733284,103186542.09372836,207238440.85734433,0.33313404702073396,B - Identity-change trigger,8966
0.3180648526580353,41312825.482736796,341914.9353922331,40970910.547344565,269451939.05726326,0.1329392202616305,B - Identity-change trigger,8966
0.8337043598496177,108288238.81302851,475767.1985369782,107812471.61449154,202476525.7269715,0.34845726147016326,B - Identity-change trigger,8966
0.31016535544119084,40286775.1436516,426546.0727213795,39860229.07093022,270477989.3963484,0.12963752568050904,B - Identity-change trigger,8966
0.7274782650067073,94490737.82766795,557161.9762858788,93933575.85138208,216274026.71233207,0.3040587241849473,B - Identity-change trigger,8966
0.8470911557750346,110027023.71559794,333324.14730847126,109693699.56828947,200737740.8244021,0.35405244181547435,B - Identity-change trigger,8966
0.8039018509508364,104417248.85989842,506622.6689059903,103910626.19099243,206347515.6801016,0.33600092666380255,B - Identity-change trigger,8966
0.8417298386684773,109330652.6575265,520026.8677970229,108810625.78972948,201434111.88247353,0.3518116116521763,B - Identity-change trigger,8966
0.6694402476189616,86952292.55882882,236050.25336038126,86716242.30546844,223812471.9811712,0.27980100217454595,B - Identity-change trigger,8966
0.5910545133941186,76770921.90028329,272120.36426423566,76498801.53601906,233993842.63971674,0.24703869505257806,B - Identity-change trigger,8966
0.44983266696065205,58427890.76276767,345426.15391370334,58082464.608853966,252336873.77723235,0.1880132416210498,B - Identity-change trigger,8966
0.8513196283780048,110576251.80303097,503591.643122554,110072660.15990841,200188512.73696905,0.35581978531803005,B - Identity-change trigger,8966
0.7041603057118399,91462013.41844146,414540.5277188357,91047472.89072262,219302751.12155855,0.2943126887432856,B - Identity-change trigger,8966
0.6750865956435583,87685685.72882411,307889.5554918622,87377796.17333224,223079078.8111759,0.2821609646081278,B - Identity-change trigger,8966
0.69522724583714,90301715.63468383,341287.12385082047,89960428.51083301,220463048.90531617,0.2905790036021303,B - Identity-change trigger,8966
0.7994839550623232,103843416.95009202,543362.5107777433,103300054.43931428,206921347.589908,0.3341544113078683,B - Identity-change trigger,8966
0.41814278966128615,54311754.19660134,382420.93858999567,53929333.25801134,256453010.3433987,0.1747680573664606,B - Identity-change trigger,8966
0.7772146645410961,100950902.08955522,277733.5700482199,100673168.519507,209813862.45044482,0.324846680218025,B - Identity-change trigger,8966
0.7461879665352427,96920904.59278835,351626.77986076835,96569277.81292759,213843859.94721168,0.3118786801208063,B - Identity-change trigger,8966
0.6609355164295089,85847629.55544691,472421.37822695443,85375208.17721996,224917134.9845531,0.27624634241439894,B - Identity-change trigger,8966
0.7070060033551514,91831635.55409178,403155.67653881724,91428479.87755297,218933128.98590824,0.2955020839959856,B - Identity-change trigger,8966
0.9281278365266518,120552720.66580838,467554.09496904287,120085166.57083933,190212043.87419164,0.3879227455025438,B - Identity-change trigger,8966
0.6181475883389639,80289988.7435176,530690.1943276912,79759298.54918991,230474775.7964824,0.25836258773533866,B - Identity-change trigger,8966
0.6507476233108107,84524343.92067082,481726.77967776946,84042617.14099306,226240420.6193292,0.27198818387852103,B - Identity-change trigger,8966
0.5139809353509263,66759984.65770815,159059.63290008102,66600925.02480807,244004779.88229185,0.21482482017074092,B - Identity-change trigger,8966
0.9442652720523402,122648780.79958388,505447.5892134085,122143333.21037048,188115983.74041614,0.3946675903915007,B - Identity-change trigger,8966
0.5521388543641509,71716242.59002556,549987.0828566732,71166255.50716889,239048521.94997448,0.23077340410899325,B - Identity-change trigger,8966
0.6637241951439276,86209845.61325216,547406.2155853596,85662439.3976668,224554918.92674786,0.27741190588598946,B - Identity-change trigger,8966
0.8189237276528429,106368411.22639985,480924.7329954329,105887486.49340442,204396353.31360018,0.3422795096601393,B - Identity-change trigger,8966
0.5961326590913785,77430512.37440702,472184.3908094813,76958327.98359755,233334252.165593,0.2491611701507446,B - Identity-change trigger,8966
0.8770677181890935,113920621.14151615,453348.6660191919,113467272.47549696,196844143.39848387,0.36658152448571074,B - Identity-change trigger,8966
0.7267946235453764,94401940.96706326,490242.4520908472,93911698.51497242,216362823.57293677,0.3037729876062327,B - Identity-change trigger,8966
0.7950039195644704,103261513.84721053,463868.2365494351,102797645.61066109,207503250.6927895,0.332281923917791,B - Identity-change trigger,8966
0.6956193375753316,90352643.66844098,541193.2455520763,89811450.4228889,220412120.87155902,0.29074288329367937,B - Identity-change trigger,8966
0.9074828095468642,117871178.23955563,463178.9728002023,117407999.26675543,192893586.3004444,0.3792938958637438,B - Identity-change trigger,8966
0.9585190854591001,124500180.91756573,280449.3800694064,124219731.53749633,186264583.6224343,0.4006251516379384,B - Identity-change trigger,8966
0.65477075265418,85046900.3712441,528666.517200736,84518233.85404336,225717864.16875592,0.273669701573575,B - Identity-change trigger,8966
0.7725245501882341,100341712.25253104,333591.20833717793,100008121.04419386,210423052.28746897,0.3228863877185651,B - Identity-change trigger,8966
0.8908686853646722,115713201.94273616,384156.68656612077,115329045.25617005,195051562.59726387,0.37234981293331976,B - Identity-change trigger,8966
0.6103576987096909,79278175.12093562,272521.4893581384,79005653.63157748,231486589.4190644,0.2551067050290746,B - Identity-change trigger,8966
0.7998861781177418,103895660.92095135,647609.5793413611,103248051.34160998,206869103.61904866,0.3343225255113452,B - Identity-change trigger,8966
0.8279763909562712,107544244.06703943,383743.18364003365,107160500.8833994,203220520.4729606,0.3460631845641461,B - Identity-change trigger,8966
0.8528178301717503,110770850.32193579,482293.54213338514,110288556.7798024,199993914.21806425,0.3564459776702836,B - Identity-change trigger,8966
0.5366644228086564,69706298.75324449,315665.9413528589,69390632.81189163,241058465.78675553,0.22430567009881283,B - Identity-change trigger,8966
0.9184303696546936,119293135.54297005,321233.6076993975,118971901.93527065,191471628.99702996,0.383869566807389,B - Identity-change trigger,8966
0.8291148764609978,107692119.73635133,328111.3989194701,107364008.33743186,203072644.8036487,0.34653902895252386,B - Identity-change trigger,8966
0.7957048981021884,103352562.5869687,255314.70508598853,103097247.88188271,207412201.9530313,0.3325749067464362,B - Identity-change trigger,8966
0.9479573594886519,123128338.86030221,420814.59923376446,122707524.26106845,187636425.6796978,0.39621074494259073,B - Identity-change trigger,8966
0.7253998996240576,94220782.98787594,244484.22381763408,93976298.7640583,216543981.55212408,0.30319004513701336,B - Identity-change trigger,8966
0.6131650880868651,79642821.4703579,356130.0560084951,79286691.4143494,231121943.06964213,0.25628008885835796,B - Identity-change trigger,8966
0.9329622527197607,121180653.58837987,382047.3728881545,120798606.21549173,189584110.95162016,0.3899433507777299,B - Identity-change trigger,8966
0.6804555480929925,88383048.52674085,525980.4746668689,87857068.05207399,222381716.01325917,0.2844049860593659,B - Identity-change trigger,8966
0.5421387817477551,70417352.59522305,486953.8523463312,69930398.74287672,240347411.94477695,0.22659374752300562,B - Identity-change trigger,8966
0.9177332742744766,119202591.1789919,326856.11613090604,118875735.062861,191562173.3610081,0.3835782069934404,B - Identity-change trigger,8966
0.8305600840099149,107879834.93580136,581787.606022255,107298047.3297791,202884929.60419866,0.34714307169117825,B - Identity-change trigger,8966
0.8381129967387168,108860868.08939789,360105.1665673476,108500762.92283055,201903896.4506021,0.3502999069104113,B - Identity-change trigger,8966
0.5420413097188433,70404692.14284603,233884.93385673736,70170807.20898929,240360072.39715397,0.2265530078580833,B - Identity-change trigger,8966
0.8810081144869027,114432431.55761151,431663.10201783926,114000768.45559368,196332332.9823885,0.36822846285999183,B - Identity-change trigger,8966
0.657679956599189,85424771.21698342,412333.737839688,85012437.47914374,225339993.32301658,0.27488564008674155,B - Identity-change trigger,8966
0.2509613402442142,32596880.68574472,417644.6989463946,32179235.986798327,278167883.8542553,0.10489246016676071,B - Identity-change trigger,8966
0.4661170675130953,60543039.89820948,365245.53777891176,60177794.36043057,250221724.64179054,0.1948195123981525,B - Identity-change trigger,8966
0.7595755858964639,98659796.44983388,415991.1691101973,98243805.28072369,212104968.09016615,0.31747420463150644,B - Identity-change trigger,8966
0.7018090962606195,91156619.39291528,553518.4166283994,90603100.97628687,219608145.14708474,0.29332997107264414,B - Identity-change trigger,8966
0.5564644573282992,72278086.75127779,615732.3718786717,71662354.37939912,238486677.78872222,0.23258134447212894,B - Identity-change trigger,8966
0.4637268831391862,60232583.4957316,411116.5696026223,59821466.926128976,250532181.04426843,0.19382050466657322,B - Identity-change trigger,8966
0.8539366003966591,110916165.21187313,385167.72492287226,110530997.48695026,199848599.3281269,0.35691358180858557,B - Identity-change trigger,8966
0.9449829288866431,122741995.85086754,402103.7567508022,122339892.09411673,188022768.68913248,0.39496754412474205,B - Identity-change trigger,8966
0.6450818160204528,83788423.22446917,425446.9467368489,83362976.27773233,226976341.31553084,0.2696200881991702,B - Identity-change trigger,8966
0.7206453682143922,93603226.14455229,393122.3987370072,93210103.74581528,217161538.39544773,0.3012028287154935,B - Identity-change trigger,8966
0.6569473912355484,85329619.72580208,465174.4877765654,84864445.23802552,225435144.81419796,0.2745794551454655,B - Identity-change trigger,8966
0.7019969432624535,91181018.47486153,371848.2719560561,90809170.20290548,219583746.0651385,0.29340848409834824,B - Identity-change trigger,8966
0.8302992115950774,107845950.72490104,231560.4988803166,107614390.22602072,202918813.815099,0.3470340367722727,B - Identity-change trigger,8966
0.4089981624348817,53123976.340758495,496488.7625406145,52627487.57821788,257640788.19924152,0.17094594497993884,B - Identity-change trigger,8966
0.5584849855419296,72540529.23360515,351072.60843839985,72189456.62516674,238224235.30639488,0.23342584974516345,B - Identity-change trigger,8966
0.8507040520850265,110496295.79484397,330614.4553580129,110165681.33948596,200268468.74515605,0.3555624974356495,B - Identity-change trigger,8966
0.5812153536130362,75492932.56089015,390277.47199836717,75102655.08889179,235271831.97910988,0.24292629401739366,B - Identity-change trigger,8966
0.597775010143201,77643834.16025767,223650.04033601604,77420184.11992165,233120930.37974235,0.24984761150508025,B - Identity-change trigger,8966
0.8243924299253624,107078730.33495143,484608.89664036996,106594121.43831106,203686034.2050486,0.3445652228091284,B - Identity-change trigger,8966
0.718314550086851,93300480.70842378,557163.689617538,92743317.01880623,217464283.83157623,0.30022863385599374,B - Identity-change trigger,8966
0.6097355964514893,79197371.46781042,579823.77485849,78617547.69295193,231567393.0721896,0.25484668953714845,B - Identity-change trigger,8966
0.5740797573912224,74566103.83723985,499632.20723313413,74066471.63000672,236198660.70276016,0.23994388150025317,B - Identity-change trigger,8966
0.7760657455703931,100801671.23762739,347350.36985439854,100454320.86777298,209963093.30237263,0.3243664750308355,B - Identity-change trigger,8966
0.8111842526701579,105363145.86427121,466579.96398872294,104896565.90028249,205401618.6757288,0.33904469839182627,B - Identity-change trigger,8966
0.5017770023480029,65174839.5209871,362522.4918370157,64812317.02915008,245589925.01901293,0.2097240323157619,B - Identity-change trigger,8966
0.5066925100229859,65813305.25852005,410032.98900107516,65403272.26951898,244951459.28147995,0.21177853079945588,B - Identity-change trigger,8966
0.7582122953395738,98482721.28925455,423547.2835180527,98059174.0057365,212282043.25074548,0.31690440013374926,B - Identity-change trigger,8966
0.3236254182963277,42035076.54531195,332274.3780341503,41702802.1672778,268729687.9946881,0.13526332886398199,B - Identity-change trigger,8966
0.9193610138117005,119414015.10361202,460433.61564308504,118953581.48796894,191350749.43638802,0.38425854128080106,B - Identity-change trigger,8966
0.6150231988602622,79884167.86706738,535308.9602881041,79348858.90677927,230880596.67293262,0.25705670971196964,B - Identity-change trigger,8966
0.6535707991720295,84891040.74582115,615900.2993907589,84275140.44643039,225873723.79417887,0.27316816586809156,B - Identity-change trigger,8966
0.8297980920125051,107780861.27635688,361872.42505602795,107418988.85130085,202983903.26364315,0.34682458751685113,B - Identity-change trigger,8966
0.5648188232477241,73363219.10200377,479823.65317478403,72883395.44882898,237401545.43799627,0.23607315716953114,B - Identity-change trigger,8966
0.8118461540436691,105449118.94712564,330097.8612440715,105119021.08588158,205315645.59287438,0.33932134842640044,B - Identity-change trigger,8966
0.44576976216993863,57900167.9566512,358382.78754586214,57541785.16910534,252864596.5833488,0.18631509927567286,B - Identity-change trigger,8966
0.8735361051833609,113461906.79266839,464469.5155422539,112997437.27712613,197302857.74733162,0.365105442248631,B - Identity-change trigger,8966
0.3572454686837684,46401919.54217228,335357.71722830605,46066561.824943975,264362844.99782774,0.14931525332628137,B - Identity-change trigger,8966
0.693924728369972,90132534.17260264,488023.9927027653,89644510.17989987,220632230.36739737,0.2900345999843919,B - Identity-change trigger,8966
0.8608701519476156,111816750.74594405,422195.80862362817,111394554.93732043,198948013.79405597,0.35981154720502934,B - Identity-change trigger,8966
0.47995007370432796,62339782.1848979,363618.1443740925,61976164.040523805,248424982.35510212,0.2006011919567987,B - Identity-change trigger,8966
0.676848378250585,87914520.24723871,454795.44614986645,87459724.80108884,222850244.29276133,0.28289732388860583,B - Identity-change trigger,8966
0.6430058058471998,83518774.29824784,372793.13915035053,83145981.1590975,227245990.24175218,0.2687523935407347,B - Identity-change trigger,8966
0.6467389997842642,84003671.60244942,518485.396906103,83485186.20554331,226761092.9375506,0.27031272907272247,B - Identity-change trigger,8966
0.7944619605618036,103191119.84577069,324451.3273761428,102866668.51839454,207573644.69422933,0.3320554053112043,B - Identity-change trigger,8966
0.7900201663219198,102614183.82555649,346971.3938494372,102267212.43170705,208150580.71444353,0.33019890133763385,B - Identity-change trigger,8966
0.6611573272928364,85876440.13734631,308558.76817152015,85567881.3691748,224888324.4026537,0.2763390510647572,B - Identity-change trigger,8966
0.5906931932599978,76723990.73036751,235356.8376392662,76488633.89272824,234040773.8096325,0.2468876767413958,B - Identity-change trigger,8966
0.8198854513155607,106493327.64362875,250550.24435994137,106242777.3992688,204271436.89637128,0.3426814742052955,B - Identity-change trigger,8966
0.8608691232301621,111816617.12783355,401684.1165877661,111414933.01124577,198948147.41216648,0.35981111723958364,B - Identity-change trigger,8966
0.6270545726710858,81446899.62573335,245076.7588173453,81201822.866916,229317864.91426668,0.2620853742743088,B - Identity-change trigger,8966
0.8329251764756421,108187032.19909714,407030.7412553825,107780001.45784175,202577732.34090286,0.34813159194298515,B - Identity-change trigger,8966
0.4179633915414059,54288452.5235098,473617.5425843953,53814834.9809254,256476312.01649022,0.17469307565762357,B - Identity-change trigger,8966
0.6540298315285247,84950663.56637593,561712.1718056821,84388951.39457025,225814100.9736241,0.27336002423608585,B - Identity-change trigger,8966
0.6733592071310208,87461318.59249021,520571.47066881886,86940747.12182139,223303445.94750983,0.2814389807736155,B - Identity-change trigger,8966
0.8197746875232623,106478940.74994092,362403.4620909149,106116537.28785,204285823.7900591,0.3426351790800771,B - Identity-change trigger,8966
0.8577804989307534,111415441.72100417,308725.4308597533,111106716.29014441,199349322.81899583,0.358520187724382,B - Identity-change trigger,8966
0.527252660534892,68483823.24533579,348169.921086143,68135653.32424964,242280941.29466423,0.2203719052470664,B - Identity-change trigger,8966
0.7315062191619641,95013920.96367921,509408.95085284836,94504512.01282637,215750843.57632083,0.3057422584710356,B - Identity-change trigger,8966
0.9019360755112804,117150723.73697153,365691.1486153022,116785032.58835623,193614040.8030285,0.37697556835434765,B - Identity-change trigger,8966
0.7171516987142023,93149440.20388791,478593.461648094,92670846.74223982,217615324.3361121,0.2997426054455353,B - Identity-change trigger,8966
0.49293013599023533,64025737.24560774,202130.7684243075,63823606.47718343,246739027.2943923,0.2060263728430727,B - Identity-change trigger,8966
0.6428499256988784,83498527.32876974,434722.85293349624,83063804.47583625,227266237.21123028,0.26868724146499,B - Identity-change trigger,8966
0.708710456032094,92053023.5993211,513649.2782909822,91539374.32103011,218711740.94067892,0.2962144815084804,B - Identity-change trigger,8966
0.7457358645744954,96862181.94786651,199263.7366699111,96662918.2111966,213902582.59213352,0.3116897183992007,B - Identity-change trigger,8966
0.6896109345082648,89572223.8727129,154769.752485525,89417454.12022737,221192540.6672871,0.28823159538469373,B - Identity-change trigger,8966
0.6884645964355793,89423328.24861202,269569.00020712643,89153759.24840489,221341436.291388,0.2877524689164106,B - Identity-change trigger,8966
0.7566202749915766,98275936.86069497,421891.1568996749,97854045.7037953,212488827.67930505,0.31623899513242726,B - Identity-change trigger,8966
0.6232710401704392,80955463.94335215,294148.7826468352,80661315.16070531,229809300.59664786,0.2605039991042227,B - Identity-change trigger,8966
0.7855467016783526,102033134.19816624,563325.3161018408,101469808.8820644,208731630.34183377,0.3283291603190524,B - Identity-change trigger,8966
0.8834931084303839,114755202.59079784,317880.95408475446,114437321.63671309,196009561.94920218,0.36926709744800285,B - Identity-change trigger,8966
0.6725082587719645,87350790.56413773,494558.9314647084,86856231.63267303,223413973.9758623,0.28108331616499715,B - Identity-change trigger,8966
0.42976809479771216,55821742.48443361,323408.8231374945,55498333.66129612,254943022.0555664,0.1796270004003254,B - Identity-change trigger,8966
0.7742866742241273,100570591.11847748,364785.68690876075,100205805.43156871,210194173.42152256,0.32362288970354797,B - Identity-change trigger,8966
0.49429435573714864,64202933.096873105,357083.2343935074,63845849.8624796,246561831.44312692,0.20659656570752968,B - Identity-change trigger,8966
0.6176560047293713,80226137.90396853,404533.6078153491,79821604.29615317,230538626.6360315,0.25815712416020137,B - Identity-change trigger,8966
0.4652625587034562,60432049.40985132,431161.7284902562,60000887.681361064,250332715.1301487,0.19446235965426775,B - Identity-change trigger,8966
0.5137721798561258,66732869.81225075,480147.3671847092,66252722.44506604,244031894.7277493,0.21473756817646308,B - Identity-change trigger,8966
0.7765347133165859,100862584.54663837,510443.6753509711,100352140.8712874,209902179.99336165,0.32456248602037335,B - Identity-change trigger,8966
0.7389249354660616,95977523.60451119,436016.96417571284,95541506.64033547,214787240.93548882,0.3088430046005343,B - Identity-change trigger,8966
0.6211114032477614,80674952.901195,447279.0502246996,80227673.8509703,230089811.63880503,0.25960135159020237,B - Identity-change trigger,8966
0.8482720460971421,110180407.26421635,346073.7514002087,109834333.51281615,200584357.27578366,0.35454600983257384,B - Identity-change trigger,8966
0.8127815923913995,105570621.21588211,192079.3447800966,105378541.871102,205194143.3241179,0.33971232669234486,B - Identity-change trigger,8966
0.8487602441666791,110243818.36254816,510096.0445161937,109733722.31803197,200520946.17745185,0.35475005837850754,B - Identity-change trigger,8966
0.902060821307434,117166926.72596301,400598.40814923594,116766328.31781377,193597837.81403702,0.3770277074345792,B - Identity-change trigger,8966
0.5052209101746769,65622162.01460125,439008.26131686266,65183153.75328439,245142602.52539876,0.21116345706610734,B - Identity-change trigger,8966
0.757373681245671,98373795.3346285,283613.83887083724,98090181.49575765,212390969.20537153,0.3165538907869535,B - Identity-change trigger,8966
0.8658525795532259,112463908.58319259,492618.8328008123,111971289.75039178,198300855.95680743,0.3618940157184931,B - Identity-change trigger,8966
0.8537506584046527,110892013.56795059,370873.0270854167,110521140.54086517,199872750.97204942,0.3568358650057869,B - Identity-change trigger,8966
0.8201506124771328,106527768.9115063,369810.968348248,106157957.94315805,204236995.62849373,0.34279230166003777,B - Identity-change trigger,8966
0.924366038750607,120064108.0645595,404539.28343597054,119659568.78112353,190700656.4754405,0.38635045463497353,B - Identity-change trigger,8966
0.8998997560828438,116886230.16444668,285749.2416049275,116600480.92284176,193878534.37555334,0.37612446294374435,B - Identity-change trigger,8966
0.7996655082563427,103866998.54157466,343700.07831825264,103523298.4632564,206897765.99842536,0.33423029375714647,B - Identity-change trigger,8966
0.6498002623619632,84401293.04842944,447582.13602976024,83953710.91239968,226363471.4915706,0.2715922224109347,B - Identity-change trigger,8966
0.7618548841192737,98955850.0656771,467304.10646587,98488545.95921123,211808914.47432292,0.3184268660964619,B - Identity-change trigger,8966
0.39015523653678935,50676505.32122721,366011.57509802893,50310493.74612918,260088259.21877283,0.16307030623706503,B - Identity-change trigger,8966
0.8267852287766325,107389526.32681192,404651.74219110055,106984874.58462082,203375238.2131881,0.3455653232945246,B - Identity-change trigger,8966
0.7082296396809771,91990571.29804687,404162.8829021319,91586408.41514474,218774193.24195313,0.29601351824494354,B - Identity-change trigger,8966
0.5732446802485482,74457637.29033405,325049.79426348547,74132587.49607056,236307127.24966598,0.23959485046687218,B - Identity-change trigger,8966
0.5755029087008015,74750954.1946334,446756.96252324816,74304197.23211014,236013810.34536663,0.24053870555524914,B - Identity-change trigger,8966
0.5470500496688133,71055267.63935962,423163.06465608155,70632104.57470354,239709496.9006404,0.22864647394802623,B - Identity-change trigger,8966
0.8749967114822065,113651622.10581575,462900.3324003196,113188721.77341543,197113142.43418425,0.36571592108920414,B - Identity-change trigger,8966
0.5174167195312072,67206251.98668242,219595.2849115647,66986656.70177085,243558512.5533176,0.21626084954052754,B - Identity-change trigger,8966
0.608643274487825,79055491.8911181,377470.2717612109,78678021.61935689,231709272.6488819,0.2543901397835033,B - Identity-change trigger,8966
0.8819880455194767,114559712.894721,334330.0388378329,114225382.85588317,196205051.64527902,0.3686380374052203,B - Identity-change trigger,8966
0.6978913296621336,90647748.30447924,541750.5224361123,90105997.78204313,220117016.23552078,0.2916924910668614,B - Identity-change trigger,8966
0.6014120650372254,78116244.15102616,353189.1678879438,77763054.98313822,232648520.38897386,0.2513677645104178,B - Identity-change trigger,8966
0.6138507888289105,79731885.80693193,349943.5548621792,79381942.25206974,231032878.7330681,0.2565666861394425,B - Identity-change trigger,8966
0.6723491182655533,87330120.11308457,302028.1729952925,87028091.94008927,223434644.42691547,0.2810168013814317,B - Identity-change trigger,8966
0.8420667748194499,109374416.6392668,492642.09141659376,108881774.5478502,201390347.90073323,0.35195243836979045,B - Identity-change trigger,8966
0.6277184077169565,81533123.86953203,338051.04735924973,81195072.82217279,229231640.67046797,0.2623628325116553,B - Identity-change trigger,8966
0.727115276871081,94443590.00427875,283939.94955993345,94159650.05471882,216321174.53572127,0.3039070087114798,B - Identity-change trigger,8966
0.880632880989343,114383693.20796233,452731.8496366906,113930961.35832565,196381071.3320377,0.3680716292829249,B - Identity-change trigger,8966
0.6981222332928535,90677739.92826144,292676.86704305,90385063.0612184,220087024.61173856,0.2917890001541339,B - Identity-change trigger,8966
0.7549907077066041,98064275.53347243,522196.4483624707,97542079.08510996,212700489.0065276,0.31555789691482256,B - Identity-change trigger,8966
0.7225189449177972,93846581.38084906,367233.26908108575,93479348.11176798,216918183.15915096,0.3019859137497862,B - Identity-change trigger,8966
0.7569148619130348,98314200.18332869,404578.65442994155,97909621.52889875,212450564.35667133,0.31636212145497017,B - Identity-change trigger,8966
0.8196262021997317,106459654.27988142,467075.788519395,105992578.49136202,204305110.2601186,0.34257311776470234,B - Identity-change trigger,8966
0.7467730244721146,96996896.63101983,378217.4957070229,96618679.13531281,213767867.9089802,0.3121232124710036,B - Identity-change trigger,8966
0.7766903786087591,100882803.60886902,405432.5517056391,100477371.05716337,209881960.931131,0.32462754829427876,B - Identity-change trigger,8966
0.7992553124458208,103813719.00505176,466602.28217609803,103347116.72287567,206951045.53494826,0.33405884724003,B - Identity-change trigger,8966
0.7029193045457331,91300822.18913464,277292.0698564712,91023530.11927818,219463942.35086536,0.29379399664012706,B - Identity-change trigger,8966
0.477332089215603,61999737.26828622,505144.48490305047,61494592.78338317,248765027.2717138,0.19950697229159625,B - Identity-change trigger,8966
0.8108398097073288,105318406.83733001,465678.2108730071,104852728.626457,205446357.70267,0.33890073410743443,B - Identity-change trigger,8966
0.7052369660284352,91601858.73423785,321744.0162084317,91280114.71802942,219162905.80576217,0.29476269251383336,B - Identity-change trigger,8966
0.8801394648630547,114319604.34638153,368851.12849611655,113950753.21788542,196445160.19361848,0.3678653997843018,B - Identity-change trigger,8966
0.7774472992241498,100981118.55636036,499677.06239409273,100481441.49396627,209783645.98363966,0.3249439128204723,B - Identity-change trigger,8966
0.7172360992313908,93160402.82301454,332328.4006186479,92828074.4223959,217604361.71698546,0.29977788170712455,B - Identity-change trigger,8966
0.7521424369972072,97694319.1872696,457878.3663488556,97236440.82092074,213070445.35273042,0.314367426216671,B - Identity-change trigger,8966
0.902618967516825,117239423.25222085,374794.3759244941,116864628.87629636,193525341.28777915,0.3772609916885555,B - Identity-change trigger,8966
0.7784322179367996,101109047.73354025,444005.04288248863,100665042.69065776,209655716.80645978,0.3253555720295504,B - Identity-change trigger,8966
0.6116127375627995,79441189.67812178,353683.0480407911,79087506.63008098,231323574.86187825,0.2556312643607204,B - Identity-change trigger,8966
0.3029754472708759,39352891.9465777,468125.5762417289,38884766.37033597,271411872.5934223,0.12663241279888537,B - Identity-change trigger,8966
0.8045319944957848,104499096.98012915,323101.68566199427,104175995.29446715,206265667.55987087,0.33626430311303385,B - Identity-change trigger,8966
0.679296686831191,88232526.28994727,487343.10733234126,87745183.18261494,222532238.25005275,0.2839206253661053,B - Identity-change trigger,8966
0.7582694313133752,98490142.56983528,383661.2615419143,98106481.30829336,212274621.97016475,0.3169282808352558,B - Identity-change trigger,8966
0.759232409072359,98615221.87919055,313819.38809703535,98301402.49109352,212149542.66080946,0.3173307695457775,B - Identity-change trigger,8966
0.8627446828615121,112060229.92278683,371037.84085586696,111689192.08193097,198704534.6172132,0.36059503106364243,B - Identity-change trigger,8966
0.6236961909927102,81010685.95728278,461430.6503834991,80549255.30689928,229754078.58271724,0.2606816962572844,B - Identity-change trigger,8966
0.8935146993687425,116056887.5586145,374182.7794845091,115682704.77913,194707876.98138553,0.37345574788829144,B - Identity-change trigger,8966
0.7284253235493122,94613749.42095028,290150.4448652152,94323598.97608507,216151015.11904973,0.3044545592580271,B - Identity-change trigger,8966
0.8925792572058625,115935384.79431567,324033.8639987253,115611350.93031694,194829379.74568436,0.3730647680277571,B - Identity-change trigger,8966
0.9766856012242384,126859794.33967952,341904.13530552026,126517890.204374,183904970.20032048,0.4082180762270775,B - Identity-change trigger,8966
0.5562640066852783,72252050.60687573,476117.91557869245,71775932.69129704,238512713.9331243,0.23249756359548873,B - Identity-change trigger,8966
0.8951570587153166,116270210.4218543,359489.6493140192,115910720.77254029,194494554.1181457,0.37414219270952326,B - Identity-change trigger,8966
0.9073114553509453,117848921.37611228,432795.3091315476,117416126.06698073,192915843.16388774,0.3792222762144689,B - Identity-change trigger,8966
0.7918588556203249,102853007.60462916,276531.9709694148,102576475.63365975,207911756.93537086,0.3309674047406055,B - Identity-change trigger,8966
0.7396048421089096,96065835.35680257,379428.6447755835,95686406.71202698,214698929.18319744,0.3091271801647174,B - Identity-change trigger,8966
0.42853739125976653,55661888.79403294,384857.987614475,55277030.80641846,255102875.7459671,0.17911261232084896,B - Identity-change trigger,8966
0.661061191187985,85863953.20554884,392658.1526814687,85471295.05286737,224900811.3344512,0.27629886976615997,B - Identity-change trigger,8966
0.629888757897995,81815026.43599407,313841.4810323867,81501184.95496169,228949738.10400593,0.2632699577672464,B - Identity-change trigger,8966
0.523875520472555,68045173.08685352,397093.3547241521,67648079.73212937,242719591.45314652,0.21896038692666878,B - Identity-change trigger,8966
0.7257693069627075,94268764.58906874,430816.3488835043,93837948.24018523,216495999.95093128,0.3033444435974174,B - Identity-change trigger,8966
0.767323956368695,99666217.22980931,403670.08724308095,99262547.14256623,211098547.3101907,0.32071273388196747,B - Identity-change trigger,8966
0.7151836745843503,92893817.37494929,430435.1568804301,92463382.21806887,217870947.16505075,0.29892004491710156,B - Identity-change trigger,8966
0.889819037522898,115576865.22478962,519059.9455891403,115057805.27920048,195187899.3152104,0.3719110993676156,B - Identity-change trigger,8966
0.9194969118460867,119431666.63515072,369011.40015984245,119062655.23499088,191333097.9048493,0.38431534157978225,B - Identity-change trigger,8966
0.5900636546164334,76642221.17960179,524146.53280278336,76118074.646799,234122543.36039823,0.24662455311833398,B - Identity-change trigger,8966
0.7866520836471741,102176710.11354342,161448.7581499,102015261.35539351,208588054.4264566,0.328791168666716,B - Identity-change trigger,8966
0.8772174593544024,113940070.73042324,429294.62350227014,113510776.10692097,196824693.80957678,0.36664411069601,B - Identity-change trigger,8966
0.7804245612489972,101367829.33380406,521353.93614959513,100846475.39765446,209396935.20619595,0.32618829706723884,B - Identity-change trigger,8966
0.6846422530577059,88926851.49682531,404264.1817109531,88522587.31511435,221837913.0431747,0.2861548722502583,B - Identity-change trigger,8966
0.6160251305097466,80014306.82154432,326313.39430528996,79687993.42723903,230750457.7184557,0.25747547969276063,B - Identity-change trigger,8966
0.4801718829931837,62368592.56229222,591702.8782882551,61776889.684003964,248396171.9777078,0.2006938999490866,B - Identity-change trigger,8966
0.6708394728105043,87134035.19925632,537223.1887726012,86596812.01048371,223630729.34074372,0.28038582600647727,B - Identity-change trigger,8966
0.747789033501558,97128864.06901717,362198.8956675826,96766665.17334959,213635900.47098285,0.3125478662704544,B - Identity-change trigger,8966
0.6991068026515834,90805623.72853972,318819.52328757936,90486804.20525214,219959140.81146032,0.2922005133463311,B - Identity-change trigger,8966
0.7621616650060441,98995697.23876356,432244.58935225446,98563452.6494113,211769067.30123645,0.3185550890407376,B - Identity-change trigger,8966
0.8871870221074227,115234997.85837454,222992.66478452168,115012005.19359002,195529766.6816255,0.3708110152994584,B - Identity-change trigger,8966
0.7334594333331174,95267620.15586886,572862.7368048884,94694757.41906397,215497144.38413116,0.30655862899027764,B - Identity-change trigger,8966
0.6123461727805352,79536454.15296076,444640.0938032438,79091814.05915752,231228310.38703924,0.25593781286849604,B - Identity-change trigger,8966
0.5344838338441902,69423066.29110435,401292.47279822547,69021773.81830612,241341698.24889567,0.2233942654144388,B - Identity-change trigger,8966
0.8893783483432349,115519624.96381955,481334.7168880312,115038290.24693152,195245139.57618046,0.37172690776193346,B - Identity-change trigger,8966
0.8324823674244023,108129516.59212841,358312.717654724,107771203.87447369,202635247.94787163,0.3479465143102172,B - Identity-change trigger,8966
0.9212142428434449,119654727.42038696,506761.78969080903,119147965.63069615,191110037.11961305,0.3850331217488642,B - Identity-change trigger,8966
0.7543647067357734,97982965.48414183,442115.5184152567,97540849.96572657,212781799.0558582,0.31529625190673755,B - Identity-change trigger,8966
0.641488582905788,83321705.15944444,421219.640523629,82900485.51892081,227443059.38055557,0.2681182510597005,B - Identity-change trigger,8966
0.8491381524163462,110292904.1305496,241007.0359941862,110051897.09455541,200471860.4094504,0.3549080099019825,B - Identity-change trigger,8966
0.4598037625327608,59723016.98561099,150932.67567045172,59572084.30994054,251041747.55438903,0.1921807868855858,B - Identity-change trigger,8966
0.5397972631354594,70113217.29392852,366268.60650373145,69746948.6874248,240651547.24607152,0.2256150802608251,B - Identity-change trigger,8966
0.7180150407837855,93261578.02721083,507511.62801210984,92754066.39919873,217503186.5127892,0.3001034501619204,B - Identity-change trigger,8966
0.7786331827526533,101135150.66285215,385328.293610028,100749822.36924213,209629613.87714785,0.3254395678112168,B - Identity-change trigger,8966
0.7326943875649065,95168249.8480707,436697.85379746574,94731551.99427323,215596514.69192934,0.3062388684538949,B - Identity-change trigger,8966
0.6934765662414138,90074323.26482591,287528.65902869037,89786794.60579722,220690441.2751741,0.2898472849653842,B - Identity-change trigger,8966
0.8269057843441973,107405185.05515663,360748.7915037247,107044436.2636529,203359579.48484337,0.34561571101582206,B - Identity-change trigger,8966
0.6052760586631597,78618130.77257706,419878.9391524075,78198251.83342466,232146633.76742297,0.2529827694235192,B - Identity-change trigger,8966
0.5465684078424651,70992708.1187121,517562.04012677155,70475146.07858533,239772056.42128792,0.22844516566669607,B - Identity-change trigger,8966
0.6222426910028592,80821893.66879803,406548.3316190818,80415345.33717895,229942870.871202,0.26007418758826195,B - Identity-change trigger,8966
0.7618165721675833,98950873.80073974,454263.45959369704,98496610.34114604,211813890.7392603,0.3184108531326218,B - Identity-change trigger,8966
0.4723729486963626,61355604.1454227,435662.8796814497,60919941.265741244,249409160.39457732,0.19743423690984543,B - Identity-change trigger,8966
0.7003557878159374,90967851.98386022,359373.4644833094,90608478.51937692,219796912.5561398,0.29272254246234314,B - Identity-change trigger,8966
0.5373512215353152,69795505.70490578,442952.13909109373,69352553.56581469,240969258.83509424,0.2245927262964269,B - Identity-change trigger,8966
0.5812786955980165,75501159.92820016,390257.6903177512,75110902.2378824,235263604.61179987,0.242952768599614,B - Identity-change trigger,8966
0.4111094754205945,53398210.68067145,506893.0655114132,52891317.61516004,257366553.85932857,0.1718283948944872,B - Identity-change trigger,8966
0.7955126068141236,103327586.2453224,351082.107638848,102976504.13768356,207437178.29467762,0.33249453617519953,B - Identity-change trigger,8966
0.8976510548463051,116594150.73167825,400033.8848913736,116194116.84678687,194170613.80832177,0.3751845898754421,B - Identity-change trigger,8966
0.8184979207824998,106313103.99966033,498757.92229375214,105814346.07736658,204451660.5403397,0.34210153830350437,B - Identity-change trigger,8966
0.7396175449480609,96067485.30388916,323774.8394741214,95743710.46441503,214697279.23611087,0.30913248947669497,B - Identity-change trigger,8966
0.6920146657062041,89884439.84583282,299600.3638442389,89584839.48198858,220880324.6941672,0.2892362651823848,B - Identity-change trigger,8966
0.8961535154374399,116399638.24865805,373569.6200482571,116026068.62860979,194365126.29134196,0.37455867437531093,B - Identity-change trigger,8966
0.7969902457634795,103519513.89633787,419118.4860721665,103100395.4102657,207245250.64366215,0.33311213402706524,B - Identity-change trigger,8966
0.8679331630181086,112734151.52537452,378992.2149722951,112355159.31040221,198030613.0146255,0.3627636218418963,B - Identity-change trigger,8966
0.7453427360119086,96811119.24300396,384286.75621904427,96426832.48678492,213953645.29699606,0.31152540535380724,B - Identity-change trigger,8966
0.5822294305203435,75624649.03929873,258474.36833851648,75366174.67096022,235140115.5007013,0.24335014026200746,B - Identity-change trigger,8966
0.7968167482696012,103496978.64408857,270594.90740266116,103226383.7366859,207267785.89591146,0.3330396185593524,B - Identity-change trigger,8966
0.789989531361497,102610204.71009295,427118.32573519216,102183086.38435775,208154559.82990706,0.33018609706920454,B - Identity-change trigger,8966
0.7587979221113667,98558787.21234825,474209.0614117069,98084578.15093654,212205977.32765177,0.3171491702356825,B - Identity-change trigger,8966
0.8177771544457271,106219485.06114486,442557.06448028923,105776927.99666457,204545279.47885516,0.34180028491445286,B - Identity-change trigger,8966
0.7180362060360603,93264327.14068948,152862.4936676475,93111464.64702183,217500437.39931053,0.30011229644628834,B - Identity-change trigger,8966
0.2156094115517015,28005087.382125087,335937.74894255353,27669149.633182533,282759677.15787494,0.09011667530448234,B - Identity-change trigger,8966
0.8042129850731048,104457661.46628223,381158.3135152643,104076503.15276697,206307103.07371777,0.3361309690978077,B - Identity-change trigger,8966
0.5274543622676502,68510021.89135206,471345.4949527396,68038676.39639932,242254742.64864796,0.2204562090324555,B - Identity-change trigger,8966
0.6805967080570392,88401383.52009544,402838.71214113745,87998544.8079543,222363381.01990458,0.2844639856482728,B - Identity-change trigger,8966
0.8680921337725747,112754799.92767747,464648.49519946903,112290151.432478,198009964.61232257,0.3628300656754935,B - Identity-change trigger,8966
0.811642325935946,105422644.11039826,380189.5650722977,105042454.54532596,205342120.42960176,0.3392361558957525,B - Identity-change trigger,8966
0.5990154381950661,77804950.9488696,601302.0087364598,77203648.94013314,232959813.59113044,0.25036606406790674,B - Identity-change trigger,8966
0.8663875441427699,112533394.09390707,400569.2521058856,112132824.84180118,198231370.44609296,0.3621176109218211,B - Identity-change trigger,8966
0.7397475262180848,96084368.31840537,458366.1111740495,95626002.20723133,214680396.22159463,0.3091868167893207,B - Identity-change trigger,8966
0.5012346365543405,65104392.68225553,360939.609104219,64743453.07315131,245660371.8577445,0.20949734368574346,B - Identity-change trigger,8966
0.7795611460574536,101255682.01281184,358045.1208025752,100897636.89200926,209509082.52718818,0.32582742178860735,B - Identity-change trigger,8966
0.8755084078717069,113718085.35525346,425941.6359214556,113292143.71933201,197046679.18474656,0.3659297910545977,B - Identity-change trigger,8966
0.41487373546625766,53887143.10133511,486049.1767902809,53401093.924544826,256877621.4386649,0.173401714898727,B - Identity-change trigger,8966
0.7078627676092895,91942918.99775195,425728.9733533364,91517190.02439861,218821845.54224807,0.29586017943137033,B - Identity-change trigger,8966
0.410265859579069,53288635.0587687,404042.16896277084,52884592.88980593,257476129.48123133,0.17147579500413299,B - Identity-change trigger,8966
0.35215609721651964,45740870.97460446,309582.546441249,45431288.42816321,265023893.56539556,0.14718808627583946,B - Identity-change trigger,8966
0.8727970135395471,113365907.61564061,422551.8355847494,112943355.78005587,197398856.9243594,0.36479652956617203,B - Identity-change trigger,8966
0.8938933769272809,116106073.25064991,379339.30644432915,115726733.94420558,194658691.2893501,0.37361402095412055,B - Identity-change trigger,8966
0.7648468138877629,99344466.00783244,366768.52402589814,98977697.48380654,211420298.53216758,0.3196773809118419,B - Identity-change trigger,8966
0.45857789388660497,59563791.28990722,354445.33258059743,59209345.95732662,251200973.2500928,0.19166841961016617,B - Identity-change trigger,8966
0.7658268752937493,99471764.27889104,356968.91714553296,99114795.3617455,211293000.261109,0.32008700994828376,B - Identity-change trigger,8966
0.8218051999468459,106742680.06189257,345386.70077188953,106397293.36112069,204022084.47810745,0.3434838573796973,B - Identity-change trigger,8966
0.8766881051231248,113871313.938239,271072.9133393713,113600241.02489962,196893450.60176104,0.3664228604127418,B - Identity-change trigger,8966
0.7531823451079649,97829390.83048573,313405.738218563,97515985.09226717,212935373.7095143,0.31480206893884727,B - Identity-change trigger,8966
0.7857725516460268,102062469.41147833,325978.18341441156,101736491.22806391,208702295.12852168,0.32842355716405996,B - Identity-change trigger,8966
0.9199365325686676,119488768.11630715,205467.34953310317,119283300.76677406,191275996.42369288,0.38449908661033927,B - Identity-change trigger,8966
0.49273898294678603,64000908.748342104,346662.36404082476,63654246.38430128,246763855.79165792,0.2059464780155417,B - Identity-change trigger,8966
0.24592075351193093,31942168.672577694,393033.1367143177,31549135.535863377,278822595.86742234,0.10278568331213195,B - Identity-change trigger,8966
0.6612206728881572,85884667.97359644,386683.1983536931,85497984.77524275,224880096.56640357,0.27636552715596496,B - Identity-change trigger,8966
0.7356153075068778,95547642.46188284,535071.4511595855,95012571.01072326,215217122.0781172,0.30745970381588883,B - Identity-change trigger,8966
0.6833940670988299,88764727.0487509,275779.1329671799,88488947.91578373,222000037.4912491,0.28563317717226455,B - Identity-change trigger,8966
0.8174021817727699,106170780.58949633,326680.0965596451,105844100.49293669,204593983.9505037,0.341643560352321,B - Identity-change trigger,8966
0.8293486223860869,107722480.54022452,386638.3950658276,107335842.1451587,203042283.9997755,0.34663672601260764,B - Identity-change trigger,8966
0.8158230730728547,105965673.22980951,469656.4703870966,105496016.7594224,204799091.3101905,0.3409835519373052,B - Identity-change trigger,8966
0.7231399936628919,93927248.19520456,409368.61023786594,93517879.58496669,216837516.34479547,0.3022454889126104,B - Identity-change trigger,8966
0.8550261976378548,111057690.87966008,475890.6888043136,110581800.19085577,199707073.66033995,0.3573689927300793,B - Identity-change trigger,8966
0.7323410655324699,95122357.53603663,384175.49762959423,94738182.03840703,215642407.0039634,0.3060911930502757,B - Identity-change trigger,8966
0.6005525968488822,78004609.49860775,513178.5931708108,77491430.90543695,232760155.04139227,0.25100853893159886,B - Identity-change trigger,8966
0.8152247925789751,105887963.73934925,416809.67171682295,105471154.06763242,204876800.80065078,0.34073349305249145,B - Identity-change trigger,8966
0.7022908880107854,91219198.38687608,426797.01168756647,90792401.37518851,219545566.15312394,0.29353134201652653,B - Identity-change trigger,8966
0.45725010673895844,59391327.59814584,369719.9537556224,59021607.64439022,251373436.94185418,0.19111345421047984,B - Identity-change trigger,8966
0.8736198514599331,113472784.43375304,560717.9714532284,112912066.46229981,197291980.10624698,0.3651404450620959,B - Identity-change trigger,8966
0.6546911300745852,85036558.34914453,398378.3344928364,84638180.0146517,225728206.1908555,0.2736364223113173,B - Identity-change trigger,8966
0.548421336092486,71233381.36753362,303523.91287107393,70929857.45466255,239531383.1724664,0.22921962041924104,B - Identity-change trigger,8966
0.6533224165246236,84858778.80653591,454454.67627170496,84404324.13026421,225905985.73346412,0.2730643512051487,B - Identity-change trigger,8966
0.809326385376866,105121831.09271933,440453.356933887,104681377.73578544,205642933.4472807,0.3382681793037981,B - Identity-change trigger,8966
0.7551868711582219,98089754.82291624,385014.3981594523,97704740.42475678,212675009.71708378,0.31563988590569647,B - Identity-change trigger,8966
0.9108768243367747,118312020.22360267,492491.39379779773,117819528.82980487,192452744.31639737,0.380712467189549,B - Identity-change trigger,8966
0.7332974223851566,95246576.86874215,272726.6122150108,94973850.25652714,215518187.67125785,0.30649091446943144,B - Identity-change trigger,8966
0.5417817682182129,70370980.80180515,397435.37363069464,69973545.42817447,240393783.73819488,0.22644452921157143,B - Identity-change trigger,8966
0.8435694968733781,109569602.28598063,483787.0889270333,109085815.1970536,201195162.25401938,0.35258052002184886,B - Identity-change trigger,8966
0.586935455534655,76235905.4812127,443215.4644796218,75792690.01673308,234528859.05878732,0.24531708282326845,B - Identity-change trigger,8966
0.6997493401810561,90889081.67932987,507923.08253068133,90381158.5967992,219875682.86067015,0.2924690700178498,B - Identity-change trigger,8966
0.6150141484949828,79882992.3327126,299786.1320193237,79583206.20069328,230881772.20728743,0.2570529269975538,B - Identity-change trigger,8966
0.8651308389011007,112370163.09274977,493704.81384878093,111876458.278901,198394601.44725025,0.36159235510204074,B - Identity-change trigger,8966
0.8716174039938688,113212690.42458312,346140.85482349043,112866549.56975964,197552074.11541688,0.364303496865749,B - Identity-change trigger,8966
0.6216106271840226,80739796.12792443,488083.532246087,80251712.59567834,230024968.41207558,0.2598100085363185,B - Identity-change trigger,8966
0.9029117362209828,117277450.41014352,364554.6672304704,116912895.74291305,193487314.1298565,0.3773833580642254,B - Identity-change trigger,8966
0.8817683709080235,114531179.78642528,396405.8320488003,114134773.95437647,196233584.75357473,0.36854622162829986,B - Identity-change trigger,8966
0.8636448462769132,112177150.39914764,422695.69790078,111754454.70124686,198587614.1408524,0.36097126572632654,B - Identity-change trigger,8966
0.7034419854366308,91368712.19410805,449250.4579021887,90919461.73620586,219396052.34589195,0.29401245771654255,B - Identity-change trigger,8966
0.67664622113152,87888262.45198019,562149.4371061753,87326113.01487401,222876502.08801985,0.2828128297687612,B - Identity-change trigger,8966
0.8687152662122102,112835737.38906674,433270.5033968625,112402466.88566987,197929027.15093327,0.3630905117447545,B - Identity-change trigger,8966
0.7502351345419491,97446583.37861806,473281.72951381584,96973301.64910425,213318181.16138196,0.31357024507865416,B - Identity-change trigger,8966
0.47147395855693547,61238836.06359762,405566.7183462818,60833269.34525134,249525928.4764024,0.19705849263266548,B - Identity-change trigger,8966
0.7631620753001106,99125638.58734237,278171.52961362246,98847467.05772874,211639125.95265764,0.3189732231518269,B - Identity-change trigger,8966
0.7425026673273311,96442228.24186249,529128.5210718665,95913099.72079062,214322536.29813755,0.3103383627954673,B - Identity-change trigger,8966
0.8331137791090812,108211529.42856383,361649.7595676883,107849879.66899614,202553235.1114362,0.34821042079445724,B - Identity-change trigger,8966
0.6581482133977034,85485592.18238235,264359.15483599773,85221233.02754635,225279172.35761768,0.27508135392672256,B - Identity-change trigger,8966
0.7601651377863257,98736372.19888422,399681.04406463914,98336691.15481958,212028392.3411158,0.31772061528608525,B - Identity-change trigger,8966
0.44683287791563886,58038253.99446087,471358.47378000733,57566895.52068087,252726510.54553914,0.18675944192183502,B - Identity-change trigger,8966
0.5425172575568313,70466512.08241296,394493.29442015453,70072018.7879928,240298252.45758706,0.2267519362651002,B - Identity-change trigger,8966
0.8333543647320293,108242778.62749746,469936.7347839636,107772841.8927135,202521985.91250256,0.34831097659260213,B - Identity-change trigger,8966
0.6021167371533674,78207772.64250655,341771.63100748847,77866001.01149906,232556991.89749348,0.25166229111679117,B - Identity-change trigger,8966
0.938297405810015,121873626.25322923,376066.99521380675,121497559.25801542,188891138.2867708,0.3921732453601325,B - Identity-change trigger,8966
0.6953030291190337,90311558.97786753,479875.937097322,89831683.0407702,220453205.56213248,0.29061067818144837,B - Identity-change trigger,8966
0.7676943405758424,99714325.7145525,424246.996262445,99290078.71829006,211050438.8254475,0.3208675406368916,B - Identity-change trigger,8966
0.8506455887901806,110488702.11111271,389384.30371914065,110099317.80739357,200276062.4288873,0.355538061963557,B - Identity-change trigger,8966
0.8972976751128031,116548250.92496493,308849.63594060007,116239401.28902434,194216513.6150351,0.3750368903549342,B - Identity-change trigger,8966
0.7849148737866768,101951067.30141297,380458.35423927195,101570608.9471737,208813697.23858705,0.32806507987584405,B - Identity-change trigger,8966
0.6066406845747212,78795379.37977912,527487.220244429,78267892.1595347,231969385.16022092,0.25355313204961816,B - Identity-change trigger,8966
0.6311033674354789,81972789.707957,487792.27191230335,81484997.4360447,228791974.83204302,0.2637776191560671,B - Identity-change trigger,8966
0.7668987872167162,99610992.83506858,281349.19136916246,99329643.64369942,211153771.70493144,0.32053502906777315,B - Identity-change trigger,8966
0.8250272588929648,107161187.03562355,264170.0060914511,106897017.0295321,203603577.50437647,0.3448305575899044,B - Identity-change trigger,8966
0.8720348327761588,113266909.4377501,336912.8703654866,112929996.56738462,197497855.10224992,0.36447796649472136,B - Identity-change trigger,8966
0.6615639177609125,85929251.3829467,507955.49461962277,85421295.88832708,224835513.15705332,0.2765089906834864,B - Identity-change trigger,8966
0.7578546951754463,98436273.29901062,467092.6893215306,97969180.60968909,212328491.2409894,0.3167549366309848,B - Identity-change trigger,8966
0.6029286420329302,78313229.38919722,403601.1595626044,77909628.22963461,232451535.1508028,0.25200163701028966,B - Identity-change trigger,8966
0.49277702470031964,64005849.91776607,450763.9314892663,63555085.986276805,246758914.62223396,0.20596237804665132,B - Identity-change trigger,8966
0.7776069488352199,101001855.13402812,452610.06003069674,100549245.07399742,209762909.40597188,0.32501064039075667,B - Identity-change trigger,8966
0.722314287550651,93819998.83322705,314980.7142452704,93505018.11898178,216944765.70677298,0.30190037461969416,B - Identity-change trigger,8966
0.5286287788628857,68662564.58017017,516368.19728687394,68146196.3828833,242102199.95982987,0.22094707127368773,B - Identity-change trigger,8966
0.8471159165265763,110030239.84148772,453399.38760752795,109576840.45388019,200734524.69851232,0.35406279088414866,B - Identity-change trigger,8966
0.6158573949831234,79992519.98002213,385968.1181328968,79606551.86188923,230772244.5599779,0.25740537251199824,B - Identity-change trigger,8966
0.4066108496446859,52813892.92270758,415650.8401344336,52398242.082573146,257950871.61729243,0.16994813746302198,B - Identity-change trigger,8966
0.8319886205962637,108065384.77632706,517585.4407347284,107547799.33559233,202699379.76367295,0.3477401465905812,B - Identity-change trigger,8966
0.6171278723644744,80157539.81763351,335137.115006226,79822402.70262729,230607224.7223665,0.25793638457141127,B - Identity-change trigger,8966
0.7605450826663819,98785722.50084826,337071.05163429945,98448651.44921397,211979042.03915176,0.3178794180449408,B - Identity-change trigger,8966
0.5113811321009591,66422301.266859494,455627.3169032556,65966673.94995624,244342463.27314052,0.21373819958378829,B - Identity-change trigger,8966
0.5270100641318609,68452312.87008557,624352.5145349783,67827960.35555059,242312451.66991445,0.2202705090180027,B - Identity-change trigger,8966
0.6169243803750095,80131108.63865337,545535.7656765819,79585572.87297678,230633655.90134665,0.2578513325256323,B - Identity-change trigger,8966
0.8053894798278459,104610474.08319917,293185.5033928318,104317288.57980634,206154290.45680085,0.33662269993203897,B - Identity-change trigger,8966
0.838444523034642,108903929.39558133,377600.1401248702,108526329.25545646,201860835.1444187,0.35043847251081706,B - Identity-change trigger,8966
0.7418936848406205,96363128.69035509,301558.7783883274,96061569.91196677,214401635.84964493,0.31008383087765323,B - Identity-change trigger,8966
0.520044478105181,67547566.44022897,348233.0548329452,67199333.38539602,243217198.09977105,0.21735915440804293,B - Identity-change trigger,8966
0.5549442560646866,72080630.76399274,363819.75450582436,71716811.00948691,238684133.7760073,0.23194595716373403,B - Identity-change trigger,8966
0.7965309191282826,103459852.8524945,425607.59764593345,103034245.25484855,207304911.68750554,0.33292015266157265,B - Identity-change trigger,8966
0.6747971006535401,87648083.78726785,292397.8454749769,87355685.94179288,223116680.75273216,0.28203996652260827,B - Identity-change trigger,8966
0.883526112583823,114759489.43613721,409595.7621704041,114349893.67396681,196005275.10386282,0.3692808919505608,B - Identity-change trigger,8966
0.5089438986337571,66105733.74910406,460863.5963500278,65644870.15275403,244659030.79089597,0.21271952708974273,B - Identity-change trigger,8966
0.5751150154303493,74700571.49169028,437986.0888628309,74262585.40282744,236064193.04830974,0.2403765806662911,B - Identity-change trigger,8966
0.6515796977768731,84632420.45574789,434497.05012240337,84197923.40562548,226132344.08425212,0.27233595990530785,B - Identity-change trigger,8966
0.5679890582244199,73774994.76107766,441441.71598481585,73333553.04509284,236989769.77892238,0.2373981968975177,B - Identity-change trigger,8966
0.5155916696199311,66969199.80109277,309523.3716842079,66659676.429408565,243795564.73890725,0.2154980468915833,B - Identity-change trigger,8966
0.73927869806774,96023473.14122775,586126.3059571481,95437346.8352706,214741291.39877227,0.3089908641456297,B - Identity-change trigger,8966
0.6577690552387109,85436344.06608811,371059.5054479193,85065284.56064019,225328420.4739119,0.2749228799878668,B - Identity-change trigger,8966
0.7284383218360911,94615437.74315496,400370.9702556046,94215066.77289936,216149326.79684508,0.30445999205607027,B - Identity-change trigger,8966
0.8852998160877561,114989872.33668011,422866.3466568843,114567005.99002323,195774892.2033199,0.3700222337203844,B - Identity-change trigger,8966
0.8653494453319993,112398557.4571495,274072.6168291657,112124484.84032033,198366207.08285052,0.3616837244194142,B - Identity-change trigger,8966
0.7157336277333997,92965249.72052439,533174.9722028231,92432074.74832156,217799514.81947565,0.299149904778083,B - Identity-change trigger,8966
0.6800378000934472,88328788.05106506,393441.7886476212,87935346.26241744,222435976.48893496,0.28423038300951214,B - Identity-change trigger,8966
0.6262989555753984,81348753.98988257,324501.04126465414,81024252.94861792,229416010.55011743,0.26176955457063017,B - Identity-change trigger,8966
0.7441424690361401,96655218.89850433,375719.34362776467,96279499.55487657,214109545.6414957,0.31102373861970883,B - Identity-change trigger,8966
0.7147025241056258,92831321.67448959,215222.4065262495,92616099.26796333,217933442.86551043,0.2987189420007133,B - Identity-change trigger,8966
0.771799852848559,100247582.72368935,429725.034115982,99817857.68957336,210517181.81631067,0.3225834913172275,B - Identity-change trigger,8966
0.6244534788774581,81109048.60867706,367766.85687933443,80741281.75179772,229655715.93132296,0.26099821428834197,B - Identity-change trigger,8966
0.9256275977210369,120227969.50711124,415226.1586503737,119812743.34846087,190536795.03288877,0.38687773913196044,B - Identity-change trigger,8966
0.7296273714453843,94769881.08572653,415734.51967890345,94354146.56604762,215994883.4542735,0.3049569703502478,B - Identity-change trigger,8966
0.7406255626563993,96198414.76472107,482466.03572055046,95715948.72900051,214566349.77527896,0.3095538032026115,B - Identity-change trigger,8966
0.7151898601299269,92894620.80344127,445607.8276261568,92449012.97581512,217870143.73655874,0.29892263024395854,B - Identity-change trigger,8966
0.6323542552173493,82135265.09056856,490566.83198890375,81644698.25857966,228629499.44943148,0.26430044349508786,B - Identity-change trigger,8966
0.355013987339458,46112076.76773473,244438.34328932848,45867638.4244454,264652687.7722653,0.1483825775293113,B - Identity-change trigger,8966
0.6209060053882238,80648274.1724556,332813.6501009285,80315460.52235466,230116490.3675444,0.2595155029619678,B - Identity-change trigger,8966
0.67247373106067,87346305.8268299,449597.9244838767,86896707.90234601,223418458.7131701,0.28106888487220094,B - Identity-change trigger,8966
0.8085957428056753,105026929.34931195,509587.01253746665,104517342.33677448,205737835.19068807,0.3379627980178989,B - Identity-change trigger,8966
0.6785291745121623,88132835.60665768,324601.5732920615,87808234.03336562,222631928.93334234,0.2835998339036718,B - Identity-change trigger,8966
0.8373013365106751,108755443.12001778,213866.57190704887,108541576.54811074,202009321.41998225,0.34996066327210446,B - Identity-change trigger,8966
0.8729019659131196,113379539.67544593,521769.35749548144,112857770.31795044,197385224.8645541,0.36484039573557353,B - Identity-change trigger,8966
0.5511994110226914,71594220.12041819,516100.6624178308,71078119.45800036,239170544.41958183,0.23038075190536267,B - Identity-change trigger,8966
0.6940022556616599,90142604.04182862,359465.5869827668,89783138.45484585,220622160.4981714,0.29006700349461895,B - Identity-change trigger,8966
0.9343797306251074,121364767.03832519,325745.1281193484,121039021.91020584,189399997.50167483,0.3905358035618087,B - Identity-change trigger,8966
0.6876966633200399,89323582.90888155,411934.527442217,88911648.38143933,221441181.63111848,0.28743150157676345,B - Identity-change trigger,8966
0.6355318784889643,82548000.40090872,379408.0534693424,82168592.34743938,228216764.1390913,0.2656285712542021,B - Identity-change trigger,8966
0.6132045378438744,79647945.52261655,293277.6035280679,79354667.91908848,231116819.01738346,0.2562965773822942,B - Identity-change trigger,8966
0.9496499674547564,23235749.46407778,67895.29559666978,23167854.168481108,287529015.07592225,0.07476957530391767,C - Combined signal trigger (identity change + anomaly),1404
0.7466278731926097,18268265.991624154,61188.91322072498,18207077.07840343,292496498.54837584,0.05878486905896552,C - Combined signal trigger (identity change + anomaly),1404
0.7875974250913365,19270696.651550125,44230.91863010923,19226465.732920017,291494067.8884499,0.06201055862969208,C - Combined signal trigger (identity change + anomaly),1404
0.8312118701940873,20337841.76201481,48974.59229285141,20288867.169721957,290426922.7779852,0.06544449076174795,C - Combined signal trigger (identity change + anomaly),1404
0.8598369984525721,21038232.7812173,64885.31334136162,20973347.46787594,289726531.75878274,0.06769825662944284,C - Combined signal trigger (identity change + anomaly),1404
0.9547467437789003,23360455.85253758,53083.21136057935,23307372.641177002,287404308.68746245,0.07517086400421288,C - Combined signal trigger (identity change + anomaly),1404
0.8113216785773287,19851174.542472657,65041.67131524646,19786132.87115741,290913589.99752736,0.06387845987577372,C - Combined signal trigger (identity change + anomaly),1404
0.9386103275717037,22965634.879454814,82725.01722746142,22882909.862227354,287799129.66054523,0.07390038221819964,C - Combined signal trigger (identity change + anomaly),1404
0.7930686862458223,19404565.82208135,51281.46657646649,19353284.35550488,291360198.7179187,0.0624413319534612,C - Combined signal trigger (identity change + anomaly),1404
0.8593984440289811,21027502.363629613,50101.4349302136,20977400.9286994,289737262.1763704,0.0676637275617618,C - Combined signal trigger (identity change + anomaly),1404
0.8318850133235568,20354312.025423273,45989.3930130563,20308322.632410217,290410452.51457673,0.06549748989578055,C - Combined signal trigger (identity change + anomaly),1404
0.6442180031392283,15762532.126769891,65646.95355416811,15696885.173215723,295002232.4132301,0.0507217481689145,C - Combined signal trigger (identity change + anomaly),1404
0.8537828464354938,20890101.612568602,61377.28834651677,20828724.324222084,289874662.9274314,0.06722159007791804,C - Combined signal trigger (identity change + anomaly),1404
0.8931567017852323,21853489.249798156,75517.42926378922,21777971.820534367,288911275.29020184,0.07032164435419862,C - Combined signal trigger (identity change + anomaly),1404
0.6653140494261165,16278703.835297935,67455.07051158923,16211248.764786346,294486060.7047021,0.052382720606674905,C - Combined signal trigger (identity change + anomaly),1404
0.8564565347925854,20955520.614242353,48190.30964281064,20907330.304599542,289809243.92575765,0.0674320997918188,C - Combined signal trigger (identity change + anomaly),1404
0.7085355970421597,17336235.648359295,72790.18531508406,17263445.46304421,293428528.8916407,0.05578571841637427,C - Combined signal trigger (identity change + anomaly),1404
0.9703458831785228,23742130.89846667,71014.87698812698,23671116.02147854,287022633.6415334,0.07639904393154169,C - Combined signal trigger (identity change + anomaly),1404
0.8717466636117361,21329634.882331546,61440.551220177775,21268194.331111368,289435129.6576685,0.06863595013387082,C - Combined signal trigger (identity change + anomaly),1404
0.948016714327924,23195787.51834296,69321.43977955,23126466.07856341,287568977.02165705,0.07464098303640637,C - Combined signal trigger (identity change + anomaly),1404
0.7965644329095349,19490098.698879752,49327.307250753496,19440771.391629,291274665.84112024,0.06271656546304202,C - Combined signal trigger (identity change + anomaly),1404
0.7136401398027079,17461132.063646562,65027.5651662886,17396104.498480275,293303632.47635347,0.05618761859792202,C - Combined signal trigger (identity change + anomaly),1404
0.8756193536816901,21424390.6968962,68057.46070954406,21356333.236186653,289340373.8431038,0.06894086184001263,C - Combined signal trigger (identity change + anomaly),1404
0.7326410715979932,17926041.141633037,67158.62715372074,17858882.514479317,292838723.398367,0.057683634655838506,C - Combined signal trigger (identity change + anomaly),1404
0.9329143783183289,22826268.10817356,58161.89272368337,22768106.215449877,287938496.4318265,0.07345191834074703,C - Combined signal trigger (identity change + anomaly),1404
0.7114355062501068,17407189.75369668,59346.78210748037,17347842.9715892,293357574.78630334,0.05601403936338516,C - Combined signal trigger (identity change + anomaly),1404
0.7442331843917955,18209673.46708663,41487.40804001365,18168186.05904662,292555091.0729134,0.058596326047584385,C - Combined signal trigger (identity change + anomaly),1404
0.8208259458282805,20083722.091834076,84555.04229298189,19999167.049541093,290681042.44816595,0.06462676719982198,C - Combined signal trigger (identity change + anomaly),1404
0.7167310077450371,17536758.489799134,50355.04154196359,17486403.44825717,293228006.0502009,0.05643097445670001,C - Combined signal trigger (identity change + anomaly),1404
0.9189691592573674,22485060.68709541,86129.10575676059,22398931.58133865,288279703.8529046,0.07235395788958968,C - Combined signal trigger (identity change + anomaly),1404
0.8919439150864584,21823815.15002263,54557.424821289525,21769257.72520134,288940949.3899774,0.0702261570172753,C - Combined signal trigger (identity change + anomaly),1404
0.7112813000132402,17403416.681924526,54662.90318439718,17348753.778740127,293361347.8580755,0.0560018981163627,C - Combined signal trigger (identity change + anomaly),1404
0.8395995721701132,20543069.528427146,64606.88595160928,20478462.642475538,290221695.0115729,0.06610488662971618,C - Combined signal trigger (identity change + anomaly),1404
0.938577061678811,22964820.939603876,74911.58217980977,22889909.357424065,287799943.60039616,0.0738977630671767,C - Combined signal trigger (identity change + anomaly),1404
0.7326052611164032,17925164.94155203,35907.33241889675,17889257.609133136,292839599.598448,0.05768081515961182,C - Combined signal trigger (identity change + anomaly),1404
0.8885588711292113,21740990.913713444,45245.05129711432,21695745.86241633,289023773.62628657,0.06995963955532371,C - Combined signal trigger (identity change + anomaly),1404
0.9928264688834031,24292179.100589324,65269.275013981445,24226909.82557534,286472585.4394107,0.07816902645493634,C - Combined signal trigger (identity change + anomaly),1404
0.8178679025450327,20011345.5794464,69754.0560401443,19941591.523406256,290753418.96055365,0.06439386913464137,C - Combined signal trigger (identity change + anomaly),1404
0.807267965634516,19751989.51476088,85757.26415030511,19666232.250610575,291012775.0252391,0.06355929554625717,C - Combined signal trigger (identity change + anomaly),1404
0.8769649536834675,21457314.43257953,43709.77431983889,21413604.65825969,289307450.1074205,0.06904680607642587,C - Combined signal trigger (identity change + anomaly),1404
0.8366285307675414,20470374.981969588,68730.1138271966,20401644.868142392,290294389.5580304,0.06587096517287032,C - Combined signal trigger (identity change + anomaly),1404
0.8196129747444131,20054043.480579603,76781.18132742908,19977262.299252175,290710721.0594204,0.06453126534555481,C - Combined signal trigger (identity change + anomaly),1404
0.9523236280385081,23301167.786201812,60465.49306649809,23240702.293135315,287463596.7537982,0.07498008283111712,C - Combined signal trigger (identity change + anomaly),1404
0.8921911297493385,21829863.923957646,66593.31140990337,21763270.612547744,288934900.6160424,0.07024562117352857,C - Combined signal trigger (identity change + anomaly),1404
0.8694406645544565,21273212.391734343,38686.758243971,21234525.633490372,289491552.14826566,0.0684543900053256,C - Combined signal trigger (identity change + anomaly),1404
0.8455948426255424,20689760.000754654,70372.61211947979,20619387.388635173,290075004.53924537,0.06657691721061117,C - Combined signal trigger (identity change + anomaly),1404
0.5784741596348059,14153931.559374964,68805.0086022913,14085126.550772673,296610832.98062503,0.04554548383349021,C - Combined signal trigger (identity change + anomaly),1404
0.5619647075547849,13749983.256877031,55073.27322109868,13694909.983655933,297014781.283123,0.04424563150597212,C - Combined signal trigger (identity change + anomaly),1404
0.8323225962334413,20365018.672306113,40749.419002474875,20324269.25330364,290399745.8676939,0.06553194247247048,C - Combined signal trigger (identity change + anomaly),1404
0.9617404339887545,23531575.35879217,67033.64025415244,23464541.71853802,287233189.18120784,0.07572150399233343,C - Combined signal trigger (identity change + anomaly),1404
0.9513989549696551,23278543.163972177,61191.0566485137,23217352.10732366,287486221.3760278,0.07490727978260188,C - Combined signal trigger (identity change + anomaly),1404
0.8283748217804506,20268425.715665225,83602.66176852684,20184823.0538967,290496338.8243348,0.06522111908557889,C - Combined signal trigger (identity change + anomaly),1404
0.7516027757868086,18389990.41035584,58300.74980703524,18331689.660548806,292374774.12964416,0.05917656217421256,C - Combined signal trigger (identity change + anomaly),1404
0.901003201376063,22045475.039205573,49599.373211463484,21995875.66599411,288719289.5007945,0.07093942928773701,C - Combined signal trigger (identity change + anomaly),1404
0.89084786300508,21796997.277716745,73473.83761661271,21723523.440100133,288967767.26228327,0.07013986064340685,C - Combined signal trigger (identity change + anomaly),1404
0.8538861175932729,20892628.420162193,52744.46438628109,20839883.955775913,289872136.1198378,0.06722972101128602,C - Combined signal trigger (identity change + anomaly),1404
0.8604947881121796,21054327.38054811,89127.45182164195,20965199.92872647,289710437.1594519,0.06775004692605073,C - Combined signal trigger (identity change + anomaly),1404
0.8857876597134158,21673185.747203518,49648.80119880774,21623536.94600471,289091578.7927965,0.0697414514778874,C - Combined signal trigger (identity change + anomaly),1404
0.7349331312672748,17982122.567481853,62012.26832203794,17920110.299159814,292782641.97251815,0.05786409728303444,C - Combined signal trigger (identity change + anomaly),1404
0.8628011472773952,21110758.68215786,25005.61573838319,21085753.066419475,289654005.85784215,0.06793163540727151,C - Combined signal trigger (identity change + anomaly),1404
0.8579196238491996,20991319.036743473,71189.62464855885,20920129.412094913,289773445.50325656,0.06754729439103313,C - Combined signal trigger (identity change + anomaly),1404
0.7722576079693627,18895366.625028607,65943.51284058309,18829423.112188023,291869397.9149714,0.06080279613745108,C - Combined signal trigger (identity change + anomaly),1404
0.821052872429264,20089274.46357934,54601.54421778161,20034672.91936156,290675490.07642066,0.0646446339993399,C - Combined signal trigger (identity change + anomaly),1404
0.9397764008034909,22994166.008185532,63029.17464502284,22931136.83354051,287770598.5318145,0.07399219162514109,C - Combined signal trigger (identity change + anomaly),1404
0.9622994108575751,23545252.236510538,55935.62690953892,23489316.609601,287219512.3034895,0.07576551437986437,C - Combined signal trigger (identity change + anomaly),1404
0.8325009939381633,20369383.653629705,71144.1457579596,20298239.507871747,290395380.8863703,0.06554598840631388,C - Combined signal trigger (identity change + anomaly),1404
0.8730885323638755,21362467.32292221,82805.73407072223,21279661.58885149,289402297.2170778,0.06874160059472427,C - Combined signal trigger (identity change + anomaly),1404
0.9066182367056658,22182862.032963157,91180.6030940667,22091681.42986909,288581902.50703686,0.07138152250239391,C - Combined signal trigger (identity change + anomaly),1404
0.8893532279409236,21760426.997001585,47754.54159698124,21712672.455404602,289004337.54299843,0.07002218230632352,C - Combined signal trigger (identity change + anomaly),1404
0.9384554145238437,22961844.513644096,85188.43317027323,22876656.08047382,287802920.0263559,0.07388818532124342,C - Combined signal trigger (identity change + anomaly),1404
0.9236233973657104,22598939.183739256,61844.120351994425,22537095.06338726,288165825.3562608,0.07272040386300113,C - Combined signal trigger (identity change + anomaly),1404
0.8951396665380076,21902007.834298372,54011.450720568915,21847996.383577805,288862756.70570165,0.07047777075601909,C - Combined signal trigger (identity change + anomaly),1404
0.8377516557413844,20497855.26565665,39182.461355195555,20458672.804301456,290266909.2743434,0.06595939309914356,C - Combined signal trigger (identity change + anomaly),1404
0.9850743807294828,24102503.34179295,60420.95868145659,24042082.38311149,286662261.1982071,0.0775586748950446,C - Combined signal trigger (identity change + anomaly),1404
0.8312487650032241,20338744.493095744,84765.05009880743,20253979.442996938,290426020.04690427,0.06544739563123106,C - Combined signal trigger (identity change + anomaly),1404
0.8770651820094681,21459766.78908136,62690.67861510629,21397076.110466253,289304997.7509187,0.06905469743600605,C - Combined signal trigger (identity change + anomaly),1404
0.9282445768609342,22712008.812191244,47442.606488295045,22664566.20570295,288052755.7278088,0.07308424700531926,C - Combined signal trigger (identity change + anomaly),1404
0.8050147270884318,19696857.952465422,78803.32615012338,19618054.6263153,291067906.5875346,0.06338188945462041,C - Combined signal trigger (identity change + anomaly),1404
0.9585166003023868,23452695.56685045,50203.2716275652,23402492.295222886,287312068.9731496,0.07546767923179959,C - Combined signal trigger (identity change + anomaly),1404
0.799971235807874,19573455.326407958,70327.0077869839,19503128.318620972,291191309.21359205,0.06298479608967562,C - Combined signal trigger (identity change + anomaly),1404
0.9389867612911504,22974845.346358042,57375.180203256,22917470.166154787,287789919.19364196,0.07393002028516923,C - Combined signal trigger (identity change + anomaly),1404
0.9113353874550714,22298279.857165523,55373.47888889977,22242906.378276624,288466484.6828345,0.07175292182874035,C - Combined signal trigger (identity change + anomaly),1404
0.8131696083415546,19896389.131532084,64147.44210901845,19832241.689423066,290868375.40846795,0.06402395445630106,C - Combined signal trigger (identity change + anomaly),1404
0.9439035117743725,23095146.91674795,75830.1147517977,23019316.801996153,287669617.6232521,0.07431713486222877,C - Combined signal trigger (identity change + anomaly),1404
0.9224544615928862,22570338.015216354,62990.414445914605,22507347.60077044,288194426.5247837,0.07262836907725173,C - Combined signal trigger (identity change + anomaly),1404
0.8891126684162354,21754541.058983985,57379.75468379884,21697161.304300185,289010223.48101604,0.0700032421345627,C - Combined signal trigger (identity change + anomaly),1404
0.9774602391405133,23916202.818012074,51856.46155230988,23864346.356459763,286848561.72198796,0.07695918439599578,C - Combined signal trigger (identity change + anomaly),1404
0.942359018997361,23057356.732526805,60838.582462522216,22996518.150064282,287707407.80747324,0.07419553103665645,C - Combined signal trigger (identity change + anomaly),1404
0.9127925362108091,22333932.934173424,102047.96542298824,22231884.968750436,288430831.6058266,0.07186764872533906,C - Combined signal trigger (identity change + anomaly),1404
0.9409050320430884,23021781.017525136,57941.107714081845,22963839.909811053,287742983.5224749,0.07408105308078418,C - Combined signal trigger (identity change + anomaly),1404
0.6969253084430033,17052158.60277303,88272.84910304955,16963885.75366998,293712605.937227,0.054871595973932125,C - Combined signal trigger (identity change + anomaly),1404
0.6460208928189484,15806644.6886032,75945.6445482489,15730699.044054952,294958119.8513968,0.050863696571265084,C - Combined signal trigger (identity change + anomaly),1404
0.8541023524416113,20897919.189323023,68762.83052493895,20829156.358798083,289866845.350677,0.06724674600821147,C - Combined signal trigger (identity change + anomaly),1404
0.9297113599977005,22747897.62033324,56518.15415573286,22691379.46617751,288016866.91966677,0.07319973245359755,C - Combined signal trigger (identity change + anomaly),1404
0.6985279718312692,17091372.087995175,68681.27505633407,17022690.812938843,293673392.45200485,0.05499777979428959,C - Combined signal trigger (identity change + anomaly),1404
0.8978901601954264,21969306.084934458,57233.451599193446,21912072.633335266,288795458.45506555,0.07069432764507214,C - Combined signal trigger (identity change + anomaly),1404
0.8482865157096239,20755619.047313195,53211.38318180261,20702407.66413139,290009145.4926868,0.06678884293087752,C - Combined signal trigger (identity change + anomaly),1404
0.8456040905973751,20689986.277344894,46612.59108347622,20643373.68626142,290074778.26265514,0.06657764533881635,C - Combined signal trigger (identity change + anomaly),1404
0.7847625485018994,19201333.74474112,76340.63849612167,19124993.106244996,291563430.7952589,0.06178735794955166,C - Combined signal trigger (identity change + anomaly),1404
0.4617255805478093,11297362.479271496,61418.53403030353,11235943.945241192,299467402.06072855,0.03635342152123993,C - Combined signal trigger (identity change + anomaly),1404
0.7787290762461078,19053708.562264904,41607.10910703618,19012101.45315787,291711055.9777351,0.061312319594753834,C - Combined signal trigger (identity change + anomaly),1404
0.8221225864697694,20115447.904631533,67954.8553369532,20047493.04929458,290649316.63536847,0.06472885667848093,C - Combined signal trigger (identity change + anomaly),1404
0.859910236749626,21040024.753817562,57478.21058739142,20982546.543230172,289724739.78618246,0.06770402296078003,C - Combined signal trigger (identity change + anomaly),1404
0.8826626720110184,21596724.489035055,70266.69966754148,21526457.789367512,289168040.05096495,0.06949540923985685,C - Combined signal trigger (identity change + anomaly),1404
0.6544143517529234,16012013.314529216,58831.66020223572,15953181.654326981,294752751.2254708,0.0515245457065588,C - Combined signal trigger (identity change + anomaly),1404
0.9235301844554896,22596658.47831838,62371.97735785624,22534286.50096052,288168106.0616816,0.07271306485394631,C - Combined signal trigger (identity change + anomaly),1404
0.8056443713553709,19712263.898803,63477.966017712984,19648785.932785287,291052500.641197,0.06343146375677909,C - Combined signal trigger (identity change + anomaly),1404
0.9226248885974451,22574507.971848328,76222.10785141152,22498285.863996916,288190256.5681517,0.07264178744737534,C - Combined signal trigger (identity change + anomaly),1404
0.7834409064608823,19168996.20522793,58520.61734001942,19110475.58788791,291595768.3347721,0.06168330001505237,C - Combined signal trigger (identity change + anomaly),1404
0.6830482323956979,16712618.484435162,79704.79026422075,16632913.69417094,294052146.0555649,0.053779000682955484,C - Combined signal trigger (identity change + anomaly),1404
0.8543083603885934,20902959.729740787,67519.01756373745,20835440.71217705,289861804.8102592,0.06726296580206495,C - Combined signal trigger (identity change + anomaly),1404
0.8579822396879613,20992851.102232665,39983.89638828101,20952867.205844384,289771913.4377674,0.06755222437558739,C - Combined signal trigger (identity change + anomaly),1404
0.8247204057635559,20179010.56490851,81931.40919573607,20097079.155712772,290585753.9750915,0.06493339293075219,C - Combined signal trigger (identity change + anomaly),1404
0.7006428112593174,17143117.342342507,59061.508300472124,17084055.834042035,293621647.1976575,0.05516428919384757,C - Combined signal trigger (identity change + anomaly),1404
0.9776570850163981,23921019.18363293,80334.13777707289,23840685.045855857,286843745.3563671,0.07697468282493763,C - Combined signal trigger (identity change + anomaly),1404
0.697281365978173,17060870.51133464,67568.57511771133,16993301.936216928,293703894.02866536,0.0548996297459542,C - Combined signal trigger (identity change + anomaly),1404
0.9275751178372315,22695628.6903734,87700.72846758849,22607927.96190581,288069135.8496266,0.0730315379350291,C - Combined signal trigger (identity change + anomaly),1404
0.8016273272035104,19613976.07202727,45110.79287749811,19568865.27914977,291150788.46797276,0.06311518650146922,C - Combined signal trigger (identity change + anomaly),1404
0.7925432421022354,19391709.412987296,56509.24109063777,19335200.17189666,291373055.1270127,0.0623999617256843,C - Combined signal trigger (identity change + anomaly),1404
0.8463123004475738,20707314.54271757,62778.72624738054,20644535.816470187,290057449.99728245,0.06663340540993742,C - Combined signal trigger (identity change + anomaly),1404
0.7429555908626873,18178413.693299823,88528.05252373373,18089885.64077609,292586350.8467002,0.058495736220957543,C - Combined signal trigger (identity change + anomaly),1404
0.9264108987106734,22667142.927331153,51320.11757041857,22615822.809760734,288097621.6126689,0.07293987450888614,C - Combined signal trigger (identity change + anomaly),1404
0.7657688999427555,18736602.870783567,57498.875178625116,18679103.995604943,292028161.66921645,0.060291915328682284,C - Combined signal trigger (identity change + anomaly),1404
0.6867987659333312,16804385.409748323,75577.12632468354,16728808.28342364,293960379.1302517,0.05407429453793611,C - Combined signal trigger (identity change + anomaly),1404
0.8321583157497349,20360999.10689564,64792.42506749966,20296206.68182814,290403765.4331044,0.06551900804145021,C - Combined signal trigger (identity change + anomaly),1404
0.7094832869714469,17359423.440199655,77730.84494974485,17281692.59524991,293405341.09980035,0.055860333670374136,C - Combined signal trigger (identity change + anomaly),1404
0.73129676998628,17893149.174566854,51525.81024838552,17841623.364318468,292871615.36543316,0.05757779264664267,C - Combined signal trigger (identity change + anomaly),1404
0.9453478165196114,23130485.730374295,60906.38842225181,23069579.341952045,287634278.80962574,0.07443085050073964,C - Combined signal trigger (identity change + anomaly),1404
0.9785431727533334,23942699.711579245,59654.30560162013,23883045.405977625,286822064.82842076,0.07704444790264331,C - Combined signal trigger (identity change + anomaly),1404
0.8542033501798342,20900390.371571444,40918.708876042074,20859471.6626954,289864374.1684286,0.06725469794655968,C - Combined signal trigger (identity change + anomaly),1404
0.8972375946714233,21953339.308180626,73571.36432403763,21879767.94385659,288811425.2318194,0.07064294866464794,C - Combined signal trigger (identity change + anomaly),1404
0.9624525002273501,23548997.98111498,65442.06806234073,23483555.91305264,287215766.55888504,0.07577756769166755,C - Combined signal trigger (identity change + anomaly),1404
0.804258641069533,19678358.267412506,60352.064602919294,19618006.202809587,291086406.27258754,0.06332235990956307,C - Combined signal trigger (identity change + anomaly),1404
0.896974175060083,21946894.036446,53978.09920395131,21892915.93724205,288817870.50355405,0.0706222086308022,C - Combined signal trigger (identity change + anomaly),1404
0.6830742538463583,16713255.169454861,37070.33091068083,16676184.83854418,294051509.37054515,0.0537810494513242,C - Combined signal trigger (identity change + anomaly),1404
0.7894375709186922,19315720.785585955,39716.52984613128,19276004.255739823,291449043.7544141,0.06215544035108825,C - Combined signal trigger (identity change + anomaly),1404
0.9907675293043859,24241801.58691664,63623.97251369988,24178177.614402942,286522962.9530834,0.07800691826436572,C - Combined signal trigger (identity change + anomaly),1404
0.8688740948829666,21259349.735606458,65815.44065171607,21193534.294954743,289505414.8043936,0.06840978180739041,C - Combined signal trigger (identity change + anomaly),1404
0.9699991481858928,23733647.091068905,81364.7073002818,23652282.38376862,287031117.4489311,0.07637174415896186,C - Combined signal trigger (identity change + anomaly),1404
0.9220673258416245,22560865.694221057,56179.683579134595,22504686.01064192,288203898.84577894,0.07259788839837131,C - Combined signal trigger (identity change + anomaly),1404
0.6324368269473075,15474273.855018126,73389.4385640451,15400884.41645408,295290490.6849819,0.049794171092477114,C - Combined signal trigger (identity change + anomaly),1404
0.8859261553259596,21676574.416150212,71529.5673609306,21605044.848789282,289088190.1238498,0.06975235576734799,C - Combined signal trigger (identity change + anomaly),1404
0.6240876651717894,15269989.07862736,77089.58028660215,15192899.498340758,295494775.4613727,0.049136809641949886,C - Combined signal trigger (identity change + anomaly),1404
0.8353907026111379,20440088.175348766,57498.361340553594,20382589.814008214,290324676.36465126,0.06577350622617907,C - Combined signal trigger (identity change + anomaly),1404
0.5528340689855253,13526577.541599661,59674.836243406375,13466902.705356255,297238186.99840033,0.04352674139753894,C - Combined signal trigger (identity change + anomaly),1404
0.8131953715704013,19897019.4984582,55954.414974258965,19841065.08348394,290867745.0415418,0.06402598289387842,C - Combined signal trigger (identity change + anomaly),1404
0.8649307292341726,21162864.65225916,57498.07016963889,21105366.58208952,289601899.88774085,0.06809930554252133,C - Combined signal trigger (identity change + anomaly),1404
0.8120148221803632,19868134.171446167,55255.073788547816,19812879.09765762,290896630.3685539,0.063933033723612,C - Combined signal trigger (identity change + anomaly),1404
0.9315444411442605,22792748.897886537,69382.31952107868,22723366.57836546,287972015.6421135,0.07334405794564516,C - Combined signal trigger (identity change + anomaly),1404
0.7956398453772575,19467476.169533294,54147.8668466761,19413328.302686617,291297288.3704667,0.06264376914914864,C - Combined signal trigger (identity change + anomaly),1404
0.9341359338912822,22856156.7621222,77480.26548421154,22778676.49663799,287908607.7778778,0.07354809608468425,C - Combined signal trigger (identity change + anomaly),1404
0.8395380774535126,20541564.894217424,62456.52668786237,20479108.36752956,290223199.6457826,0.06610004491539909,C - Combined signal trigger (identity change + anomaly),1404
0.7070088863566187,17298880.550998066,73654.17629987875,17225226.37469819,293465883.9890019,0.055665514642897825,C - Combined signal trigger (identity change + anomaly),1404
0.9650818215791607,23613331.424262423,60600.93671207263,23552730.48755035,287151433.1157376,0.07598458422149412,C - Combined signal trigger (identity change + anomaly),1404
0.8922985752528534,21832492.868185807,91378.96107418307,21741113.907111622,288932271.6718142,0.07025408076910741,C - Combined signal trigger (identity change + anomaly),1404
0.8958367836068611,21919064.684837133,80328.78725122301,21838735.89758591,288845699.85516286,0.07053265745002382,C - Combined signal trigger (identity change + anomaly),1404
0.7416224930090123,18145795.856411867,64631.483226817814,18081164.37318505,292618968.68358815,0.0583907763264977,C - Combined signal trigger (identity change + anomaly),1404
0.9450382642261623,23122911.69806438,56948.7183451337,23065962.979719244,287641852.84193563,0.07440647826432754,C - Combined signal trigger (identity change + anomaly),1404
0.6825158943413713,16699593.397208884,51308.447443981226,16648284.949764904,294065171.14279115,0.0537370876712099,C - Combined signal trigger (identity change + anomaly),1404
0.9002145599240057,22026178.797616575,74239.94740001249,21951938.850216564,288738585.7423834,0.07087733652886984,C - Combined signal trigger (identity change + anomaly),1404
0.8204244682885913,20073898.86027785,41076.24228304324,20032822.617994808,290690865.6797222,0.0645951573370669,C - Combined signal trigger (identity change + anomaly),1404
0.6746773833319697,16507803.070006512,60909.53100082431,16446893.539005687,294256961.46999353,0.053119931709251784,C - Combined signal trigger (identity change + anomaly),1404
0.9267564809577293,22675598.529697303,62652.608328498674,22612945.921368804,288089166.0103027,0.07296708352139651,C - Combined signal trigger (identity change + anomaly),1404
0.7348819445082121,17980870.14527344,77209.95634889249,17903660.188924547,292783894.3947266,0.0578600671536526,C - Combined signal trigger (identity change + anomaly),1404
0.8413496791931442,20585890.620109446,64976.09792133909,20520914.52218811,290178873.9198906,0.0662426792515589,C - Combined signal trigger (identity change + anomaly),1404
0.7213649304456741,17650139.915164195,60024.38385258798,17590115.53131161,293114624.62483585,0.05679582092033591,C - Combined signal trigger (identity change + anomaly),1404
0.9550487056227582,23367844.164012384,68268.79633758715,23299575.367674798,287396920.37598765,0.07519463861548756,C - Combined signal trigger (identity change + anomaly),1404
0.9671672308978719,23664356.591555905,77251.88534088556,23587104.70621502,287100407.9484441,0.07614877647594424,C - Combined signal trigger (identity change + anomaly),1404
0.9218173381882095,22554749.07158858,91823.47975939674,22462925.591829184,288210015.46841145,0.07257820591396374,C - Combined signal trigger (identity change + anomaly),1404
0.7667342947338727,18760223.85985225,84194.46527530625,18676029.394576944,292004540.68014777,0.060367924554192924,C - Combined signal trigger (identity change + anomaly),1404
0.8944818457724998,21885912.47387776,59800.23077199372,21826112.24310577,288878852.06612223,0.07042597801032466,C - Combined signal trigger (identity change + anomaly),1404
0.9647925956982248,23606254.732493598,61246.1149692316,23545008.617524367,287158509.80750644,0.07596181236130818,C - Combined signal trigger (identity change + anomaly),1404
0.7039956774089594,17225154.26174395,66198.35875706185,17158955.90298689,293539610.27825606,0.05542827317389395,C - Combined signal trigger (identity change + anomaly),1404
0.8542979755309233,20902705.636170197,72920.27696672305,20829785.359203473,289862058.9038298,0.06726214816248806,C - Combined signal trigger (identity change + anomaly),1404
0.8275507902180614,20248263.559512593,81501.67615061748,20166761.883361977,290516500.9804874,0.06515623992792254,C - Combined signal trigger (identity change + anomaly),1404
0.7540535998480852,18449956.435544033,56296.210319941434,18393660.225224093,292314808.104456,0.059369524929423746,C - Combined signal trigger (identity change + anomaly),1404
0.6427313329503449,15726156.728224687,50194.04154730139,15675962.686677385,295038607.8117753,0.05060469693693507,C - Combined signal trigger (identity change + anomaly),1404
0.9332224871596304,22833806.82253095,80301.68203683547,22753505.140494116,287930957.7174691,0.07347617692864888,C - Combined signal trigger (identity change + anomaly),1404
0.7069228330157187,17296775.023763582,67166.11126465879,17229608.912498925,293467989.5162364,0.05565873933412818,C - Combined signal trigger (identity change + anomaly),1404
0.9656498382105932,23627229.484170508,53939.19930596061,23573290.28486455,287137535.0558295,0.0760293063441217,C - Combined signal trigger (identity change + anomaly),1404
0.6653595071741156,16279816.08178865,36742.91240872896,16243073.169379922,294484948.45821136,0.052386299669096484,C - Combined signal trigger (identity change + anomaly),1404
0.9415288230901852,23037043.749042016,60265.83561028146,22976777.913431734,287727720.790958,0.07413016653655022,C - Combined signal trigger (identity change + anomaly),1404
0.9299801649397054,22754474.658717047,64919.65170395584,22689555.00701309,288010289.881283,0.07322089649513083,C - Combined signal trigger (identity change + anomaly),1404
0.7894160515655055,19315194.256531663,66391.97825554654,19248802.278276116,291449570.28346837,0.0621537460500787,C - Combined signal trigger (identity change + anomaly),1404
0.8625527426610239,21104680.792799115,85052.99226974974,21019627.800529364,289660083.7472009,0.06791207756142711,C - Combined signal trigger (identity change + anomaly),1404
0.7683997606610086,18800973.97868562,47129.53766016546,18753844.441025455,291963790.5613144,0.06049905305871849,C - Combined signal trigger (identity change + anomaly),1404
0.809242300191339,19800296.938225094,69564.04972569151,19730732.8884994,290964467.60177493,0.06371474245973116,C - Combined signal trigger (identity change + anomaly),1404
0.9466944615980671,23163435.03667912,68596.67096275077,23094838.365716368,287601329.50332093,0.07453687702003824,C - Combined signal trigger (identity change + anomaly),1404
0.7953689588977308,19460848.200716153,64627.21823029311,19396220.98248586,291303916.3392839,0.06262244122020227,C - Combined signal trigger (identity change + anomaly),1404
0.8522544703912152,20852705.767711215,68127.02362880931,20784578.744082406,289912058.7722888,0.06710125518437648,C - Combined signal trigger (identity change + anomaly),1404
0.9509735683310552,23268134.93178283,45244.790082011394,23222890.14170082,287496629.6082172,0.07487378746501319,C - Combined signal trigger (identity change + anomaly),1404
0.9139182724484239,22361477.1094762,92131.19818821631,22269345.911287986,288403287.4305238,0.07195628224639974,C - Combined signal trigger (identity change + anomaly),1404
0.9001830988788764,22025409.018237274,76139.54937426375,21949269.46886301,288739355.5217627,0.07087485948041666,C - Combined signal trigger (identity change + anomaly),1404
0.81288106623506,19889329.170150403,35184.31544142345,19854144.85470898,290875435.3698496,0.064001236432293,C - Combined signal trigger (identity change + anomaly),1404
0.7975407512574824,19513986.962247875,53603.669835746085,19460383.29241213,291250777.5777522,0.0627934347419755,C - Combined signal trigger (identity change + anomaly),1404
0.8718010874210825,21330966.507711623,55583.58210076976,21275382.92561085,289433798.0322884,0.06864023512860645,C - Combined signal trigger (identity change + anomaly),1404
0.6838134522986244,16731341.654612254,61401.63705603881,16669940.017556215,294033422.8853878,0.05383924937364861,C - Combined signal trigger (identity change + anomaly),1404
0.7511257417423342,18378318.484990593,59655.438696804595,18318663.046293788,292386446.0550094,0.05913900345875612,C - Combined signal trigger (identity change + anomaly),1404
0.874574575706412,21398827.38397974,73053.6837464671,21325773.700233273,289365937.1560203,0.06885860247269247,C - Combined signal trigger (identity change + anomaly),1404
0.9959578609275461,24368797.058263272,53104.021645351415,24315693.03661792,286395967.4817368,0.07841557293129559,C - Combined signal trigger (identity change + anomaly),1404
0.6256882445288812,15309151.572402235,68795.95160332824,15240355.620798906,295455612.9675978,0.04926282937855949,C - Combined signal trigger (identity change + anomaly),1404
0.8325893290878498,20371545.01147452,65277.75128828928,20306267.26018623,290393219.5285255,0.06555294337061948,C - Combined signal trigger (identity change + anomaly),1404
0.7321062410932098,17912955.06987946,65889.57457049192,17847065.49530897,292851809.47012055,0.05764152540393233,C - Combined signal trigger (identity change + anomaly),1404
0.9157149381944835,22405437.38597473,68187.0798100665,22337250.306164663,288359327.1540253,0.07209774061464043,C - Combined signal trigger (identity change + anomaly),1404
0.928232687100212,22711717.8971059,62456.81091969485,22649261.086186204,288053046.64289415,0.07308331087896731,C - Combined signal trigger (identity change + anomaly),1404
0.6313183271834691,15446906.739576807,57911.922008920075,15388994.817567887,295317857.8004232,0.049706107326683624,C - Combined signal trigger (identity change + anomaly),1404
0.9629187678319184,23560406.476470385,65389.14581013001,23495017.330660254,287204358.0635296,0.07581427872411775,C - Combined signal trigger (identity change + anomaly),1404
0.8787537411868962,21501081.946609505,71778.09825760411,21429303.8483519,289263682.5933905,0.06918764416048202,C - Combined signal trigger (identity change + anomaly),1404
0.8860368056695657,21679281.775440745,61308.76683818266,21617973.008602563,289085482.76455927,0.06976106769224895,C - Combined signal trigger (identity change + anomaly),1404
0.8474766589866303,20735803.716862846,60088.643118858716,20675715.073743988,290028960.82313716,0.06672507981255978,C - Combined signal trigger (identity change + anomaly),1404
0.6221451132457823,15222459.303004202,51856.60480848082,15170602.69819572,295542305.2369958,0.04898386509660057,C - Combined signal trigger (identity change + anomaly),1404
0.989732206577519,24216469.622171335,48585.37270480082,24167884.249466535,286548294.9178287,0.07792540334492883,C - Combined signal trigger (identity change + anomaly),1404
0.9149143946998959,22385849.92879281,48875.97502582638,22336973.953766983,288378914.6112072,0.07203471076242757,C - Combined signal trigger (identity change + anomaly),1404
0.77558263386996,18976722.35759912,47712.38640580132,18929009.97119332,291788042.1824009,0.0610645881481732,C - Combined signal trigger (identity change + anomaly),1404
0.7661908058993671,18746925.938694056,47639.54110686185,18699286.397587195,292017838.60130596,0.060325133598860915,C - Combined signal trigger (identity change + anomaly),1404
0.9687843537223838,23703923.86591038,52224.74897670427,23651699.116933677,287060840.67408967,0.07627609874303924,C - Combined signal trigger (identity change + anomaly),1404
0.8249322735075976,20184194.48107634,51552.34488321595,20132642.136193126,290580570.05892366,0.0649500740888478,C - Combined signal trigger (identity change + anomaly),1404
0.8094490849436685,19805356.485282205,71174.01316180492,19734182.4721204,290959408.05471784,0.0637310234144417,C - Combined signal trigger (identity change + anomaly),1404
0.8397124043547975,20545830.272348233,70982.62017972222,20474847.65216851,290218934.2676518,0.06611377033931297,C - Combined signal trigger (identity change + anomaly),1404
0.8790277660698881,21507786.704937655,69359.6759642246,21438427.02897343,289256977.8350624,0.06920921918794073,C - Combined signal trigger (identity change + anomaly),1404
0.9425238534956413,23061389.85339906,67695.04694683349,22993694.806452226,287703374.686601,0.07420850908736379,C - Combined signal trigger (identity change + anomaly),1404
0.8826773723587433,21597084.172716912,74721.46973516236,21522362.702981748,289167680.3672831,0.06949656665447684,C - Combined signal trigger (identity change + anomaly),1404
0.9433415820923969,23081397.7904864,67656.06908838071,23013741.72139802,287683366.7495136,0.07427289198842066,C - Combined signal trigger (identity change + anomaly),1404
0.8936846587722581,21866407.142388854,65085.023766535116,21801322.118622318,288898357.39761114,0.0703632124277536,C - Combined signal trigger (identity change + anomaly),1404
0.5367792049211444,13133751.961791959,46343.17127565717,13087408.790516302,297631012.5782081,0.042262680523748535,C - Combined signal trigger (identity change + anomaly),1404
0.8977019718769363,21964701.549821146,65373.978032337734,21899327.571788806,288800062.9901789,0.07067951085874784,C - Combined signal trigger (identity change + anomaly),1404
0.940339809542853,23007951.323577873,58081.015155391266,22949870.308422484,287756813.21642214,0.07403655095079613,C - Combined signal trigger (identity change + anomaly),1404
0.7546969666924721,18465698.141774736,61720.970058837105,18403977.1717159,292299066.3982253,0.05942017966260756,C - Combined signal trigger (identity change + anomaly),1404
0.8469833201176206,20723732.849960253,76302.5520910062,20647430.297869246,290041031.69003975,0.06668623735588532,C - Combined signal trigger (identity change + anomaly),1404
0.8917537997705564,21819163.46571686,53150.50096269096,21766012.96475417,288945601.0742832,0.07021118851107205,C - Combined signal trigger (identity change + anomaly),1404
0.6101657007339684,14929350.644666245,66245.47605620795,14863105.168610036,295835413.89533377,0.048040680116244704,C - Combined signal trigger (identity change + anomaly),1404
0.8012410013732199,19604523.567934427,47238.724888951765,19557284.843045477,291160240.97206557,0.0630847695907656,C - Combined signal trigger (identity change + anomaly),1404
0.9251683738616978,22636741.20345065,48724.261965904814,22588016.941484746,288128023.3365494,0.07284204577361912,C - Combined signal trigger (identity change + anomaly),1404
0.8545547311733103,20908987.855919,63840.362470679385,20845147.49344832,289855776.684081,0.06728236351656175,C - Combined signal trigger (identity change + anomaly),1404
0.5699099477897684,13944385.002634775,51465.3944833765,13892919.608151399,296820379.53736526,0.04487119066820694,C - Combined signal trigger (identity change + anomaly),1404
0.8089912786572026,19794155.018910427,66905.076941093,19727249.941969335,290970609.5210896,0.06369497857393877,C - Combined signal trigger (identity change + anomaly),1404
0.8945703000438,21888076.746354353,64021.133228076236,21824055.613126278,288876687.7936457,0.07043294235353066,C - Combined signal trigger (identity change + anomaly),1404
0.94741354464134,23181029.344066013,85326.28701603602,23095703.057049975,287583735.195934,0.07459349317925093,C - Combined signal trigger (identity change + anomaly),1404
0.5753118588282001,14076557.335407706,60470.54159663992,14016086.793811066,296688207.2045923,0.04529650379200517,C - Combined signal trigger (identity change + anomaly),1404
0.5442694078864991,13317019.992648145,57439.41790760657,13259580.574740538,297447744.5473519,0.04285241286077028,C - Combined signal trigger (identity change + anomaly),1404
0.8530428951897308,20871996.70828659,50686.57941598637,20821310.128870603,289892767.83171344,0.06716333088528141,C - Combined signal trigger (identity change + anomaly),1404
0.8644629616030869,21151419.45470659,66428.32703375172,21084991.12767284,289613345.0852934,0.06806247640724433,C - Combined signal trigger (identity change + anomaly),1404
0.9376886601799546,22943083.799227547,48147.8436570899,22894935.955570456,287821680.7407725,0.07382781581814252,C - Combined signal trigger (identity change + anomaly),1404
0.7786116303365546,19050834.931112923,74605.55794942933,18976229.373163495,291713929.6088871,0.061303072628946,C - Combined signal trigger (identity change + anomaly),1404
0.8155591797054627,19954856.44416425,50367.261697586124,19904489.182466663,290809908.09583575,0.06421209455229525,C - Combined signal trigger (identity change + anomaly),1404
0.8976414096476171,21963219.731429446,81042.67610384236,21882177.055325605,288801544.80857056,0.07067474256272209,C - Combined signal trigger (identity change + anomaly),1404
0.9509093941277938,23266564.736700285,48961.89469030636,23217602.84200998,287498199.8032997,0.07486873478445956,C - Combined signal trigger (identity change + anomaly),1404
0.6272284010921412,15346835.65945094,49340.09703399149,15297495.562416948,295417928.8805491,0.04938409179743277,C - Combined signal trigger (identity change + anomaly),1404
0.8226008523444119,20127149.97004643,49407.507952732296,20077742.4620937,290637614.56995356,0.0647665123806395,C - Combined signal trigger (identity change + anomaly),1404
0.7959021592957864,19473894.387509137,60032.1018240113,19413862.285685126,291290870.15249085,0.06266442212756897,C - Combined signal trigger (identity change + anomaly),1404
0.9655590194696007,23625007.358561426,35123.236661289455,23589884.121900138,287139757.18143857,0.07602215583717033,C - Combined signal trigger (identity change + anomaly),1404
0.8878636879227969,21723981.38033856,78919.39126438272,21645061.989074178,289040783.1596615,0.06990490512170779,C - Combined signal trigger (identity change + anomaly),1404
0.7948181367987424,19447370.851450637,77231.51978866853,19370139.33166197,291317393.6885494,0.06257907288890041,C - Combined signal trigger (identity change + anomaly),1404
0.6881598669109744,16837688.418641794,50318.88622430533,16787369.532417487,293927076.1213582,0.05418145922548608,C - Combined signal trigger (identity change + anomaly),1404
0.8248029875683771,20181031.151643492,48105.3524393876,20132925.799204104,290583733.3883565,0.06493989491220423,C - Combined signal trigger (identity change + anomaly),1404
0.6479072843904327,15852800.349581776,42111.65199699311,15810688.697584784,294911964.19041824,0.05101221939703298,C - Combined signal trigger (identity change + anomaly),1404
0.8837939060673459,21624403.1833107,66626.80149239216,21557776.381818306,289140361.35668933,0.06958447562521947,C - Combined signal trigger (identity change + anomaly),1404
0.8305015487415778,20320461.8305926,47314.17986493232,20273147.650727667,290444302.70940745,0.06538856443609795,C - Combined signal trigger (identity change + anomaly),1404
0.779145706222258,19063902.539074063,70261.28552268646,18993641.253551375,291700862.00092596,0.06134512246680481,C - Combined signal trigger (identity change + anomaly),1404
0.9070094428717613,22192433.947643004,56654.08472590758,22135779.862917095,288572330.59235704,0.07141232366060764,C - Combined signal trigger (identity change + anomaly),1404
0.6479528953480789,15853916.344760004,64914.34999384895,15789001.994766155,294910848.19524,0.05101581052223625,C - Combined signal trigger (identity change + anomaly),1404
0.8181535347046635,20018334.341124404,53743.25747469753,19964591.083649706,290746430.1988756,0.06441635804739938,C - Combined signal trigger (identity change + anomaly),1404
0.8375123405940552,20491999.77468959,38302.570581259926,20453697.204108328,290272764.7653104,0.0659405509019732,C - Combined signal trigger (identity change + anomaly),1404
0.7521982453467614,18404560.180252884,42498.8015795657,18362061.37867332,292360204.3597471,0.0592234457709376,C - Combined signal trigger (identity change + anomaly),1404
0.9637735157115259,23581320.190224033,65143.09187359567,23516177.098350435,287183444.34977597,0.07588157629494952,C - Combined signal trigger (identity change + anomaly),1404
0.885263346765865,21660357.015873473,100341.71816276177,21560015.297710713,289104407.5241265,0.0697001703135024,C - Combined signal trigger (identity change + anomaly),1404
0.7746626065982967,18954211.407336276,56989.73327190359,18897221.67406437,291810553.1326637,0.06099215088104555,C - Combined signal trigger (identity change + anomaly),1404
0.803219458401458,19652931.85878795,59980.22015693469,19592951.638631016,291111832.68121207,0.06324054108218671,C - Combined signal trigger (identity change + anomaly),1404
0.8362519338173954,20461160.521186758,53958.0300195302,20407202.49116723,290303604.01881325,0.06584131425412325,C - Combined signal trigger (identity change + anomaly),1404
0.9173796688209758,22446169.51369335,89216.24540440006,22356953.26828895,288318595.0263067,0.07222881122613306,C - Combined signal trigger (identity change + anomaly),1404
0.672834375573398,16462708.911099415,49582.48959665498,16413126.42150276,294302055.6289006,0.052974824657061215,C - Combined signal trigger (identity change + anomaly),1404
0.9020639026882461,22071427.959534906,68881.35149948431,22002546.608035423,288693336.58046514,0.07102294236029448,C - Combined signal trigger (identity change + anomaly),1404
0.8243480667095584,20169900.28504659,61584.25793131348,20108316.027115274,290594864.25495344,0.06490407725245963,C - Combined signal trigger (identity change + anomaly),1404
0.8743364674432142,21393001.422690216,40352.47593566207,21352648.946754556,289371763.1173098,0.06883985529812735,C - Combined signal trigger (identity change + anomaly),1404
0.8031486403212843,19651199.103325583,71083.2656704026,19580115.83765518,291113565.4366744,0.06323496530378425,C - Combined signal trigger (identity change + anomaly),1404
0.5851979477826362,14318447.183243465,60066.13577685937,14258381.047466606,296446317.35675657,0.04607487339962079,C - Combined signal trigger (identity change + anomaly),1404
0.7930133126002451,19403210.95639437,69422.07161082672,19333788.884783544,291361553.58360565,0.062436972174485024,C - Combined signal trigger (identity change + anomaly),1404
0.876916436524188,21456127.329334795,34749.65517809923,21421377.674156696,289308637.2106652,0.06904298613484887,C - Combined signal trigger (identity change + anomaly),1404
0.970290652645445,23740779.534413237,69818.32358178677,23670961.210831452,287023985.0055868,0.07639469542036013,C - Combined signal trigger (identity change + anomaly),1404
0.830388539542648,20317696.755540255,65477.572655080265,20252219.182885174,290447067.78445977,0.06537966678949236,C - Combined signal trigger (identity change + anomaly),1404
0.8267578914788811,20228863.15190414,46425.00420965186,20182438.147694487,290535901.38809586,0.06509381197655176,C - Combined signal trigger (identity change + anomaly),1404
0.6227576285737653,15237446.143620923,66466.28651442175,15170979.857106501,295527318.3963791,0.04903209077185981,C - Combined signal trigger (identity change + anomaly),1404
0.8957567792826608,21917107.1631219,46762.81367818597,21870344.349443715,288847657.37687814,0.07052635840348254,C - Combined signal trigger (identity change + anomaly),1404
0.8126628947878717,19883991.016872022,61978.129214329194,19822012.887657695,290880773.523128,0.06398405895953066,C - Combined signal trigger (identity change + anomaly),1404
0.9174497502601926,22447884.24524659,64262.18370379617,22383622.061542794,288316880.29475343,0.0722343290059746,C - Combined signal trigger (identity change + anomaly),1404
0.8253984694125572,20195601.22210731,54946.77444133612,20140654.447665974,290569163.31789273,0.06498677947611348,C - Combined signal trigger (identity change + anomaly),1404
0.7732408809964405,18919425.053391635,28405.8393810457,18891019.21401059,291845339.4866084,0.060880212984881124,C - Combined signal trigger (identity change + anomaly),1404
0.9149301994190123,22386236.633901346,79366.54815360751,22306870.085747737,288378527.90609866,0.07203595512843254,C - Combined signal trigger (identity change + anomaly),1404
0.8268602257124524,20231367.035118323,53897.63494483874,20177469.400173485,290533397.5048817,0.06510186914229218,C - Combined signal trigger (identity change + anomaly),1404
0.581967212615327,14239398.527944103,48376.50205875436,14191022.02588535,296525366.01205593,0.04582050525908732,C - Combined signal trigger (identity change + anomaly),1404
0.7219941508260123,17665535.489972055,54345.55796204063,17611189.932010014,293099229.05002797,0.05684536184828071,C - Combined signal trigger (identity change + anomaly),1404
0.9369611519806449,22925283.347659558,54314.98061997201,22870968.367039587,287839481.1923405,0.07377053631416033,C - Combined signal trigger (identity change + anomaly),1404
0.9210463502511471,22535884.770889007,59447.76974631623,22476437.00114269,288228879.76911104,0.07251750308387457,C - Combined signal trigger (identity change + anomaly),1404
0.7147604731914806,17488544.04367067,65019.930262014874,17423524.113408655,293276220.49632937,0.05627582673202204,C - Combined signal trigger (identity change + anomaly),1404
0.8766961705075756,21450737.92676242,79980.64477641448,21370757.281986006,289314026.6132376,0.06902564374862194,C - Combined signal trigger (identity change + anomaly),1404
0.7919432285528272,19377028.462124456,58118.68756506378,19318909.774559394,291387736.07787555,0.062352720363284125,C - Combined signal trigger (identity change + anomaly),1404
0.9598190388784474,23484563.241765246,49630.76004871044,23434932.481716536,287280201.29823476,0.07557022520403028,C - Combined signal trigger (identity change + anomaly),1404
0.8896382989747152,21767402.02922151,65166.3699544326,21702235.659267075,288997362.5107785,0.07004462703949733,C - Combined signal trigger (identity change + anomaly),1404
0.7714563154065276,18875760.83987035,76163.09414940844,18799597.74572094,291889003.7001297,0.06073970730822915,C - Combined signal trigger (identity change + anomaly),1404
0.8975691753779079,21961452.325067945,51706.49698419172,21909745.828083754,288803312.2149321,0.07066905528229916,C - Combined signal trigger (identity change + anomaly),1404
0.9675212744975484,23673019.223750263,65235.65665747015,23607783.567092795,287091745.3162497,0.07617665168311961,C - Combined signal trigger (identity change + anomaly),1404
0.9121973720519116,22319370.636737447,54166.79220265198,22265203.844534796,288445393.90326256,0.07182078917400758,C - Combined signal trigger (identity change + anomaly),1404
0.8038147269931698,19667496.71145458,70419.87524637085,19597076.83620821,291097267.82854545,0.06328740885591322,C - Combined signal trigger (identity change + anomaly),1404
0.9511377938589789,23272153.152551763,63461.01832355737,23208692.134228207,287492611.38744825,0.07488671756915444,C - Combined signal trigger (identity change + anomaly),1404
0.819576064548356,20053140.373016138,77141.07738312833,19975999.29563301,290711624.1669839,0.06452835926460061,C - Combined signal trigger (identity change + anomaly),1404
0.8058963952788287,19718430.344277762,51811.62516618577,19666618.719111577,291046334.1957223,0.0634513065645179,C - Combined signal trigger (identity change + anomaly),1404
0.794358208338977,19436117.460381556,59498.2406858647,19376619.21969569,291328647.07961845,0.06254286096157417,C - Combined signal trigger (identity change + anomaly),1404
0.8581496883074381,20996948.184635244,51907.772027115636,20945040.412608128,289767816.3553648,0.06756540824605817,C - Combined signal trigger (identity change + anomaly),1404
0.7745765507227791,18952105.818085536,60984.01372574905,18891121.804359786,291812658.72191447,0.06098537537271578,C - Combined signal trigger (identity change + anomaly),1404
0.7078222641762737,17318782.03458132,66886.19930448367,17251895.835276835,293445982.5054187,0.055729554990627435,C - Combined signal trigger (identity change + anomaly),1404
0.8621562703255679,21094980.027073,71196.01155494846,21023784.01551805,289669784.512927,0.06788086177755125,C - Combined signal trigger (identity change + anomaly),1404
0.8423467404409913,20610286.41450663,64033.45907381256,20546252.955432817,290154478.1254934,0.06632118169836394,C - Combined signal trigger (identity change + anomaly),1404
0.842062210427609,20603324.619811177,67588.87733890505,20535735.742472272,290161439.92018884,0.06629877956179689,C - Combined signal trigger (identity change + anomaly),1404
0.8687571533471454,21256488.44531908,48416.501480470884,21208071.943838608,289508276.09468096,0.06840057455285621,C - Combined signal trigger (identity change + anomaly),1404
0.7034770742309708,17212465.23533634,59370.996253407124,17153094.239082932,293552299.30466366,0.05538744156151217,C - Combined signal trigger (identity change + anomaly),1404
0.9535133087103496,23330276.534667578,69250.15137747728,23261026.3832901,287434488.00533247,0.07507375094213625,C - Combined signal trigger (identity change + anomaly),1404
0.6231530069662915,15247120.143080821,49628.39436242231,15197491.7487184,295517644.3969192,0.049063220425423396,C - Combined signal trigger (identity change + anomaly),1404
0.8494364136531972,20783754.403962277,55675.23263727823,20728079.171325,289981010.13603777,0.06687937879549115,C - Combined signal trigger (identity change + anomaly),1404
0.8961000570276164,21925506.379624546,74565.22936752439,21850941.15025702,288839258.1603755,0.0705533859737255,C - Combined signal trigger (identity change + anomaly),1404
0.8642942748506144,21147292.078038674,85861.50689221673,21061430.57114646,289617472.4619613,0.06804919505382569,C - Combined signal trigger (identity change + anomaly),1404
0.8729148760533094,21358218.352603193,71591.14196153931,21286627.210641652,289406546.1873968,0.06872792796898335,C - Combined signal trigger (identity change + anomaly),1404
0.7946096811449551,19442270.42127977,79341.40673010146,19362929.01454967,291322494.11872023,0.06256266037772523,C - Combined signal trigger (identity change + anomaly),1404
0.9219485438918963,22557959.37324035,55702.20113630411,22502257.172104046,288206805.16675967,0.07258853624100878,C - Combined signal trigger (identity change + anomaly),1404
0.6819913610311262,16686759.274110788,45498.42729947788,16641260.846811311,294078005.2658892,0.05369578915682687,C - Combined signal trigger (identity change + anomaly),1404
0.8675302374882493,21226468.637507975,35076.04773577351,21191392.589772202,289538295.90249205,0.06830397477309824,C - Combined signal trigger (identity change + anomaly),1404
0.8632473745816499,21121676.837479323,44773.96946645062,21076902.86801287,289643087.7025207,0.0679667685902037,C - Combined signal trigger (identity change + anomaly),1404
0.8840929196787817,21631719.358322315,41769.2114403774,21589950.146881938,289133045.1816777,0.06960801811087561,C - Combined signal trigger (identity change + anomaly),1404
0.9776018224744144,23919667.036395222,71173.52198787118,23848493.51440735,286845097.50360477,0.07697033179357246,C - Combined signal trigger (identity change + anomaly),1404
0.8765574612601231,21447344.030661106,64899.772592257345,21382444.25806885,289317420.5093389,0.06901472263886763,C - Combined signal trigger (identity change + anomaly),1404
0.7711274913275444,18867715.271314718,87863.2938246327,18779851.977490086,291897049.2686853,0.060713817730407994,C - Combined signal trigger (identity change + anomaly),1404
0.9396719705075105,22991610.839147445,70736.49094111129,22920874.348206334,287773153.7008526,0.07398396942838764,C - Combined signal trigger (identity change + anomaly),1404
0.8780700929691511,21484354.647864193,42498.01797137282,21441856.62989282,289280409.89213586,0.06913381792065695,C - Combined signal trigger (identity change + anomaly),1404
0.9031117313764305,22097065.916376185,76667.00978434893,22020398.906591836,288667698.62362385,0.07110544192191379,C - Combined signal trigger (identity change + anomaly),1404
0.9555480045962902,23380060.860957842,53094.323334817775,23326966.537623025,287384703.67904216,0.07523395033399445,C - Combined signal trigger (identity change + anomaly),1404
0.8462528472230886,20705859.85912223,96161.48415467146,20609698.37496756,290058904.6808778,0.06662872443010534,C - Combined signal trigger (identity change + anomaly),1404
0.8995646365519407,22010276.66824082,54030.31566157551,21956246.352579243,288754487.8717592,0.07082616557517663,C - Combined signal trigger (identity change + anomaly),1404
0.8229240034320645,20135056.73355832,28204.0938295535,20106852.639728766,290629707.8064417,0.06479195530214829,C - Combined signal trigger (identity change + anomaly),1404
0.9169850063625469,22436513.03149338,70788.17519948172,22365724.856293898,288328251.50850666,0.07219773794080014,C - Combined signal trigger (identity change + anomaly),1404
0.6232222854824214,15248815.228953728,62291.22275215003,15186524.006201578,295515949.3110463,0.04906867498805831,C - Combined signal trigger (identity change + anomaly),1404
0.8790262194304755,21507748.862230204,71330.48038016369,21436418.38185004,289257015.67776984,0.06920909741510234,C - Combined signal trigger (identity change + anomaly),1404
0.6868145659456532,16804771.999692433,79396.16575000432,16725375.833942428,293959992.5403076,0.05407553853335715,C - Combined signal trigger (identity change + anomaly),1404
0.9846848915589634,24092973.438043866,64779.121910858645,24028194.316133007,286671791.1019561,0.07752800892246181,C - Combined signal trigger (identity change + anomaly),1404
0.8587058491474978,21010556.160609797,75182.8510738151,20935373.30953598,289754208.37939024,0.06760919691687063,C - Combined signal trigger (identity change + anomaly),1404
0.8604868240386562,21054132.51799512,66037.28546022544,20988095.232534893,289710632.0220049,0.06774941988407164,C - Combined signal trigger (identity change + anomaly),1404
0.7184038116203643,17577688.151339393,62615.52552710924,17515072.625812285,293187076.3886606,0.05656268070596171,C - Combined signal trigger (identity change + anomaly),1404
0.6927723185323167,16950544.496103615,69683.67136224188,16880860.82474137,293814220.04389644,0.054544615188900636,C - Combined signal trigger (identity change + anomaly),1404
0.8570827468363063,20970842.58197567,41886.05785014566,20928956.524125524,289793921.9580244,0.0674814038619118,C - Combined signal trigger (identity change + anomaly),1404
0.8831885865310358,21609592.40715798,67759.27044937732,21541833.136708602,289155172.13284206,0.06953681650216978,C - Combined signal trigger (identity change + anomaly),1404
0.891726037908561,21818484.196836654,70013.85069029916,21748470.346146356,288946280.3431634,0.07020900271346012,C - Combined signal trigger (identity change + anomaly),1404
0.7295412224876453,17850194.966965612,76434.35176001315,17773760.615205597,292914569.5730344,0.057439571675340396,C - Combined signal trigger (identity change + anomaly),1404
0.8454031118749682,20685068.790479735,57144.20252288127,20627924.587956853,290079695.7495203,0.06656182151505552,C - Combined signal trigger (identity change + anomaly),1404
0.9533443734259461,23326143.07699521,53608.371325027256,23272534.70567018,287438621.4630048,0.07506045002084781,C - Combined signal trigger (identity change + anomaly),1404
0.8968420869055983,21943662.14325381,51676.44403800658,21891985.699215803,288821102.3967462,0.07061180882502957,C - Combined signal trigger (identity change + anomaly),1404
0.8286663210596124,20275558.032257322,86251.52944071052,20189306.50281661,290489206.5077427,0.0652440699391052,C - Combined signal trigger (identity change + anomaly),1404
0.910714650253393,22283091.846218828,49225.35015437748,22233866.49606445,288481672.6937812,0.07170404881390813,C - Combined signal trigger (identity change + anomaly),1404
0.9327940901664857,22823324.93389302,87595.44501698902,22735729.488876034,287941439.606107,0.07344244759432925,C - Combined signal trigger (identity change + anomaly),1404
0.6716581794091981,16433930.09750644,59777.048568204234,16374153.048938235,294330834.44249356,0.05288221823292051,C - Combined signal trigger (identity change + anomaly),1404
0.8597990147982726,21037303.408600777,41141.789324600235,20996161.619276177,289727461.1313993,0.06769526603101417,C - Combined signal trigger (identity change + anomaly),1404
0.8626522807653968,21107116.261165988,53271.19190633015,21053845.06925966,289657648.27883404,0.06791991457721774,C - Combined signal trigger (identity change + anomaly),1404
0.8049405044413696,19695041.895085543,42546.559011751684,19652495.336073793,291069722.6449145,0.06337604562164093,C - Combined signal trigger (identity change + anomaly),1404
0.7761400335321316,18990360.6447001,63495.90545096597,18926864.739249133,291774403.8952999,0.06110847435619027,C - Combined signal trigger (identity change + anomaly),1404
0.9599028958899395,23486615.029873084,60747.97110382122,23425867.058769263,287278149.51012695,0.07557682758738245,C - Combined signal trigger (identity change + anomaly),1404
0.786247212354493,19237660.052854095,65503.501560429286,19172156.551293664,291527104.4871459,0.06190425121499874,C - Combined signal trigger (identity change + anomaly),1404
0.7987562420325519,19543727.224548005,36959.40233239986,19506767.822215606,291221037.31545204,0.06288913498117138,C - Combined signal trigger (identity change + anomaly),1404
0.8013697609064108,19607674.01742305,66387.8897751634,19541286.127647884,291157090.522577,0.06309490732144844,C - Combined signal trigger (identity change + anomaly),1404
0.8235117882262484,20149438.47492041,35522.649020093995,20113915.825900316,290615326.0650796,0.06483823384786237,C - Combined signal trigger (identity change + anomaly),1404
0.9288662453029823,22727219.60844691,40393.431533469964,22686826.17691344,288037544.9315531,0.07313319334026873,C - Combined signal trigger (identity change + anomaly),1404
0.780795239350818,19104262.818989243,60405.77225513807,19043857.046734106,291660501.7210108,0.06147499652113952,C - Combined signal trigger (identity change + anomaly),1404
0.44415306125777504,10867403.368368493,64149.95610584877,10803253.412262645,299897361.1716315,0.034969869844976256,C - Combined signal trigger (identity change + anomaly),1404
0.5157964456931514,12620352.12691023,57646.4924333686,12562705.634476861,298144412.4130898,0.04061062760957188,C - Combined signal trigger (identity change + anomaly),1404
0.7325199082194395,17923076.55256888,44959.89360543549,17878116.65896344,292841687.98743117,0.057674094999473194,C - Combined signal trigger (identity change + anomaly),1404
0.8908708890338578,21797560.671655744,68713.0671945962,21728847.60446115,288967203.8683443,0.07014167357075025,C - Combined signal trigger (identity change + anomaly),1404
0.6701027442294077,16395872.17786886,63707.38945339081,16332164.78841547,294368892.3621312,0.052759752870111726,C - Combined signal trigger (identity change + anomaly),1404
0.7243584097730816,17723383.466010578,65318.56989659199,17658064.896113984,293041381.07398945,0.05703150900085172,C - Combined signal trigger (identity change + anomaly),1404
0.8302943122366565,20315391.230189096,56447.46907536976,20258943.761113726,290449373.30981094,0.06537224791317744,C - Combined signal trigger (identity change + anomaly),1404
0.8230801359925363,20138876.93803643,40955.74475544696,20097921.193280984,290625887.6019636,0.06480424821599831,C - Combined signal trigger (identity change + anomaly),1404
0.7163740496414066,17528024.54639959,68636.60733430767,17459387.93906528,293236739.9936004,0.05640286977947744,C - Combined signal trigger (identity change + anomaly),1404
0.8036506487920474,19663482.095433462,45088.172414378605,19618393.923019085,291101282.44456655,0.0632744903513747,C - Combined signal trigger (identity change + anomaly),1404
0.9825091351894367,24039737.68631453,74779.08444920885,23964958.60186532,286725026.8536855,0.07735670329903267,C - Combined signal trigger (identity change + anomaly),1404
0.9210516053424996,22536013.35088191,62092.14184838032,22473921.20903353,288228751.1891181,0.07251791683732277,C - Combined signal trigger (identity change + anomaly),1404
0.8016057668916446,19613448.54080835,70193.8070718188,19543254.73373653,291151315.99919164,0.06311348897562616,C - Combined signal trigger (identity change + anomaly),1404
0.9186628991066685,22477567.205943044,79009.45931440059,22398557.746628642,288287197.334057,0.07232984485617207,C - Combined signal trigger (identity change + anomaly),1404
0.9198008110844375,22505409.293589797,65748.1204732284,22439661.17311657,288259355.24641025,0.07241943701983955,C - Combined signal trigger (identity change + anomaly),1404
0.7354289084388972,17994253.094038606,67191.79186432336,17927061.30217428,292770511.4459614,0.05790313171660257,C - Combined signal trigger (identity change + anomaly),1404
0.6932671825438312,16962652.679733798,65732.20850552373,16896920.471228275,293802111.8602662,0.05458357772587971,C - Combined signal trigger (identity change + anomaly),1404
0.8757237604657603,21426945.290651944,75615.59800850124,21351329.69264344,289337819.2493481,0.06894908218558343,C - Combined signal trigger (identity change + anomaly),1404
0.7638238259952201,18689011.38709704,80003.08452054606,18609008.302576493,292075753.15290296,0.06013877221492878,C - Combined signal trigger (identity change + anomaly),1404
0.8756453863172435,21425027.65558449,47602.96335045,21377424.692234043,289339736.8844155,0.06894291148901076,C - Combined signal trigger (identity change + anomaly),1404
0.6896871258798438,16875056.931234416,58521.8260443194,16816535.105190095,293889707.6087656,0.05430170616740672,C - Combined signal trigger (identity change + anomaly),1404
0.9255080730205913,22645052.860187043,71157.44821495925,22573895.411972083,288119711.67981297,0.07286879158808975,C - Combined signal trigger (identity change + anomaly),1404
0.8190302510949828,20039785.573783435,78192.74323778837,19961592.830545645,290724978.96621656,0.06448538528313115,C - Combined signal trigger (identity change + anomaly),1404
0.8147815026266682,19935828.475558873,60630.91274080294,19875197.56281807,290828936.06444114,0.0641508650604848,C - Combined signal trigger (identity change + anomaly),1404
0.8810008282558807,21556062.9964155,60099.451013552134,21495963.545401946,289208701.5435845,0.06936456592279115,C - Combined signal trigger (identity change + anomaly),1404
0.6465690274756931,15820056.282341085,56830.11741772247,15763226.164923362,294944708.25765896,0.05090685330995693,C - Combined signal trigger (identity change + anomaly),1404
0.9468470328474894,23167168.10407078,82896.60059920912,23084271.50347157,287597596.43592924,0.07454888953824372,C - Combined signal trigger (identity change + anomaly),1404
0.8632127717858851,21120830.186691448,99567.39388718626,21021262.792804264,289643934.35330856,0.06796404417970263,C - Combined signal trigger (identity change + anomaly),1404
0.7839363270376348,19181118.006728776,74126.9343978001,19106991.072330974,291583646.53327125,0.06172230637254206,C - Combined signal trigger (identity change + anomaly),1404
0.8944532903604118,21885213.788652826,41152.90664595163,21844060.882006876,288879550.7513472,0.0704237297334778,C - Combined signal trigger (identity change + anomaly),1404
0.866104299529336,21191579.216879204,51492.02823100362,21140087.1886482,289573185.32312083,0.06819170522194622,C - Combined signal trigger (identity change + anomaly),1404
0.96653925220131,23648991.397892814,42162.27459634525,23606829.12329647,287115773.1421072,0.07609933331051384,C - Combined signal trigger (identity change + anomaly),1404
0.7757857265079667,18981691.567114677,56009.99750773307,18925681.569606945,291783072.9728854,0.06108057840859707,C - Combined signal trigger (identity change + anomaly),1404
0.8928899022295211,21846961.27860236,67793.91065988048,21779167.367942482,288917803.26139766,0.07030063820440086,C - Combined signal trigger (identity change + anomaly),1404
0.6812651685042923,16668991.014020786,70497.8697082897,16598493.144312495,294095773.5259792,0.05363861324077247,C - Combined signal trigger (identity change + anomaly),1404
0.5959389995077402,14581256.002722634,54893.31487947182,14526362.687843163,296183508.5372774,0.04692055749726353,C - Combined signal trigger (identity change + anomaly),1404
0.9202876545249834,22517321.232304513,60616.508307089316,22456704.723997425,288247443.3076955,0.07245776806657951,C - Combined signal trigger (identity change + anomaly),1404
0.9786875232728598,23946231.636627074,80672.63043460314,23865559.00619247,286818532.90337294,0.07705581317133153,C - Combined signal trigger (identity change + anomaly),1404
0.9550925195438579,23368916.18984148,63828.810915539674,23305087.37892594,287395848.3501586,0.07519808825312804,C - Combined signal trigger (identity change + anomaly),1404
0.9230820014438893,22585692.471338447,77934.47090289406,22507758.000435553,288179072.0686616,0.07267777769069227,C - Combined signal trigger (identity change + anomaly),1404
0.8324126077114324,20367221.046047147,72150.95367154694,20295070.0923756,290397543.4939529,0.06553902942051715,C - Combined signal trigger (identity change + anomaly),1404
0.8870135027980195,21703179.306696247,52486.500845341885,21650692.805850904,289061585.2333038,0.0698379667940209,C - Combined signal trigger (identity change + anomaly),1404
0.8531009707873387,20873417.684522297,55905.397844397325,20817512.2866779,289891346.85547775,0.06716790339927865,C - Combined signal trigger (identity change + anomaly),1404
0.8551610210399413,20923822.373821847,63085.424368158005,20860736.94945369,289840942.16617817,0.0673300990374301,C - Combined signal trigger (identity change + anomaly),1404
0.9533798527555744,23327011.17454973,76825.9020219065,23250185.27252782,287437753.36545026,0.07506324344421357,C - Combined signal trigger (identity change + anomaly),1404
0.8484311932209424,20759158.973097738,47543.83982844623,20711615.13326929,290005605.5669023,0.0668002339448806,C - Combined signal trigger (identity change + anomaly),1404
0.918467977092722,22472797.912796818,36580.080647368864,22436217.83214945,288291966.6272032,0.07231449790024132,C - Combined signal trigger (identity change + anomaly),1404
0.9238282234488889,22603950.806669332,94484.1376452617,22509466.66902407,288160813.73333067,0.07273653060419553,C - Combined signal trigger (identity change + anomaly),1404
0.8095830556656408,19808634.44056884,61143.726970940945,19747490.713597897,290956130.09943116,0.06374157144195533,C - Combined signal trigger (identity change + anomaly),1404
0.6824649111779738,16698345.956517907,80751.46532376314,16617594.491194144,294066418.5834821,0.053733073571693754,C - Combined signal trigger (identity change + anomaly),1404
0.6224844860412265,15230762.974377982,20799.462941228194,15209963.511436755,295534001.56562203,0.04901058521522815,C - Combined signal trigger (identity change + anomaly),1404
0.7084578214808004,17334332.659342173,74448.93504658359,17259883.72429559,293430431.88065785,0.05577959484885871,C - Combined signal trigger (identity change + anomaly),1404
0.738234486195137,18062899.12581882,41105.88316114306,18021793.242657676,292701865.41418123,0.058124025587507865,C - Combined signal trigger (identity change + anomaly),1404
0.6542427933263275,16007815.67460351,45281.729161568815,15962533.945441943,294756948.8653965,0.05151103825524939,C - Combined signal trigger (identity change + anomaly),1404
0.893602371783568,21864393.7691262,74520.66336601748,21789873.105760183,288900370.77087384,0.07035673365830356,C - Combined signal trigger (identity change + anomaly),1404
0.5805470817258063,14204651.19294072,71133.69446897527,14133517.498471744,296560113.3470593,0.04570869292072644,C - Combined signal trigger (identity change + anomaly),1404
0.8519181963139898,20844477.91484179,56201.38308482703,20788276.531756964,289920286.62515825,0.06707477903968999,C - Combined signal trigger (identity change + anomaly),1404
0.5497431463209984,13450949.776520832,68630.33661426947,13382319.439906562,297313814.7634792,0.043283381230272956,C - Combined signal trigger (identity change + anomaly),1404
0.8262467211132547,20216355.989311386,80348.22322675305,20136007.766084634,290548408.5506886,0.06505356557792523,C - Combined signal trigger (identity change + anomaly),1404
0.9492012218663458,23224769.692137845,62519.50998588933,23162250.182151955,287539994.8478622,0.07473424384683892,C - Combined signal trigger (identity change + anomaly),1404
0.9338853013761821,22850024.361208178,70312.49256640658,22779711.86864177,287914740.1787918,0.07352836282784898,C - Combined signal trigger (identity change + anomaly),1404
0.8738808007419921,21381852.30704596,77214.81985205252,21304637.487193905,289382912.2329541,0.06880397891535672,C - Combined signal trigger (identity change + anomaly),1404
0.9436888894021573,23089895.601167385,62278.5787188639,23027617.02244852,287674868.93883264,0.07430023682171784,C - Combined signal trigger (identity change + anomaly),1404
0.6517640620676174,15947166.824511373,60550.19060302312,15886616.63390835,294817597.7154887,0.051315878259611175,C - Combined signal trigger (identity change + anomaly),1404
0.6511716288567563,15932671.347089663,67175.31773826235,15865496.0293514,294832093.1929104,0.05126923372626723,C - Combined signal trigger (identity change + anomaly),1404
0.9142884734953548,22370535.07722497,55910.01407476516,22314625.063150205,288394229.46277505,0.07198542959121594,C - Combined signal trigger (identity change + anomaly),1404
0.953496599632234,23329867.70197535,47396.23063886442,23282471.471336484,287434896.8380247,0.07507243537248719,C - Combined signal trigger (identity change + anomaly),1404
0.7783288196514084,19043915.204423063,58154.1448819023,18985761.05954116,291720849.33557695,0.06128080586166914,C - Combined signal trigger (identity change + anomaly),1404
0.8885261032969678,21740189.160260502,60271.44988511967,21679917.710375383,289024575.3797395,0.06995705961852126,C - Combined signal trigger (identity change + anomaly),1404
0.7679768587987933,18790626.54325669,79497.16237924226,18711129.380877446,291974137.9967433,0.06046575637708135,C - Combined signal trigger (identity change + anomaly),1404
0.8912030817020721,21805688.661838397,57753.61173986802,21747935.05009853,288959075.8781616,0.07016782837048981,C - Combined signal trigger (identity change + anomaly),1404
0.870598352955567,21301538.362952735,56779.40639537686,21244758.95655736,289463226.1770473,0.06854553924246747,C - Combined signal trigger (identity change + anomaly),1404
0.8595120585331336,21030282.249107886,58570.37396462454,20971711.87514326,289734482.2908921,0.06767267286636346,C - Combined signal trigger (identity change + anomaly),1404
0.7946624671686553,19443561.97381379,67266.36869041015,19376295.605123382,291321202.56618625,0.06256681642333076,C - Combined signal trigger (identity change + anomaly),1404
0.6619733158365404,16196963.771723071,71740.71763564734,16125223.054087425,294567800.76827693,0.05211969186950177,C - Combined signal trigger (identity change + anomaly),1404
0.7568737664718508,18518959.42334216,49537.09080295194,18469422.33253921,292245805.11665785,0.05959156743768645,C - Combined signal trigger (identity change + anomaly),1404
0.8489634353568353,20772181.71342066,66586.14349529137,20705595.569925368,289992582.82657933,0.06684213940460092,C - Combined signal trigger (identity change + anomaly),1404
0.6629337195042979,16220462.639488218,69939.46621085807,16150523.17327736,294544301.9005118,0.05219530812477424,C - Combined signal trigger (identity change + anomaly),1404
0.845132386169675,20678444.75543813,69825.64692479173,20608619.10851334,290086319.7845619,0.06654050624447969,C - Combined signal trigger (identity change + anomaly),1404
0.9000423209577243,22021964.506450757,50067.45561985116,21971897.050830904,288742800.03354925,0.07086377549606723,C - Combined signal trigger (identity change + anomaly),1404
0.8908074411719802,21796008.248475473,55689.04749344393,21740319.20098203,288968756.2915245,0.07013667807783275,C - Combined signal trigger (identity change + anomaly),1404
0.8917488755744315,21819042.981968753,62248.21684233442,21756794.76512642,288945721.55803126,0.07021080081027113,C - Combined signal trigger (identity change + anomaly),1404
0.8429807877248565,20625800.092536606,68004.10939390215,20557795.983142704,290138964.4474634,0.06637110266689118,C - Combined signal trigger (identity change + anomaly),1404
0.9629298346228239,23560677.25537805,29767.407474677722,23530909.84790337,287204087.28462195,0.07581515005490734,C - Combined signal trigger (identity change + anomaly),1404
0.5834665230331926,14276083.20380607,44062.08257229062,14232021.12123378,296488681.336194,0.045938551704656105,C - Combined signal trigger (identity change + anomaly),1404
0.6798666695056051,16634772.961608957,37864.66186509848,16596908.29974386,294129991.5783911,0.05352850406394067,C - Combined signal trigger (identity change + anomaly),1404
0.9325255244146217,22816753.74794156,60246.79187851296,22756506.956063047,287948010.79205847,0.0734213023851509,C - Combined signal trigger (identity change + anomaly),1404
0.9942672921744171,24327432.731041964,66665.54992633405,24260767.18111563,286437331.80895805,0.07828246798523603,C - Combined signal trigger (identity change + anomaly),1404
0.7637516524621895,18687245.466822293,57587.48873914195,18629657.978083152,292077519.07317775,0.06013308971653692,C - Combined signal trigger (identity change + anomaly),1404
0.7200664954180348,17618370.197866704,48433.54743411715,17569936.650432587,293146394.34213334,0.05669359016279003,C - Combined signal trigger (identity change + anomaly),1404
0.6485488631568694,15868498.305659585,80170.73197892908,15788327.573680656,294896266.2343404,0.05106273334799857,C - Combined signal trigger (identity change + anomaly),1404
0.9620675415255849,23539578.927511256,77683.26495051332,23461895.662560742,287225185.61248875,0.0757472584202234,C - Combined signal trigger (identity change + anomaly),1404
0.8469432942962516,20722753.51021477,61054.379213142616,20661699.131001625,290042011.0297853,0.0666830859698299,C - Combined signal trigger (identity change + anomaly),1404
0.9586757056373868,23456588.508280613,92603.49223264353,23363985.01604797,287308176.0317194,0.07548020620356206,C - Combined signal trigger (identity change + anomaly),1404
0.7811931689795482,19113999.241328403,60790.05796072465,19053209.183367677,291650765.2986716,0.06150632704329048,C - Combined signal trigger (identity change + anomaly),1404
0.8121163687439152,19870618.782187488,64465.30084238798,19806153.4813451,290894145.75781256,0.06394102887307819,C - Combined signal trigger (identity change + anomaly),1404
0.9401856556329089,23004179.532125104,66666.20887933322,22937513.32324577,287760585.0078749,0.07402441382367249,C - Combined signal trigger (identity change + anomaly),1404
0.8788089607763024,21502433.042896476,63995.21617354307,21438437.82672293,289262331.4971036,0.06919199181002644,C - Combined signal trigger (identity change + anomaly),1404
0.9150832990310841,22389982.629111227,70722.00459616598,22319260.62451506,288374781.9108888,0.07204800924665095,C - Combined signal trigger (identity change + anomaly),1404
0.9371467340482131,22929824.113810055,73950.74249615782,22855873.371313896,287834940.42618996,0.07378514790037803,C - Combined signal trigger (identity change + anomaly),1404
0.8731202380508083,21363243.0881235,74113.99128400807,21289129.09683949,289401521.4518765,0.06874409690476262,C - Combined signal trigger (identity change + anomaly),1404
0.939282237958297,22982074.980481762,38585.346928270046,22943489.633553494,287782689.5595183,0.07395328429366911,C - Combined signal trigger (identity change + anomaly),1404
0.9567938311081021,23410543.368930496,69257.21965138044,23341286.149279118,287354221.1710695,0.07533203902180877,C - Combined signal trigger (identity change + anomaly),1404
0.6280880678411147,15367869.726619167,56319.27823157126,15311550.448387597,295396894.81338084,0.04945177664966935,C - Combined signal trigger (identity change + anomaly),1404
0.8023423006023802,19631469.825872328,61364.66370322147,19570105.162169106,291133294.7141277,0.06317147909265455,C - Combined signal trigger (identity change + anomaly),1404
0.9152239131066888,22393423.131974224,66344.7584025251,22327078.373571698,288371341.4080258,0.07205908033081357,C - Combined signal trigger (identity change + anomaly),1404
0.5708585729122916,13967595.676501647,73894.51790196358,13893701.158599682,296797168.8634984,0.044945879553548326,C - Combined signal trigger (identity change + anomaly),1404
0.9659300129747603,23634084.71593953,64577.78867030354,23569506.927269224,287130679.8240605,0.07605136557525483,C - Combined signal trigger (identity change + anomaly),1404
0.8300898198972205,20310387.77320042,39765.9796626803,20270621.79353774,290454376.7667996,0.06535614744890479,C - Combined signal trigger (identity change + anomaly),1404
0.8959321015167379,21921396.894755773,60656.22389160724,21860740.670864165,288843367.64524424,0.0705401621937553,C - Combined signal trigger (identity change + anomaly),1404
0.9015731989244988,22059421.56759444,65481.493852851745,21993940.07374159,288705342.97240555,0.07098430737553924,C - Combined signal trigger (identity change + anomaly),1404
0.6752629622294473,16522130.838152187,58111.27193286389,16464019.566219322,294242633.70184785,0.05316603657627841,C - Combined signal trigger (identity change + anomaly),1404
0.740004054843387,18106196.39868708,60560.51152710269,18045635.887159977,292658568.14131296,0.058263350497564356,C - Combined signal trigger (identity change + anomaly),1404
0.9217867309587331,22554000.18311359,73633.19570055169,22480366.987413038,288210764.35688645,0.07257579608968363,C - Combined signal trigger (identity change + anomaly),1404
0.855317593062186,20927653.330918293,74783.40167645703,20852869.929241836,289837111.2090817,0.06734242655178688,C - Combined signal trigger (identity change + anomaly),1404
0.7602787803247658,18602272.27704561,58420.88856644036,18543851.38847917,292162492.2629544,0.0598596572059289,C - Combined signal trigger (identity change + anomaly),1404
0.8511565657127221,20825842.56661695,81025.26259601321,20744817.304020934,289938921.97338307,0.06701481294844916,C - Combined signal trigger (identity change + anomaly),1404
0.7701741055657444,18844388.115559448,41751.042926556736,18802637.07263289,291920376.42444056,0.0606387540217221,C - Combined signal trigger (identity change + anomaly),1404
0.9537163100479675,23335243.51027271,53979.20157426085,23281264.30869845,287429521.02972734,0.0750897340141312,C - Combined signal trigger (identity change + anomaly),1404
0.9012907511431327,22052510.720325,59988.32067410672,21992522.399650894,288712253.819675,0.07096206918106546,C - Combined signal trigger (identity change + anomaly),1404
0.5505459046202651,13470591.424876764,70760.91064660165,13399830.514230162,297294173.1151233,0.04334658546253206,C - Combined signal trigger (identity change + anomaly),1404
0.8563731217251869,20953479.68842492,80179.87431905566,20873299.814105865,289811284.8515751,0.06742553236188363,C - Combined signal trigger (identity change + anomaly),1404
0.35223072696080476,8618275.370605083,62312.66408572132,8555962.706519362,302146489.1693949,0.027732472770399245,C - Combined signal trigger (identity change + anomaly),1404
0.8223567754243248,20121177.9694573,42896.985229566584,20078280.98422773,290643586.5705427,0.06474729527088134,C - Combined signal trigger (identity change + anomaly),1404
0.8799093632573919,21529357.359472588,49619.792136620665,21479737.567335967,289235407.18052745,0.0692786307075088,C - Combined signal trigger (identity change + anomaly),1404
0.9512554294785217,23275031.42547065,66894.16092047302,23208137.264550176,287489733.1145294,0.0748959794715556,C - Combined signal trigger (identity change + anomaly),1404
0.9456152091790009,23137028.21345231,63641.40177068219,23073386.81168163,287627736.32654774,0.07445190334785921,C - Combined signal trigger (identity change + anomaly),1404
0.9430893485409397,23075226.215896867,37277.879565352996,23037948.336331513,287689538.3241032,0.07425303267586743,C - Combined signal trigger (identity change + anomaly),1404
0.7904892789982029,19341453.66220612,72408.78817547833,19269044.874030642,291423310.8777939,0.06223824535202925,C - Combined signal trigger (identity change + anomaly),1404
0.9276866229394083,22698356.963639274,77429.11656256464,22620927.84707671,288066407.57636076,0.07304031715834264,C - Combined signal trigger (identity change + anomaly),1404
0.6739596588662119,16490242.003885187,68270.10499894519,16421971.898886243,294274522.5361148,0.05306342251604477,C - Combined signal trigger (identity change + anomaly),1404
0.9792480777808517,23959947.115545657,67987.48667398727,23891959.628871668,286804817.4244544,0.07709994777243048,C - Combined signal trigger (identity change + anomaly),1404
0.8327516580976011,20375516.82880785,46817.20097185636,20328699.627835993,290389247.7111922,0.06556572415462893,C - Combined signal trigger (identity change + anomaly),1404
0.7683904801342748,18800746.905551866,47207.46975605935,18753539.435795806,291964017.6344482,0.060498322367341394,C - Combined signal trigger (identity change + anomaly),1404
0.7593362753056333,18579211.34802574,62141.25366723079,18517070.094358508,292185553.1919743,0.05978545017974301,C - Combined signal trigger (identity change + anomaly),1404
0.58265894594219,14256323.650704881,59012.15729200314,14197311.493412878,296508440.88929516,0.0458749680704869,C - Combined signal trigger (identity change + anomaly),1404
0.837904598325752,20501597.418759942,81783.06535543676,20419814.353404507,290263167.1212401,0.06597143485397002,C - Combined signal trigger (identity change + anomaly),1404
0.628139644991546,15369131.700806038,19682.013950528246,15349449.68685551,295395632.839194,0.049455837516057276,C - Combined signal trigger (identity change + anomaly),1404
0.6263044648038676,15324229.064546678,75738.202157196,15248490.862389483,295440535.4754533,0.049311346758471465,C - Combined signal trigger (identity change + anomaly),1404
0.799591684124777,19564168.570108954,53818.34191397718,19510350.228194978,291200595.9698911,0.06295491253349848,C - Combined signal trigger (identity change + anomaly),1404
0.7481166460963955,18304692.838764463,58101.49349104561,18246591.345273416,292460071.70123553,0.05890208584573422,C - Combined signal trigger (identity change + anomaly),1404
0.9780003119850222,23929417.157755584,59251.71799358626,23870165.439761996,286835347.38224447,0.07700170639736575,C - Combined signal trigger (identity change + anomaly),1404
0.9187571477651524,22479873.253740557,77267.2571339172,22402605.99660664,288284891.2862595,0.0723372654136504,C - Combined signal trigger (identity change + anomaly),1404
0.8936626812526038,21865869.403055385,73937.13347060191,21791932.269584782,288898895.13694465,0.07036148205354512,C - Combined signal trigger (identity change + anomaly),1404
0.8604310411674713,21052767.63949919,58320.696024208584,20994446.943474982,289711996.90050083,0.06774502788519768,C - Combined signal trigger (identity change + anomaly),1404
0.9906435009302814,24238766.898003995,46812.58053497579,24191954.31746902,286525997.641996,0.07799715303593921,C - Combined signal trigger (identity change + anomaly),1404
0.7883610791506166,19289381.509136353,62527.18800098313,19226854.32113537,291475383.03086364,0.062070684035523994,C - Combined signal trigger (identity change + anomaly),1404
0.7792911423906954,19067461.027452562,67059.68503573482,19000401.342416827,291697303.51254743,0.06135657321278551,C - Combined signal trigger (identity change + anomaly),1404
0.8043224333505112,19679919.117735624,78791.82518648014,19601127.292549144,291084845.4222644,0.06332738251991411,C - Combined signal trigger (identity change + anomaly),1404
0.7083556032346539,17331831.614073377,56511.91790401368,17275319.696169365,293432932.9259266,0.055771546815252,C - Combined signal trigger (identity change + anomaly),1404
0.6935319306690088,16969130.45714498,24326.751066662335,16944803.706078317,293795634.08285505,0.05460442235870277,C - Combined signal trigger (identity change + anomaly),1404
0.5986103400656184,14646617.559152156,49918.14285231044,14596699.416299846,296118146.98084784,0.04713088235994953,C - Combined signal trigger (identity change + anomaly),1404
0.8740765060427612,21386640.76541831,65727.71333126817,21320913.052087042,289378123.77458173,0.06881938754245587,C - Combined signal trigger (identity change + anomaly),1404
0.9010114481009862,22045676.817587905,84710.35180736355,21960966.46578054,288719087.7224121,0.07094007858394223,C - Combined signal trigger (identity change + anomaly),1404
0.655809985656598,16046161.264658958,62065.558994114814,15984095.705664843,294718603.27534103,0.0516344293034984,C - Combined signal trigger (identity change + anomaly),1404
0.7683141026370052,18798878.123945937,61333.85495967128,18737544.268986266,291965886.41605407,0.06049230887476062,C - Combined signal trigger (identity change + anomaly),1404
0.6233475147499217,15251879.30096439,61725.625959155215,15190153.675005235,295512885.2390356,0.04907853476741649,C - Combined signal trigger (identity change + anomaly),1404
0.9765833053720815,23894746.266610842,47243.72466893728,23847502.541941904,286870018.27338916,0.07689014004525353,C - Combined signal trigger (identity change + anomaly),1404
0.8179378808387826,20013057.78726741,43982.73648355922,19969075.05078385,290751706.75273263,0.06439937879344565,C - Combined signal trigger (identity change + anomaly),1404
0.8612930951985617,21073860.11796744,54875.117189825236,21018985.000777617,289690904.4220326,0.06781290069728907,C - Combined signal trigger (identity change + anomaly),1404
0.9461390135089953,23149844.50008113,74179.85770247928,23075664.64237865,287614920.0399189,0.07449314446683804,C - Combined signal trigger (identity change + anomaly),1404
0.811829890314918,19863609.31424544,51834.25289681905,19811775.06134862,290901155.22575456,0.06391847333029514,C - Combined signal trigger (identity change + anomaly),1404
0.62015135057445,15173676.518283984,58454.909306224086,15115221.60897776,295591088.02171606,0.0488268885333392,C - Combined signal trigger (identity change + anomaly),1404
0.8734870519308066,21372218.17969164,86243.03791070313,21285975.141780935,289392546.3603084,0.06877297756496689,C - Combined signal trigger (identity change + anomaly),1404
0.6726370933985721,16457881.87024744,76179.69464125717,16381702.175606184,294306882.6697526,0.05295929187663445,C - Combined signal trigger (identity change + anomaly),1404
0.8610026984132765,21066754.776863556,60153.00757118864,21006601.76929237,289698009.76313645,0.0677900366473238,C - Combined signal trigger (identity change + anomaly),1404
0.9339199152667914,22850871.283461366,56584.993657286046,22794286.28980408,287913893.2565386,0.0735310881118896,C - Combined signal trigger (identity change + anomaly),1404
0.9109543908736167,22288957.74752856,35626.07185692626,22253331.675671633,288475806.79247147,0.07172292451018733,C - Combined signal trigger (identity change + anomaly),1404
0.8430253179078135,20626889.64364516,47319.46887128007,20579570.17477388,290137874.89635485,0.06637460869856812,C - Combined signal trigger (identity change + anomaly),1404
0.8310219180414855,20333194.069939543,53084.768312686596,20280109.301626857,290431570.47006047,0.0654295351020156,C - Combined signal trigger (identity change + anomaly),1404
0.7164755952962741,17530509.13490749,68878.1377443683,17461630.997163124,293234255.40509254,0.05641086485739941,C - Combined signal trigger (identity change + anomaly),1404
0.8527571301996014,20865004.69655194,68997.64366187018,20796007.05289007,289899759.8434481,0.06714083151427004,C - Combined signal trigger (identity change + anomaly),1404
0.8379855158948356,20503577.285476,85695.9740507557,20417881.311425243,290261187.254524,0.06597780580377505,C - Combined signal trigger (identity change + anomaly),1404
0.8208938734401302,20085384.124187812,39743.16095957966,20045640.963228233,290679380.4158122,0.06463211540059435,C - Combined signal trigger (identity change + anomaly),1404
0.8351009178884973,20432997.810009375,67983.07672106563,20365014.73328831,290331766.72999066,0.06575069036624757,C - Combined signal trigger (identity change + anomaly),1404
0.557987672210753,13652674.3535646,64192.81827607741,13588481.535288522,297112090.1864354,0.04393250429717652,C - Combined signal trigger (identity change + anomaly),1404
0.9174555334169412,22448025.745784603,55942.81140590262,22392082.934378702,288316738.79421544,0.0722347843360318,C - Combined signal trigger (identity change + anomaly),1404
0.6762117394280122,16545345.23296986,80402.30407371983,16464942.92889614,294219419.30703014,0.05324073743514841,C - Combined signal trigger (identity change + anomaly),1404
0.7071009362059627,17301132.798995603,66718.55707828567,17234414.241917316,293463631.7410044,0.05567276207971992,C - Combined signal trigger (identity change + anomaly),1404
0.9566634100091627,23407352.264751438,67995.88792139698,23339356.37683004,287357412.2752486,0.0753217704696974,C - Combined signal trigger (identity change + anomaly),1404
0.8371882480568713,20484069.976074036,71998.56569646522,20412071.41037757,290280694.563926,0.06591503385654082,C - Combined signal trigger (identity change + anomaly),1404
0.9064121650446503,22177819.933609605,63973.478384951006,22113846.455224656,288586944.6063904,0.0713652976920908,C - Combined signal trigger (identity change + anomaly),1404
0.8366980409744262,20472075.736782122,72294.0340038287,20399781.702778295,290292688.8032179,0.06587643797740482,C - Combined signal trigger (identity change + anomaly),1404
0.9470225949005908,23171463.70352433,47599.51957076299,23123864.183953565,287593300.8364757,0.07456271221038581,C - Combined signal trigger (identity change + anomaly),1404
0.9295575689120359,22744134.706355695,39573.468440317694,22704561.237915378,288020629.83364433,0.0731876238930176,C - Combined signal trigger (identity change + anomaly),1404
0.8386762721659341,20520478.501930524,45245.05200822132,20475233.4499223,290244286.0380695,0.06603219168783607,C - Combined signal trigger (identity change + anomaly),1404
0.9234459220376696,22594596.770850573,75127.79680623498,22519468.974044338,288170167.7691494,0.07270643055140286,C - Combined signal trigger (identity change + anomaly),1404
0.925944266961253,22655725.522189155,74161.14751942336,22581564.37466973,288109039.0178109,0.07290313480591853,C - Combined signal trigger (identity change + anomaly),1404
0.8882350894449357,21733068.720953252,70553.37715820085,21662515.34379505,289031695.8190468,0.06993414698453011,C - Combined signal trigger (identity change + anomaly),1404
0.7162273099180103,17524434.16303086,63675.221584740066,17460758.941446118,293240330.37696916,0.056391316399627425,C - Combined signal trigger (identity change + anomaly),1404
0.9009392407044864,22043910.068751995,54208.64984090385,21989701.418911092,288720854.47124803,0.07093439341934989,C - Combined signal trigger (identity change + anomaly),1404
0.8768573431948512,21454681.45154558,73171.16914794578,21381510.282397635,289310083.0884544,0.06903833349093876,C - Combined signal trigger (identity change + anomaly),1404
0.5941587567558896,14537697.559101446,54164.53447940428,14483533.024622042,296227066.98089856,0.04678039217419139,C - Combined signal trigger (identity change + anomaly),1404
0.7850083219104645,19207347.254499517,63553.50782240003,19143793.746677116,291557417.2855005,0.06180670863033846,C - Combined signal trigger (identity change + anomaly),1404
0.7219649807731274,17664821.76590117,59924.56616697391,17604897.199734196,293099942.7740989,0.05684306517841229,C - Combined signal trigger (identity change + anomaly),1404
0.8242797109945909,20168227.777994666,45077.184015226514,20123150.59397944,290596536.7620053,0.06489869534549088,C - Combined signal trigger (identity change + anomaly),1404
0.770845133944382,18860806.63588131,59407.76259954961,18801398.87328176,291903957.9041187,0.06069158665333065,C - Combined signal trigger (identity change + anomaly),1404
0.9411010840417373,23026577.95879682,39610.73241662669,22986967.226380195,287738186.5812032,0.07409648900473387,C - Combined signal trigger (identity change + anomaly),1404
0.6747881431354303,16510513.107527811,62905.79333188188,16447607.31419593,294254251.4324722,0.053128652252345886,C - Combined signal trigger (identity change + anomaly),1404
0.7583338501176441,18554684.310356244,48256.284068228306,18506428.026288018,292210080.22964376,0.05970652540940812,C - Combined signal trigger (identity change + anomaly),1404
0.717889783369058,17565111.062860336,55014.60608428986,17510096.456776045,293199653.4771397,0.05652220929506133,C - Combined signal trigger (identity change + anomaly),1404
0.7445522007985864,18217479.06447215,32674.877494234595,18184804.186977915,292547285.4755279,0.05862144342984962,C - Combined signal trigger (identity change + anomaly),1404
0.8397146498188176,20545885.213685766,71441.64397057392,20474443.56971519,290218879.3263143,0.06611394713328643,C - Combined signal trigger (identity change + anomaly),1404
0.8611428610786133,21070184.234756038,26757.30343141189,21043426.931324627,289694580.30524397,0.06780107219022893,C - Combined signal trigger (identity change + anomaly),1404
0.8099045330745235,19816500.25301253,81248.73989707453,19735251.513115454,290948264.2869875,0.06376688258833106,C - Combined signal trigger (identity change + anomaly),1404
0.8037584839955233,19666120.57472293,68450.25972724998,19597670.31499568,291098643.9652771,0.06328298062952246,C - Combined signal trigger (identity change + anomaly),1404
0.8743588680926143,21393549.515034903,63392.33059264714,21330157.184442256,289371215.0249651,0.06884161898695963,C - Combined signal trigger (identity change + anomaly),1404
0.8626363748830249,21106727.080825374,41902.008482146324,21064825.072343227,289658037.45917463,0.06791866224624261,C - Combined signal trigger (identity change + anomaly),1404
0.8467207509129648,20717308.385720324,51754.05646731783,20665554.329253007,290047456.1542797,0.06666556427781149,C - Combined signal trigger (identity change + anomaly),1404
0.9153204627818149,22395785.4803541,102967.84693640168,22292817.6334177,288368979.0596459,0.07206668205613584,C - Combined signal trigger (identity change + anomaly),1404
0.8856128162724485,21668907.730535287,70952.92882738958,21597954.801707897,289095856.80946475,0.06972768538482804,C - Combined signal trigger (identity change + anomaly),1404
0.832624141607899,20372396.793733034,95420.6039956482,20276976.189737387,290392367.74626696,0.06555568429351587,C - Combined signal trigger (identity change + anomaly),1404
0.9077286357397855,22210030.942188848,77338.1602179996,22132692.781970847,288554733.59781116,0.0714689484667432,C - Combined signal trigger (identity change + anomaly),1404
0.69189592037355,16929101.049838394,55333.84853311953,16873767.201305274,293835663.49016166,0.05447561300875656,C - Combined signal trigger (identity change + anomaly),1404
0.7286462329524809,17828296.63250056,81661.48151877406,17746635.150981784,292936467.90749943,0.057369105725001826,C - Combined signal trigger (identity change + anomaly),1404
0.45713822369316803,11185120.413005281,45237.58361009038,11139882.829395192,299579644.1269947,0.03599224136482047,C - Combined signal trigger (identity change + anomaly),1404
0.8107601541529388,19837435.331931688,46076.808022025245,19791358.523909662,290927329.2080683,0.06383424890944583,C - Combined signal trigger (identity change + anomaly),1404
0.6713309724173576,16425924.09535211,52580.61619883627,16373343.479153274,294338840.4446479,0.052856455974557084,C - Combined signal trigger (identity change + anomaly),1404
0.88020242167743,21536527.824654188,54174.522308070984,21482353.302346118,289228236.71534586,0.06930170431816159,C - Combined signal trigger (identity change + anomaly),1404
0.7717274714682303,18882395.404742997,68985.28188694906,18813410.122856047,291882369.135257,0.06076105646241163,C - Combined signal trigger (identity change + anomaly),1404
0.9598088092523727,23484312.946354587,80772.93727182456,23403540.00908276,287280451.59364545,0.0755694197864308,C - Combined signal trigger (identity change + anomaly),1404
0.9286221390241307,22721246.88951637,72791.42913950329,22648455.460376866,288043517.65048367,0.07311397391898272,C - Combined signal trigger (identity change + anomaly),1404
0.8055285673980092,19709430.44244284,64841.356273330755,19644589.08616951,291055334.0975572,0.0634223460681494,C - Combined signal trigger (identity change + anomaly),1404
0.4957221383628772,12129180.019527018,73306.60384680165,12055873.415680217,298635584.520473,0.03903010058904478,C - Combined signal trigger (identity change + anomaly),1404
0.8802475334306022,21537631.605447657,71181.0643187525,21466450.541128904,289227132.9345524,0.06930525613908667,C - Combined signal trigger (identity change + anomaly),1404
0.7949199972548476,19449863.142420437,78323.4754302107,19371539.666990228,291314901.3975796,0.06258709275232827,C - Combined signal trigger (identity change + anomaly),1404
0.7678930386148354,18788575.656233866,80252.73180631713,18708322.92442755,291976188.8837662,0.06045915689330184,C - Combined signal trigger (identity change + anomaly),1404
0.6560747683814896,16052639.888645526,57170.712473959,15995469.176171567,294712124.6513545,0.05165527666048933,C - Combined signal trigger (identity change + anomaly),1404
0.7487118160133542,18319255.277086947,58861.61345052504,18260393.663636424,292445509.26291305,0.05894894585041988,C - Combined signal trigger (identity change + anomaly),1404
0.7827678097656041,19152527.07795728,59143.626639051596,19093383.451318227,291612237.46204275,0.06163030453696132,C - Combined signal trigger (identity change + anomaly),1404
0.7401314980207253,18109314.639977053,54893.38684470513,18054421.253132347,292655449.900023,0.05827338458651452,C - Combined signal trigger (identity change + anomaly),1404
0.7957800749435284,19470907.26433769,36382.02451269764,19434525.23982499,291293857.2756623,0.06265480995942027,C - Combined signal trigger (identity change + anomaly),1404
0.9195432689819815,22499107.83097283,45187.86674092171,22453919.96423191,288265656.7090272,0.07239915974475564,C - Combined signal trigger (identity change + anomaly),1404
0.7674573446594148,18777915.227720086,78781.14145681805,18699134.08626327,291986849.31227994,0.06042485304122402,C - Combined signal trigger (identity change + anomaly),1404
0.9319793829983111,22803390.92421045,58274.07369307467,22745116.850517377,287961373.6157896,0.07337830258190457,C - Combined signal trigger (identity change + anomaly),1404
0.7474982784676935,18289562.805815876,68673.996904305,18220888.80891157,292475201.73418415,0.05885339939644843,C - Combined signal trigger (identity change + anomaly),1404
0.9211194328456395,22537672.933805875,52808.10829671882,22484864.825509157,288227091.60619414,0.07252325715615338,C - Combined signal trigger (identity change + anomaly),1404
0.6134941266440125,15010789.567644164,84220.21899957328,14926569.34864459,295753974.97235584,0.048302739822719036,C - Combined signal trigger (identity change + anomaly),1404
0.7708955653356139,18862040.575977076,65702.92315073115,18796337.652826346,291902723.96402293,0.06069555730971312,C - Combined signal trigger (identity change + anomaly),1404
0.8818205670696789,21576120.11888816,62013.20146983086,21514106.917418327,289188644.4211119,0.06942910709592687,C - Combined signal trigger (identity change + anomaly),1404
0.8360006058348013,20455011.1037835,73257.05144149208,20381754.05234201,290309753.43621653,0.06582152624047131,C - Combined signal trigger (identity change + anomaly),1404
0.8744579683713408,21395974.27081569,42738.95453070009,21353235.316284988,289368790.26918435,0.068849421531062,C - Combined signal trigger (identity change + anomaly),1404
0.8898943318598665,21773666.56476389,86747.17845945655,21686919.38630443,288991097.9752361,0.07006478548812858,C - Combined signal trigger (identity change + anomaly),1404
0.7444157072931313,18214139.38247887,48091.52652431719,18166047.855954554,292550625.1575211,0.058610696773940214,C - Combined signal trigger (identity change + anomaly),1404
0.9331081084392188,22831008.23843935,54879.33270583707,22776128.905733515,287933756.30156064,0.07346717145437723,C - Combined signal trigger (identity change + anomaly),1404
0.6522280485288819,15958519.50553927,67783.34543259883,15890736.160106672,294806245.0344607,0.05135240968892139,C - Combined signal trigger (identity change + anomaly),1404
0.7760040865957314,18987034.335993882,92735.41641625641,18894298.919577625,291777730.20400614,0.06109777073375373,C - Combined signal trigger (identity change + anomaly),1404
0.6534535533906957,15988504.789498614,52914.17325756687,15935590.616241047,294776259.7505014,0.051448898375480584,C - Combined signal trigger (identity change + anomaly),1404
0.46457402099891065,11367057.262563622,64274.23964367727,11302783.022919944,299397707.2774364,0.03657769013610458,C - Combined signal trigger (identity change + anomaly),1404
0.6594986401309199,16136414.151682803,87517.6866711314,16048896.465011671,294628350.3883172,0.05192485118307487,C - Combined signal trigger (identity change + anomaly),1404
0.6122130077792491,14979443.537006024,56593.40474557043,14922850.132260453,295785321.002994,0.04820187243292812,C - Combined signal trigger (identity change + anomaly),1404
0.8585772640616365,21007409.979445912,82031.6405227751,20925378.338923138,289757354.5605541,0.0675990729210935,C - Combined signal trigger (identity change + anomaly),1404
0.9691837045105494,23713695.060750693,84939.45323284989,23628755.607517842,287051069.47924936,0.0763075411585099,C - Combined signal trigger (identity change + anomaly),1404
0.7945802473296776,19441550.243550077,63358.19236814243,19378192.051181935,291323214.29644996,0.06256034294083447,C - Combined signal trigger (identity change + anomaly),1404
0.7751375991631101,18965833.38239187,67293.84365391152,18898539.53873796,291798931.15760815,0.061029548862997586,C - Combined signal trigger (identity change + anomaly),1404
0.7564896859156893,18509561.855940655,64627.14550861419,18444934.71043204,292255202.6840594,0.05956132730600544,C - Combined signal trigger (identity change + anomaly),1404
0.8489675672341106,20772282.810949724,49093.64229310403,20723189.16865662,289992481.7290503,0.06684246472310738,C - Combined signal trigger (identity change + anomaly),1404
0.9012305138585569,22051036.852583446,59124.57634420315,21991912.276239242,288713727.68741655,0.07095732646918261,C - Combined signal trigger (identity change + anomaly),1404
0.8894757662080387,21763425.226425085,70649.59494910992,21692775.631475974,289001339.3135749,0.07003183021292561,C - Combined signal trigger (identity change + anomaly),1404
0.8307408200365983,20326316.248594575,66470.4100578349,20259845.83853674,290438448.29140544,0.06540740318060827,C - Combined signal trigger (identity change + anomaly),1404
0.9510228329291674,23269340.32313587,65072.61198299445,23204267.711152878,287495424.21686417,0.07487766625530921,C - Combined signal trigger (identity change + anomaly),1404
0.8088144342859902,19789828.044083443,72463.75832753262,19717364.28575591,290974936.4959166,0.06368105493998565,C - Combined signal trigger (identity change + anomaly),1404
0.7342390536028879,17965140.08417642,20582.789355480425,17944557.294820942,292799624.4558236,0.05780944989297215,C - Combined signal trigger (identity change + anomaly),1404
0.8534152406641556,20881107.145241596,41134.6433196875,20839972.501921907,289883657.3947584,0.0671926470690788,C - Combined signal trigger (identity change + anomaly),1404
0.9328855720731902,22825563.285641067,80525.46213162549,22745037.82350944,287939201.25435895,0.0734496503148544,C - Combined signal trigger (identity change + anomaly),1404
0.8918554939183302,21821651.68750448,77298.04621196674,21744353.641292516,288943112.85249555,0.07021919528040867,C - Combined signal trigger (identity change + anomaly),1404
0.9307185137225027,22772540.35441771,73364.88033329503,22699175.47408442,287992224.1855823,0.07327902951972713,C - Combined signal trigger (identity change + anomaly),1404
0.8057624670889127,19715153.429652676,55406.2272764256,19659747.20237625,291049611.11034733,0.06344076188571579,C - Combined signal trigger (identity change + anomaly),1404
0.7610684579506576,18621593.871424,69737.95685366979,18551855.91457033,292143170.668576,0.059921831546726485,C - Combined signal trigger (identity change + anomaly),1404
0.6400517806554789,15660594.2494871,50589.14722445731,15610005.102262642,295104170.2905129,0.050393725532777864,C - Combined signal trigger (identity change + anomaly),1404
0.8289234249644696,20281848.773187384,54593.06374728763,20227255.709440097,290482915.7668126,0.06526431271321563,C - Combined signal trigger (identity change + anomaly),1404
0.9746883705534346,23848381.572033063,76370.9867691744,23772010.58526389,286916382.967967,0.07674094457695001,C - Combined signal trigger (identity change + anomaly),1404
0.9263721402346428,22666194.596609812,84312.95182426172,22581881.64478555,288098569.9433902,0.0729368229057781,C - Combined signal trigger (identity change + anomaly),1404
0.8262863294128203,20217325.1132591,58112.69270517429,20159212.420553926,290547439.42674094,0.06505668409089162,C - Combined signal trigger (identity change + anomaly),1404
0.9724933720817693,23794675.010342397,55977.84161469192,23738697.168727703,286970089.5296576,0.07656812394919911,C - Combined signal trigger (identity change + anomaly),1404
0.6030293952736782,14754741.67140544,94136.10413797725,14660605.567267463,296010022.8685946,0.04747881148381057,C - Combined signal trigger (identity change + anomaly),1404
0.7998087891732286,19569480.631064136,59190.00213454691,19510290.62892959,291195283.9089359,0.06297200604460823,C - Combined signal trigger (identity change + anomaly),1404
0.8363210254798948,20462851.035181295,79262.35649129313,20383588.67869,290301913.50481874,0.06584675410505693,C - Combined signal trigger (identity change + anomaly),1404
0.771316201167145,18872332.566849533,73330.87696212549,18799001.68988741,291892431.9731505,0.06072867557808467,C - Combined signal trigger (identity change + anomaly),1404
0.8744075417826256,21394740.448226452,58584.6514009077,21336155.796825543,289370024.09177357,0.06884545125280003,C - Combined signal trigger (identity change + anomaly),1404
0.8978020922898898,21967151.265939035,55450.50308646216,21911700.762852572,288797613.27406096,0.07068739372192093,C - Combined signal trigger (identity change + anomaly),1404
0.785955843491876,19230530.927254744,103136.11940205761,19127394.807852685,291534233.6127453,0.06188131062966597,C - Combined signal trigger (identity change + anomaly),1404
0.7999694324061889,19573411.201318532,89508.16445430677,19483903.036864225,291191353.33868146,0.06298465410096113,C - Combined signal trigger (identity change + anomaly),1404
0.9373327621953316,22934375.794500675,76165.80195582836,22858209.99254485,287830388.7454994,0.07379979460814542,C - Combined signal trigger (identity change + anomaly),1404
0.8530019822376405,20870995.66249373,77682.958258193,20793312.70423554,289893768.8775063,0.06716010965203015,C - Combined signal trigger (identity change + anomaly),1404
0.5573901124332091,13638053.440852907,44867.787181269465,13593185.653671637,297126711.09914714,0.04388545612962337,C - Combined signal trigger (identity change + anomaly),1404
0.8480635036040113,20750162.45426201,59848.13623189914,20690314.31803011,290014602.085738,0.06677128433455704,C - Combined signal trigger (identity change + anomaly),1404
0.7460172346167576,18253325.07081348,75626.58358114037,18177698.48723234,292511439.46918654,0.05873679114758201,C - Combined signal trigger (identity change + anomaly),1404
0.9323454469354322,22812347.666402083,67910.12182623168,22744437.54457585,287952416.8735979,0.07340712419623685,C - Combined signal trigger (identity change + anomaly),1404
0.8646346918817653,21155621.299457308,77044.35562624093,21078576.943831068,289609143.2405427,0.06807599738912572,C - Combined signal trigger (identity change + anomaly),1404
0.9268220140157829,22677201.972829755,60445.15371718338,22616756.819112573,288087562.56717026,0.07297224318978693,C - Combined signal trigger (identity change + anomaly),1404
0.9201272234589736,22513395.85328718,67802.67087271703,22445593.18241446,288251368.68671286,0.07244513671494238,C - Combined signal trigger (identity change + anomaly),1404
0.8134028958809028,19902097.140801977,61486.171800817116,19840610.96900116,290862667.39919806,0.0640423220768334,C - Combined signal trigger (identity change + anomaly),1404
0.6180266409568659,15121689.763111,48884.99449215436,15072804.768618846,295643074.776889,0.04865960201599566,C - Combined signal trigger (identity change + anomaly),1404
0.8242521625077105,20167553.729912527,58529.40010334733,20109024.32980918,290597210.8100875,0.06489652634771811,C - Combined signal trigger (identity change + anomaly),1404
0.9441131106293857,23100275.3184222,53710.20007169396,23046565.118350506,287664489.2215778,0.07433363738201038,C - Combined signal trigger (identity change + anomaly),1404
0.8361655379278448,20459046.612575036,70807.32778823879,20388239.284786798,290305717.92742497,0.06583451197518776,C - Combined signal trigger (identity change + anomaly),1404
0.7285442055893271,17825800.25769935,56776.71721112871,17769023.540488224,292938964.28230065,0.05736107272034345,C - Combined signal trigger (identity change + anomaly),1404
0.9515582769515994,23282441.406254545,61284.737199202056,23221156.669055343,287482323.1337455,0.07491982381180717,C - Combined signal trigger (identity change + anomaly),1404
0.7470605691598251,18278853.066265225,55271.300747655805,18223581.76551757,292485911.4737348,0.05881893686796164,C - Combined signal trigger (identity change + anomaly),1404
0.9046530759496089,22134779.07129386,65060.54403664627,22069718.527257215,288629985.46870613,0.07122679787735327,C - Combined signal trigger (identity change + anomaly),1404
0.8055141567266573,19709077.84647526,55565.40637051119,19653512.44010475,291055686.6935248,0.06342121146085855,C - Combined signal trigger (identity change + anomaly),1404
0.8965468431488585,21936438.207911797,57574.43669091869,21878863.771220878,288828326.33208823,0.07058856315445715,C - Combined signal trigger (identity change + anomaly),1404
0.9415431238361601,23037393.65538858,50186.608316689235,22987207.04707189,287727370.8846114,0.07413129248899557,C - Combined signal trigger (identity change + anomaly),1404
0.6776583806867674,16580741.2157054,74281.03935441782,16506460.176350983,294184023.3242946,0.05335463703630794,C - Combined signal trigger (identity change + anomaly),1404
0.909811533450353,22260994.656210516,63462.53959805973,22197532.116612457,288503769.8837895,0.07163294297267474,C - Combined signal trigger (identity change + anomaly),1404
0.6640638296974405,16248113.835417852,42809.18248254006,16205304.652935311,294516650.70458215,0.05228428602408842,C - Combined signal trigger (identity change + anomaly),1404
0.9698872647885285,23730909.561790287,36427.952789057104,23694481.60900123,287033854.97820973,0.07636293515102086,C - Combined signal trigger (identity change + anomaly),1404
0.6703168415648443,16401110.647007614,68748.65626666926,16332361.990740946,294363653.8929924,0.052776609572468276,C - Combined signal trigger (identity change + anomaly),1404
0.893451836807737,21860710.524663646,49555.35122294211,21811155.173440702,288904054.0153364,0.0703448814637087,C - Combined signal trigger (identity change + anomaly),1404
0.9398987231946855,22997158.95562201,63832.31627508483,22933326.639346924,287767605.584378,0.074001822535006,C - Combined signal trigger (identity change + anomaly),1404
0.9121402256020353,22317972.39460867,52047.01705807521,22265925.377550595,288446792.14539135,0.07181628981536617,C - Combined signal trigger (identity change + anomaly),1404
0.8817543869845659,21574500.844492435,42821.77035940784,21531679.074133027,289190263.6955076,0.06942389648462054,C - Combined signal trigger (identity change + anomaly),1404
0.8687914261957682,21257327.02305963,79445.95005579964,21177881.07300383,289507437.5169404,0.06840327298535641,C - Combined signal trigger (identity change + anomaly),1404
0.7926718418768257,19394855.95355058,43372.33591732293,19351483.617633257,291369908.58644944,0.06241008687796128,C - Combined signal trigger (identity change + anomaly),1404
0.48838670392322475,11949698.81835691,81491.74300555652,11868207.075351354,298815065.7216431,0.03845255377019684,C - Combined signal trigger (identity change + anomaly),1404
0.8080626847797157,19771434.463515695,75665.25848361601,19695769.20503208,290993330.0764843,0.06362186682515875,C - Combined signal trigger (identity change + anomaly),1404
0.9053321350817104,22151394.085673414,60014.77849106531,22091379.30718235,288613370.4543266,0.07128026280090774,C - Combined signal trigger (identity change + anomaly),1404
0.8652824670820811,21171470.86801352,49884.36197073243,21121586.506042786,289593293.6719865,0.06812699920903818,C - Combined signal trigger (identity change + anomaly),1404
0.8491848309898073,20777598.755105995,32423.935053728033,20745174.820052266,289987165.78489405,0.06685957072984576,C - Combined signal trigger (identity change + anomaly),1404
0.8388826484118007,20525528.053774502,62595.09327172606,20462932.960502777,290239236.48622555,0.06604844047926986,C - Combined signal trigger (identity change + anomaly),1404
0.38434611913127265,9404065.116287509,70400.4846386655,9333664.631648844,301360699.4237125,0.03026104046965423,C - Combined signal trigger (identity change + anomaly),1404
0.8823569955699213,21589245.289913468,75068.66637047575,21514176.62354299,289175519.25008655,0.06947134216412947,C - Combined signal trigger (identity change + anomaly),1404
0.7439109346752221,18201788.7580509,70168.13073820825,18131620.62731269,292562975.7819491,0.058570954094469295,C - Combined signal trigger (identity change + anomaly),1404
0.688926429251768,16856444.435184408,70077.48725099702,16786366.94793341,293908320.1048156,0.05424181361144865,C - Combined signal trigger (identity change + anomaly),1404
0.9407826036085858,23018785.47545293,44230.91357927956,22974554.561873652,287745979.06454706,0.0740714138217239,C - Combined signal trigger (identity change + anomaly),1404
0.7254261219405559,17749507.925836205,53165.11496006583,17696342.81087614,293015256.6141638,0.057115574064869834,C - Combined signal trigger (identity change + anomaly),1404
0.7185840167974702,17582097.357353043,86753.50817099374,17495343.84918205,293182667.182647,0.0565768689490213,C - Combined signal trigger (identity change + anomaly),1404
0.5632849980319462,13782287.726732751,67797.63717564764,13714490.089557104,296982476.8132673,0.04434958302667794,C - Combined signal trigger (identity change + anomaly),1404
0.7705484696824693,18853547.944046434,66119.22255597182,18787428.72149046,291911216.5959536,0.060668229140951095,C - Combined signal trigger (identity change + anomaly),1404
0.6602369190963865,16154478.139114043,55078.85766623007,16099399.281447813,294610286.400886,0.05198297871068559,C - Combined signal trigger (identity change + anomaly),1404
0.7364428739407283,18019062.496632393,53117.75793257747,17965944.738699816,292745702.0433676,0.057982965099999534,C - Combined signal trigger (identity change + anomaly),1404
0.884658581025859,21645559.789841972,70147.32987008581,21575412.459971886,289119204.7501581,0.06965255479295455,C - Combined signal trigger (identity change + anomaly),1404
0.9095023244209783,22253429.022782613,68059.15322410998,22185369.869558502,288511335.5172174,0.07160859776275655,C - Combined signal trigger (identity change + anomaly),1404
0.7186661882355215,17584107.90335746,86716.98478653078,17497390.918570932,293180656.6366426,0.056583338620727466,C - Combined signal trigger (identity change + anomaly),1404
0.8876148490085775,21717892.864710834,38892.12400812783,21679000.740702707,289046871.6752892,0.06988531308193217,C - Combined signal trigger (identity change + anomaly),1404
0.586031360767154,14338838.881207997,74277.090714558,14264561.79049344,296425925.658792,0.04614049119253472,C - Combined signal trigger (identity change + anomaly),1404
0.9633492305084953,23570938.907628555,68090.98515675699,23502847.9224718,287193825.6323715,0.0758481706975973,C - Combined signal trigger (identity change + anomaly),1404
0.8696549955534996,21278456.578083865,82065.44511750952,21196391.132966354,289486307.96191615,0.0684712651049119,C - Combined signal trigger (identity change + anomaly),1404
0.8276728276759105,20251249.535285763,73038.7884795608,20178210.746806204,290513515.00471425,0.06516584840389499,C - Combined signal trigger (identity change + anomaly),1404
0.6984483183857476,17089423.151473805,69690.6717281019,17019732.479745705,293675341.3885262,0.054991508373769135,C - Combined signal trigger (identity change + anomaly),1404
0.8468277726277094,20719926.960812453,62958.98023460183,20656967.980577853,290044837.5791876,0.06667399050687901,C - Combined signal trigger (identity change + anomaly),1404
0.7809969827057363,19109199.01465246,58562.391466741836,19050636.62318572,291655565.5253476,0.06149088054734347,C - Combined signal trigger (identity change + anomaly),1404
0.952146087213958,23296823.77076426,72898.97779197434,23223924.792972285,287467940.76923573,0.07496610436272809,C - Combined signal trigger (identity change + anomaly),1404
0.8824576359034584,21591707.727291647,75798.12390715156,21515909.603384495,289173056.8127084,0.06947926596263933,C - Combined signal trigger (identity change + anomaly),1404
0.9701961984739159,23738468.458184414,48725.47580665105,23689742.982377764,287026296.0818156,0.07638725868205345,C - Combined signal trigger (identity change + anomaly),1404
0.8825220967348498,21593284.935504977,57802.691028652254,21535482.244476326,289171479.60449505,0.06948434121052229,C - Combined signal trigger (identity change + anomaly),1404
0.7688098903332734,18811008.908016555,50552.88339108493,18760456.02462547,291953755.63198346,0.060531344136974384,C - Combined signal trigger (identity change + anomaly),1404
0.9037452650500859,22112567.027546193,58229.59291721573,22054337.43462898,288652197.51245385,0.07115532245194413,C - Combined signal trigger (identity change + anomaly),1404
0.9173017888632401,22444263.97033713,69554.0064638888,22374709.96387324,288320500.56966287,0.07222267943909137,C - Combined signal trigger (identity change + anomaly),1404
0.7303942040035142,17871065.46186316,73010.94625916347,17798054.515603997,292893699.07813686,0.057506730173596914,C - Combined signal trigger (identity change + anomaly),1404
0.5134351256193411,12562576.058337715,79680.15135617237,12482895.906981543,298202188.48166233,0.0404247118457367,C - Combined signal trigger (identity change + anomaly),1404
0.7315380689752293,17899053.205573343,85059.23344039336,17813993.97213295,292865711.3344267,0.05759679103925397,C - Combined signal trigger (identity change + anomaly),1404
0.8613077157338292,21074217.848822124,45933.983336059835,21028283.865486063,289690546.6911779,0.06781405182796893,C - Combined signal trigger (identity change + anomaly),1404
0.7884366757482912,19291231.18392612,35278.164374640946,19255953.01955148,291473533.3560739,0.062076636044891935,C - Combined signal trigger (identity change + anomaly),1404
0.9361609504531297,22905704.257624995,63235.99938957616,22842468.258235417,287859060.28237504,0.07370753338632344,C - Combined signal trigger (identity change + anomaly),1404
0.6477563627567988,15849107.644492526,43129.936847479556,15805977.707645046,294915656.8955075,0.05100033675938995,C - Combined signal trigger (identity change + anomaly),1404
0.6841400834498856,16739333.567272674,66988.00762335616,16672345.559649318,294025430.97272736,0.05386496629388006,C - Combined signal trigger (identity change + anomaly),1404
0.8192328951885086,20044743.808447685,53935.03072253196,19990808.777725153,290720020.73155236,0.06450134022793189,C - Combined signal trigger (identity change + anomaly),1404
0.825705667562893,20203117.65395236,58189.9831700352,20144927.670782324,290561646.88604766,0.06501096636183128,C - Combined signal trigger (identity change + anomaly),1404
0.6932920244732077,16963260.504581876,74874.55401726358,16888385.95056461,293801504.03541815,0.05458553362602488,C - Combined signal trigger (identity change + anomaly),1404
0.8829196861231973,21603013.0329449,54710.66945030951,21548302.36349459,289161751.5070551,0.06951564494424615,C - Combined signal trigger (identity change + anomaly),1404
0.7579494178638496,18545278.137722954,80318.841344756,18464959.2963782,292219486.40227705,0.05967625758722689,C - Combined signal trigger (identity change + anomaly),1404
0.9182172627923082,22466663.51078437,83141.32064372071,22383522.19014065,288298101.02921563,0.07229475820413539,C - Combined signal trigger (identity change + anomaly),1404
0.8356370258210097,20446115.13747999,44110.071914840286,20402005.06556515,290318649.40252006,0.0657929001949263,C - Combined signal trigger (identity change + anomaly),1404
0.7999184483431855,19572163.738616265,66258.11440156435,19505905.6242147,291192600.80138373,0.06298063993061555,C - Combined signal trigger (identity change + anomaly),1404
0.8018325471724991,19618997.33243675,95495.51492279288,19523501.817513958,291145767.2075633,0.06313134425480046,C - Combined signal trigger (identity change + anomaly),1404
0.783541159670003,19171449.170562457,79876.29740819903,19091572.873154256,291593315.3694376,0.061691193333775804,C - Combined signal trigger (identity change + anomaly),1404
0.7723653725047304,18898003.37523208,66697.21942072858,18831306.155811355,291866761.1647679,0.060811280851628305,C - Combined signal trigger (identity change + anomaly),1404
0.8338177008515133,20401600.4419251,57194.384835157005,20344406.057089943,290363164.0980749,0.0656496577793301,C - Combined signal trigger (identity change + anomaly),1404
0.959741640594263,23482669.483852442,39536.58359014185,23443132.9002623,287282095.0561476,0.07556413134099016,C - Combined signal trigger (identity change + anomaly),1404
0.6892908904745418,16865361.962643966,75147.81407864604,16790214.14856532,293899402.57735604,0.05427050903794836,C - Combined signal trigger (identity change + anomaly),1404
0.662636254373965,16213184.352245983,35839.348187826596,16177345.004058156,294551580.18775403,0.052171887556959846,C - Combined signal trigger (identity change + anomaly),1404
0.853530871499807,20883936.365711868,55786.12023493267,20828150.245476935,289880828.17428815,0.06720175112717387,C - Combined signal trigger (identity change + anomaly),1404
0.726360875027885,17772379.182922818,50750.01689165843,17721629.16603116,292992385.3570772,0.05718917075180591,C - Combined signal trigger (identity change + anomaly),1404
0.8964063129745519,21932999.757920496,56738.152139641534,21876261.605780855,288831764.7820795,0.07057749867616474,C - Combined signal trigger (identity change + anomaly),1404
0.7326508436734704,17926280.241833445,67017.2899441757,17859262.95188927,292838484.2981666,0.05768440404872885,C - Combined signal trigger (identity change + anomaly),1404
0.6112403768279175,14955645.495748023,71656.30707942376,14883989.1886686,295809119.044252,0.0481252934768382,C - Combined signal trigger (identity change + anomaly),1404
0.7620980040271194,18646784.494826544,58514.89127444876,18588269.603552096,292117980.04517347,0.060002891648375495,C - Combined signal trigger (identity change + anomaly),1404
0.9026973236543245,22086926.313009858,59813.863320311466,22027112.44968955,288677838.22699016,0.07107281401642607,C - Combined signal trigger (identity change + anomaly),1404
0.7251781691987186,17743441.092807498,58341.32688840549,17685099.765919093,293021323.44719255,0.05709605179683636,C - Combined signal trigger (identity change + anomaly),1404
0.7454321748428262,18239010.004426423,72525.7258677981,18166484.278558627,292525754.5355736,0.05869072715313835,C - Combined signal trigger (identity change + anomaly),1404
0.8563418748089839,20952715.148287714,51405.246769210986,20901309.9015185,289812049.3917123,0.0674230721726201,C - Combined signal trigger (identity change + anomaly),1404
0.6547167540881559,16019412.403814342,79476.61107181759,15939935.792742524,294745352.1361857,0.05154835499940472,C - Combined signal trigger (identity change + anomaly),1404
0.8623178975506611,21098934.67335062,57741.160299993404,21041193.513050627,289665829.8666494,0.06789358730736951,C - Combined signal trigger (identity change + anomaly),1404
0.980655645210353,23994387.05159214,39106.42715583842,23955280.624436304,286770377.48840785,0.07721077094151614,C - Combined signal trigger (identity change + anomaly),1404
0.7815636802006592,19123064.79832562,76513.7933952613,19046551.00493036,291641699.7416744,0.06153549880930661,C - Combined signal trigger (identity change + anomaly),1404
0.8672351033321614,21219247.38384171,49986.8181608145,21169260.565680895,289545517.1561583,0.06828073773180446,C - Combined signal trigger (identity change + anomaly),1404
0.8288830259779942,20280860.302950438,70289.66993114984,20210570.633019287,290483904.2370496,0.06526113194644366,C - Combined signal trigger (identity change + anomaly),1404
0.7745748671564159,18952064.62509068,60900.59044136175,18891164.03464932,291812699.91490936,0.06098524281909467,C - Combined signal trigger (identity change + anomaly),1404
0.8123728735124105,19876894.863629445,52954.25707135876,19823940.60655809,290887869.67637056,0.06396122447489054,C - Combined signal trigger (identity change + anomaly),1404
0.9179377389061165,22459824.204501674,42828.68976929532,22416995.51473238,288304940.33549833,0.07227275021911553,C - Combined signal trigger (identity change + anomaly),1404
0.937567457212404,22940118.241511732,29918.89866539923,22910199.342846334,287824646.29848826,0.07381827304478401,C - Combined signal trigger (identity change + anomaly),1404
0.8087109524220294,19787296.08099444,81716.21126022746,19705579.869734213,290977468.4590056,0.0636729074169138,C - Combined signal trigger (identity change + anomaly),1404
0.7925650266486418,19392242.430709444,70491.95205192624,19321750.478657518,291372522.1092906,0.06240167690637069,C - Combined signal trigger (identity change + anomaly),1404
0.877171140979136,21462359.361246947,76332.01581996717,21386027.34542698,289302405.1787531,0.06906303999108761,C - Combined signal trigger (identity change + anomaly),1404
0.7577793186615345,18541116.201657575,73575.51384523042,18467540.687812343,292223648.3383424,0.05966286502622809,C - Combined signal trigger (identity change + anomaly),1404
0.8919731900095108,21824531.440025195,57146.739777047704,21767384.70024815,288940233.0999748,0.07022846194397324,C - Combined signal trigger (identity change + anomaly),1404
0.9354295654008181,22887808.948385075,65611.6949036308,22822197.253481444,287876955.59161496,0.07364994864287155,C - Combined signal trigger (identity change + anomaly),1404
0.5862665499608094,14344593.41958289,83883.8210303123,14260709.598552577,296420171.1204171,0.04615900853758641,C - Combined signal trigger (identity change + anomaly),1404
0.8456423049219554,20690921.29393239,58564.70362595327,20632356.590306435,290073843.24606764,0.06658065409879878,C - Combined signal trigger (identity change + anomaly),1404
0.7404598034931076,18117347.519422524,55682.1341483636,18061665.38527416,292647417.0205775,0.05829923333245379,C - Combined signal trigger (identity change + anomaly),1404
0.939419807069582,22985440.98007462,88235.20679950435,22897205.77327512,287779323.5599254,0.07396411563614078,C - Combined signal trigger (identity change + anomaly),1404
0.74955615333857,18339914.268530358,52517.76871189561,18287396.499818463,292424850.27146965,0.05901542375847356,C - Combined signal trigger (identity change + anomaly),1404
0.74882280727486,18321970.977854002,75264.02331601558,18246706.954537988,292442793.562146,0.05895768461709144,C - Combined signal trigger (identity change + anomaly),1404
0.9675978209849916,23674892.140156873,43133.5963316554,23631758.543825217,287089872.39984316,0.0761826784809433,C - Combined signal trigger (identity change + anomaly),1404
0.784945372579641,19205807.029226974,55606.405695351,19150200.62353162,291558957.51077306,0.06180175238867823,C - Combined signal trigger (identity change + anomaly),1404
0.8515093057899861,20834473.304617405,55548.10670460279,20778925.1979128,289930291.2353826,0.0670425855243177,C - Combined signal trigger (identity change + anomaly),1404
0.9441176341965718,23100385.999702062,46032.98472014264,23054353.014981918,287664378.540298,0.07433399353976214,C - Combined signal trigger (identity change + anomaly),1404
0.8322074199357623,20362200.573334087,38067.20998283726,20324133.36335125,290402563.9666659,0.06552287420188903,C - Combined signal trigger (identity change + anomaly),1404
0.8563863028834835,20953802.201037277,40575.29571235769,20913226.905324917,289810962.33896273,0.06742657016490752,C - Combined signal trigger (identity change + anomaly),1404
0.869961614563579,21285958.839699503,59455.752644998414,21226503.087054506,289478805.7003005,0.06849540639270153,C - Combined signal trigger (identity change + anomaly),1404
0.7764853437431903,18998809.59097138,67315.85827958609,18931493.732691795,291765954.9490286,0.06113566195026577,C - Combined signal trigger (identity change + anomaly),1404
0.5922445016856093,14490860.142424028,46365.73618557761,14444494.406238452,296273904.397576,0.046629675548557376,C - Combined signal trigger (identity change + anomaly),1404
0.9221453842589429,22562775.60407261,60433.87095463687,22502341.733117975,288201988.9359274,0.07260403423621872,C - Combined signal trigger (identity change + anomaly),1404
0.9190607305809384,22487301.22666842,68420.52721485778,22418880.699453562,288277463.3133316,0.07236116765024682,C - Combined signal trigger (identity change + anomaly),1404
0.8985033114490915,21984308.485189293,38004.12482554373,21946304.360363748,288780456.0548107,0.0707426033891934,C - Combined signal trigger (identity change + anomaly),1404
0.9835061269281966,24064131.779984295,40578.79128729114,24023552.988697004,286700632.7600157,0.07743520027312133,C - Combined signal trigger (identity change + anomaly),1404
0.8773394001399009,21466476.275729712,84608.07206149976,21381868.20366821,289298288.2642703,0.06907628767857515,C - Combined signal trigger (identity change + anomaly),1404
0.751644340831031,18391007.411342643,77026.28212929583,18313981.129213348,292373757.1286574,0.05917983474917231,C - Combined signal trigger (identity change + anomaly),1404
0.7012900282916056,17158953.253811486,70677.09039575804,17088276.163415726,293605811.28618854,0.05521524706705568,C - Combined signal trigger (identity change + anomaly),1404
0.7005709268830147,17141358.49706752,58927.49631456226,17082431.000752956,293623406.0429325,0.05515862946187122,C - Combined signal trigger (identity change + anomaly),1404
0.7975994804624447,19515423.93075153,63031.78765427282,19452392.143097255,291249340.6092485,0.06279805871698046,C - Combined signal trigger (identity change + anomaly),1404
0.8597696665124043,21036585.32357892,76253.01293873726,20960332.310640182,289728179.2164211,0.06769295532818104,C - Combined signal trigger (identity change + anomaly),1404
0.9334986590324774,22840564.11276042,76086.42572720534,22764477.687033217,287924200.4272396,0.07349792099683329,C - Combined signal trigger (identity change + anomaly),1404
0.9567070874203614,23408420.950497378,60074.46130674598,23348346.48919063,287356343.58950263,0.07532520935939109,C - Combined signal trigger (identity change + anomaly),1404
0.9049851974675346,22142905.32059268,63109.226182061655,22079796.094410617,288621859.2194073,0.07125294707515839,C - Combined signal trigger (identity change + anomaly),1404
0.8118647661279436,19864462.64513744,66394.32062091025,19798068.32451653,290900301.8948626,0.06392121923648969,C - Combined signal trigger (identity change + anomaly),1404
0.7826951406332039,19150749.031506386,58206.770632530366,19092542.260873854,291614015.50849366,0.06162458301813493,C - Combined signal trigger (identity change + anomaly),1404
0.8641002663705484,21142545.136964373,59187.362938507526,21083357.774025865,289622219.40303564,0.06803392002391254,C - Combined signal trigger (identity change + anomaly),1404
0.8813887717463315,21565555.080930065,63224.89978823865,21502330.181141827,289199209.45906997,0.06939511019806835,C - Combined signal trigger (identity change + anomaly),1404
0.742199196850661,18159906.4723638,53074.19088013692,18106832.28148366,292604858.06763625,0.0584361824264229,C - Combined signal trigger (identity change + anomaly),1404
0.5922535594387109,14491081.764799632,63184.47330496956,14427897.291494662,296273682.77520037,0.04663038870011409,C - Combined signal trigger (identity change + anomaly),1404
0.954563931746653,23355982.862777255,72007.71057597097,23283975.152201284,287408781.6772228,0.07515647051347417,C - Combined signal trigger (identity change + anomaly),1404
0.8371552439212387,20483262.440820925,47452.40882776584,20435810.03199316,290281502.0991791,0.06591243531466845,C - Combined signal trigger (identity change + anomaly),1404
0.8739607030614552,21383807.332939994,54862.97833475726,21328944.354605235,289380957.20706004,0.06881026993067478,C - Combined signal trigger (identity change + anomaly),1404
0.8882102094752777,21732459.96534702,59967.867811371885,21672492.09753565,289032304.574653,0.06993218808932804,C - Combined signal trigger (identity change + anomaly),1404
0.9614828201572146,23525272.141129576,54845.99135415647,23470426.14977542,287239492.39887047,0.07570122106974429,C - Combined signal trigger (identity change + anomaly),1404
0.7999012752055124,19571743.55145451,57076.32104753635,19514667.230406974,291193020.98854554,0.06297928782378202,C - Combined signal trigger (identity change + anomaly),1404
0.8057472730488139,19714781.66645446,75194.52293774571,19639587.143516716,291049982.8735456,0.06343956560080632,C - Combined signal trigger (identity change + anomaly),1404
0.8587530199252821,21011710.320997503,57321.5942708736,20954388.72672663,289753054.21900254,0.06761291085268126,C - Combined signal trigger (identity change + anomaly),1404
0.8876477175845552,21718697.08313113,53240.34085387194,21665456.742277257,289046067.4568689,0.06988790095067426,C - Combined signal trigger (identity change + anomaly),1404
0.8036916215845467,19664484.605383426,67656.47714346118,19596828.128239963,291100279.93461657,0.0632777162960903,C - Combined signal trigger (identity change + anomaly),1404
0.7502474421251442,18356828.514413204,91582.10675134447,18265246.40766186,292407936.02558684,0.0590698515695154,C - Combined signal trigger (identity change + anomaly),1404
0.9038134364701016,22114235.025324725,61822.979108961306,22052412.04621576,288650529.5146753,0.0711606898486662,C - Combined signal trigger (identity change + anomaly),1404
0.889512316807106,21764319.535477675,53572.68722858306,21710746.848249093,289000445.0045223,0.07003470798143296,C - Combined signal trigger (identity change + anomaly),1404
0.663369644087064,16231128.710922446,51626.93882582839,16179501.772096617,294533635.8290776,0.052229630135025365,C - Combined signal trigger (identity change + anomaly),1404
0.8888423893678435,21747927.952608954,68068.68381637243,21679859.26879258,289016836.5873911,0.06998196203099362,C - Combined signal trigger (identity change + anomaly),1404
0.7543669011939338,18457622.19853922,80760.31287900418,18376861.885660216,292307142.3414608,0.05939419234307514,C - Combined signal trigger (identity change + anomaly),1404
0.7820312971615507,19134506.309325248,49536.376469331895,19084969.932855915,291630258.23067474,0.06157231608174277,C - Combined signal trigger (identity change + anomaly),1404
0.7659799932471326,18741767.838194873,66248.70719978698,18675519.130995087,292022996.7018052,0.060308535512180086,C - Combined signal trigger (identity change + anomaly),1404
0.8648353058688746,21160529.862089027,61815.009315317315,21098714.85277371,289604234.677911,0.06809179249588108,C - Combined signal trigger (identity change + anomaly),1404
0.853741931502162,20889100.518299323,56391.96698467895,20832708.551314645,289875664.0217007,0.06721836868867605,C - Combined signal trigger (identity change + anomaly),1404
0.8528306388287757,20866803.283557132,41853.45644688198,20824949.82711025,289897961.2564429,0.06714661912988937,C - Combined signal trigger (identity change + anomaly),1404
0.6015424148287536,14718358.681608837,66265.4034985196,14652093.278110318,296046405.85839117,0.04736173582418597,C - Combined signal trigger (identity change + anomaly),1404
0.7551285840840256,18476258.82615127,70351.16290385854,18405907.66324741,292288505.71384877,0.059454162551215176,C - Combined signal trigger (identity change + anomaly),1404
0.9212032325902916,22539723.32072592,77724.26358042576,22461999.057145495,288225041.2192741,0.07252985503066814,C - Combined signal trigger (identity change + anomaly),1404
0.8822781393548309,21587315.859786242,77957.80894416069,21509358.05084208,289177448.6802138,0.06946513351261106,C - Combined signal trigger (identity change + anomaly),1404
0.700255245971966,17133634.5115875,79992.73910213597,17053641.772485364,293631130.0284125,0.055133774695947387,C - Combined signal trigger (identity change + anomaly),1404
0.9058841701501622,22164901.113510534,59709.99072993844,22105191.122780595,288599863.4264895,0.07132372663393627,C - Combined signal trigger (identity change + anomaly),1404
0.9671766596788187,23664587.292129107,84369.72987837812,23580217.56225073,287100177.2478709,0.07614951883994275,C - Combined signal trigger (identity change + anomaly),1404
0.594254452997229,14540039.0259204,69789.82104050922,14470249.204879891,296224725.51407963,0.04678792670540641,C - Combined signal trigger (identity change + anomaly),1404
0.7961132893059989,19479060.25302777,57563.19362828934,19421497.059399482,291285704.2869722,0.06268104520105762,C - Combined signal trigger (identity change + anomaly),1404
0.8501999111214611,20802435.43012667,62254.15173900529,20740181.278387666,289962329.10987335,0.06693949187231324,C - Combined signal trigger (identity change + anomaly),1404
0.9690212798085933,23709720.90204931,61588.49869073351,23648132.40335858,287055043.6379507,0.07629475284028707,C - Combined signal trigger (identity change + anomaly),1404
0.8344839789463997,20417902.733734448,52697.2889799216,20365205.444754526,290346861.8062656,0.06570211640292431,C - Combined signal trigger (identity change + anomaly),1404
0.8177420220173153,20008265.57259684,69900.68377633915,19938364.888820503,290756498.9674032,0.06438395807907457,C - Combined signal trigger (identity change + anomaly),1404
0.6536021655329642,15992140.986648526,74815.0180260024,15917325.968622524,294772623.5533515,0.0514605991780323,C - Combined signal trigger (identity change + anomaly),1404
0.6855966684262155,16774972.849895775,57493.644556832216,16717479.205338944,293989791.69010425,0.05397964880196895,C - Combined signal trigger (identity change + anomaly),1404
0.8765393830663049,21446901.698858105,34703.04651027377,21412198.65234783,289317862.84114194,0.06901329927350104,C - Combined signal trigger (identity change + anomaly),1404
0.8281108339328045,20261966.54049576,60596.79921215439,20201369.741283607,290502797.99950427,0.0652003343123147,C - Combined signal trigger (identity change + anomaly),1404
0.7960235640309485,19476864.882014118,56022.5522054053,19420842.329808712,291287899.6579859,0.0626739807868635,C - Combined signal trigger (identity change + anomaly),1404
0.9367649829473073,22920483.54281835,59431.26718479087,22861052.27563356,287844280.99718165,0.07375509117562182,C - Combined signal trigger (identity change + anomaly),1404
0.7089421045036359,17346181.950527295,57818.283445831024,17288363.667081464,293418582.5894727,0.05581772430411616,C - Combined signal trigger (identity change + anomaly),1404
0.9531875551137754,23322306.09375101,44085.26898859925,23278220.82476241,287442458.446249,0.07504810311514284,C - Combined signal trigger (identity change + anomaly),1404
0.8312654250783416,20339152.12679737,70728.88845955463,20268423.238337815,290425612.41320264,0.0654487073426866,C - Combined signal trigger (identity change + anomaly),1404
0.7662899771104736,18749352.43002696,63876.26926036867,18685476.16076659,292015412.1099731,0.06033294172774095,C - Combined signal trigger (identity change + anomaly),1404
0.7835177310764576,19170875.926789936,39661.86556151683,19131214.06122842,291593888.6132101,0.06168934871096804,C - Combined signal trigger (identity change + anomaly),1404
0.8395306178539019,20541382.374980234,95108.27371077109,20446274.10126946,290223382.1650198,0.06609945759258126,C - Combined signal trigger (identity change + anomaly),1404
0.9605451323762279,23502329.07884218,37043.92886461047,23465285.149977572,287262435.46115786,0.0756273933231484,C - Combined signal trigger (identity change + anomaly),1404
0.8535435352804757,20884246.219284203,65229.988961251205,20819016.230322953,289880518.32071584,0.0672027481950776,C - Combined signal trigger (identity change + anomaly),1404
0.7472428814047858,18283313.827380706,39828.187911477566,18243485.63946923,292481450.7126193,0.058833291008535085,C - Combined signal trigger (identity change + anomaly),1404
0.7411485527562964,18134199.629011825,38740.56348642009,18095459.065525405,292630564.9109882,0.05835346119710327,C - Combined signal trigger (identity change + anomaly),1404
0.9284484129049907,22716996.211142186,78935.11025982808,22638061.10088236,288047768.32885784,0.07310029579694571,C - Combined signal trigger (identity change + anomaly),1404
0.7530645549457221,18425756.78267443,65755.69733967015,18360001.085334763,292339007.7573256,0.05929165364016925,C - Combined signal trigger (identity change + anomaly),1404
0.6677384118142338,16338022.404234873,67715.50439797482,16270306.899836898,294426742.13576514,0.052573599933115736,C - Combined signal trigger (identity change + anomaly),1404
0.8316224417698789,20347887.503708176,61020.52475855026,20286866.978949625,290416877.03629184,0.06547681663275923,C - Combined signal trigger (identity change + anomaly),1404
0.8336106668234883,20396534.79566533,62257.165621291846,20334277.63004404,290368229.7443347,0.06563335719819033,C - Combined signal trigger (identity change + anomaly),1404
0.6414012691806199,15693613.128389256,68792.9100433406,15624820.218345916,295071151.4116108,0.05049997592751303,C - Combined signal trigger (identity change + anomaly),1404
0.7566932274237506,18514542.04827355,67568.79491135558,18446973.253362194,292250222.49172646,0.05957735290768607,C - Combined signal trigger (identity change + anomaly),1404
0.9300005666613276,22754973.84189874,76873.71371783818,22678100.128180902,288009790.6981013,0.07322250280073125,C - Combined signal trigger (identity change + anomaly),1404
0.7685065894328323,18803587.832908463,63286.37630328399,18740301.456605177,291961176.70709157,0.06050746409665168,C - Combined signal trigger (identity change + anomaly),1404
0.9545919232351444,23356667.750089426,54283.69628261549,23302384.05380681,287408096.7899106,0.07515867439045869,C - Combined signal trigger (identity change + anomaly),1404
0.867363385040136,21222386.14204681,61373.71911052469,21161012.422936283,289542378.3979532,0.06829083784147985,C - Combined signal trigger (identity change + anomaly),1404
0.8442951490220507,20657959.489002164,58672.04481039217,20599287.444191772,290106805.05099785,0.06647458736057311,C - Combined signal trigger (identity change + anomaly),1404
0.5953303955886193,14566364.865280226,45818.75937391177,14520546.105906313,296198399.6747198,0.04687263978218908,C - Combined signal trigger (identity change + anomaly),1404
0.8462317481919887,20705343.614382196,70867.45907517351,20634476.15530702,290059420.9256178,0.06662706322266182,C - Combined signal trigger (identity change + anomaly),1404
0.9406880357306087,23016471.617088974,80483.0237253434,22935988.59336363,287748292.92291105,0.07406396813087351,C - Combined signal trigger (identity change + anomaly),1404
0.846256489595936,20705948.979604345,42570.42878595124,20663378.550818395,290058815.56039566,0.06662901120805535,C - Combined signal trigger (identity change + anomaly),1404
0.6215131152568631,15206995.766505923,44621.547351060995,15162374.219154863,295557768.7734941,0.04893410547690505,C - Combined signal trigger (identity change + anomaly),1404
0.9247647925851535,22626866.498294488,54765.78884772289,22572100.709446765,288137898.04170555,0.07281027027561252,C - Combined signal trigger (identity change + anomaly),1404
0.7305135622784343,17873985.884195127,63261.94912175793,17810723.93507337,292890778.6558049,0.05751612770724681,C - Combined signal trigger (identity change + anomaly),1404
0.6872074144857587,16814384.099485043,46747.81428261507,16767636.285202429,293950380.440515,0.05410646900196043,C - Combined signal trigger (identity change + anomaly),1404
0.9681170430743704,23687596.309902024,57881.28736188017,23629715.022540145,287077168.230098,0.07622355882258679,C - Combined signal trigger (identity change + anomaly),1404
0.6846055571277448,16750722.63706841,66311.20505358877,16684411.432014821,294014041.90293163,0.05390161481744287,C - Combined signal trigger (identity change + anomaly),1404
0.8703041200353867,21294339.160455298,50381.71788303792,21243957.44257226,289470425.37954473,0.06852237315892484,C - Combined signal trigger (identity change + anomaly),1404
0.8872953513501805,21710075.49220592,67270.89736558971,21642804.594840333,289054689.0477941,0.06986015780888671,C - Combined signal trigger (identity change + anomaly),1404
0.8243406950655118,20169719.917879656,62322.38725593224,20107397.530623723,290595044.6221204,0.06490349685471988,C - Combined signal trigger (identity change + anomaly),1404
0.9860024780785079,24125211.74827878,74658.18451822798,24050553.563760553,286639552.7917212,0.07763174755023912,C - Combined signal trigger (identity change + anomaly),1404
0.7951721206073374,19456032.020694815,32048.900423363928,19423983.12027145,291308732.5193052,0.06260694338849518,C - Combined signal trigger (identity change + anomaly),1404
0.9364495343816719,22912765.242295943,65572.63246300729,22847192.609832935,287851999.2977041,0.07373025470314133,C - Combined signal trigger (identity change + anomaly),1404
0.7746477350010113,18953847.533571735,37829.82171404775,18916017.711857688,291810917.0064283,0.060990979983292455,C - Combined signal trigger (identity change + anomaly),1404
0.9620782576106567,23539841.12545418,52355.173860025054,23487485.951594155,287224923.41454583,0.07574810213860089,C - Combined signal trigger (identity change + anomaly),1404
0.8372046115438797,20484470.352947112,57029.45709079045,20427440.89585632,290280294.1870529,0.06591632221647978,C - Combined signal trigger (identity change + anomaly),1404
0.5213454185900386,12756122.724955525,70323.03716793224,12685799.687787592,298008641.8150445,0.041047519476145836,C - Combined signal trigger (identity change + anomaly),1404
0.8147608887728036,19935324.101989347,102095.92611726263,19833228.175872084,290829440.4380107,0.06414924205290132,C - Combined signal trigger (identity change + anomaly),1404
0.7041365597906111,17228601.32943852,53257.325729741366,17175344.003708776,293536163.2105615,0.05543936538281818,C - Combined signal trigger (identity change + anomaly),1404
0.8763534137799299,21442351.458354436,46714.33278544369,21395637.125568993,289322413.0816456,0.06899865720006519,C - Combined signal trigger (identity change + anomaly),1404
0.9420040361522355,23048671.119157612,47947.049455774104,23000724.06970184,287716093.4208424,0.07416758187909334,C - Combined signal trigger (identity change + anomaly),1404
0.934452134418843,22863893.461422578,64660.36673558645,22799233.094686992,287900871.07857746,0.07357299176200414,C - Combined signal trigger (identity change + anomaly),1404
0.9638189393368782,23582431.601812102,31875.339964151066,23550556.26184795,287182332.9381879,0.07588515267076455,C - Combined signal trigger (identity change + anomaly),1404
0.7822597654960247,19140096.40374134,59032.836934963605,19081063.566806376,291624668.13625866,0.06159030426783706,C - Combined signal trigger (identity change + anomaly),1404
0.7683547345224964,18799872.292685874,73302.68771417011,18726569.604971703,291964892.24731416,0.060495507978563165,C - Combined signal trigger (identity change + anomaly),1404
0.8651459371921391,21168130.29577557,81460.123436372,21086670.172339197,289596634.2442244,0.06811624968843892,C - Combined signal trigger (identity change + anomaly),1404
0.654504860192536,16014227.847777564,49502.689308461995,15964725.158469101,294750536.6922225,0.051531671782295306,C - Combined signal trigger (identity change + anomaly),1404
0.6466270680513598,15821476.401670482,40763.01069007921,15780713.390980402,294943288.13832957,0.05091142306654275,C - Combined signal trigger (identity change + anomaly),1404
0.9177805472330173,22455978.085974693,74254.10677615168,22381723.97919854,288308786.4540253,0.07226037391727619,C - Combined signal trigger (identity change + anomaly),1404
0.7914585640612943,19365169.83727811,41613.41327505468,19323556.424003053,291399594.7027219,0.06231456087353663,C - Combined signal trigger (identity change + anomaly),1404
0.6711309990542231,16421031.207314916,51195.92936277541,16369835.27795214,294343733.3326851,0.05284071130657828,C - Combined signal trigger (identity change + anomaly),1404
0.9039796547607475,22118302.00441192,51732.94599718324,22066569.05841474,288646462.5355881,0.07117377685064089,C - Combined signal trigger (identity change + anomaly),1404
0.8222394892351623,20118308.246295743,50845.87697478815,20067462.369320955,290646456.2937043,0.06473806088047096,C - Combined signal trigger (identity change + anomaly),1404
0.9086280562572574,22232037.692594834,53056.14072414014,22178981.551870693,288532726.8474052,0.07153976328527181,C - Combined signal trigger (identity change + anomaly),1404
0.8734635835890784,21371643.96337255,42684.59512627129,21328959.36824628,289393120.5766275,0.06877112981263261,C - Combined signal trigger (identity change + anomaly),1404
0.9629356857477263,23560820.418940388,35464.930456190385,23525355.488484196,287203944.12105966,0.07581561073635734,C - Combined signal trigger (identity change + anomaly),1404
0.7726670943665678,18905385.814899065,70585.23867211436,18834800.57622695,291859378.72510093,0.06083503656820032,C - Combined signal trigger (identity change + anomaly),1404
0.9288032998437927,22725679.477904335,36639.60109617057,22689039.876808163,288039085.0620957,0.07312823740343705,C - Combined signal trigger (identity change + anomaly),1404
0.7117182262863977,17414107.262417644,58368.24241263085,17355739.020005014,293350657.2775824,0.05603629899353082,C - Combined signal trigger (identity change + anomaly),1404
0.7145800771453623,17484130.167531494,80415.21625114241,17403714.95128035,293280634.37246853,0.05626162346111484,C - Combined signal trigger (identity change + anomaly),1404
0.7798382851535551,19080848.351829525,59617.915319667765,19021230.43650986,291683916.1881705,0.061399651855876786,C - Combined signal trigger (identity change + anomaly),1404
0.9586256937467835,23455364.832399912,47083.785613915585,23408281.046785995,287309399.7076001,0.07547626857606908,C - Combined signal trigger (identity change + anomaly),1404
0.9510989424896884,23271202.548946112,67840.77355707441,23203361.775389038,287493561.99105394,0.07488365865220464,C - Combined signal trigger (identity change + anomaly),1404
0.8161314398473638,19968858.33300876,50100.362064855566,19918757.9709439,290795906.20699126,0.0642571507827377,C - Combined signal trigger (identity change + anomaly),1404
0.8540303836589067,20896158.27881761,81972.81390048107,20814185.464917127,289868606.2611824,0.06724107963059617,C - Combined signal trigger (identity change + anomaly),1404
0.9307791392249293,22774023.720956746,83820.24305533049,22690203.477901418,287990740.8190433,0.0732838027974867,C - Combined signal trigger (identity change + anomaly),1404
0.7533305579604351,18432265.264344923,57023.11594130605,18375242.14840362,292332499.2756551,0.059312597075246665,C - Combined signal trigger (identity change + anomaly),1404
0.8613433889696489,21075090.69081495,62988.17255630756,21012102.518258642,289689673.84918505,0.06781686051831103,C - Combined signal trigger (identity change + anomaly),1404
0.8471378584487221,20727514.047314152,47944.612734000846,20679569.43458015,290037250.49268585,0.06669840474995747,C - Combined signal trigger (identity change + anomaly),1404
0.9667487361299796,23654116.98758389,74151.90364881205,23579965.08393508,287110647.55241615,0.07611582678170471,C - Combined signal trigger (identity change + anomaly),1404
0.8225314505544131,20125451.86794562,49243.067423059794,20076208.80052256,290639312.6720544,0.06476104811218125,C - Combined signal trigger (identity change + anomaly),1404
0.8629052507318078,21113305.854134876,67224.79092870204,21046081.063206173,289651458.68586516,0.06793983187053783,C - Combined signal trigger (identity change + anomaly),1404
0.823487638788792,20148847.593756124,68811.98118814977,20080035.612567976,290615916.9462439,0.06483633247025555,C - Combined signal trigger (identity change + anomaly),1404
0.9304862662947824,22766857.794285953,79284.84382523374,22687572.95046072,287997906.74571407,0.07326074379116272,C - Combined signal trigger (identity change + anomaly),1404
0.8922972796075048,21832461.16672554,80144.17735875603,21752316.98936678,288932303.3732745,0.07025397875799197,C - Combined signal trigger (identity change + anomaly),1404
0.5650202278174047,13824744.806645662,51816.410923532814,13772928.395722128,296940019.73335433,0.044486204306686164,C - Combined signal trigger (identity change + anomaly),1404
0.9448225528184113,23117633.73629023,85059.71152680618,23032574.024763424,287647130.8037098,0.07438949447988223,C - Combined signal trigger (identity change + anomaly),1404
0.6588558975928234,16120687.720790436,33177.950263755534,16087509.770526681,294644076.8192096,0.051874245603913904,C - Combined signal trigger (identity change + anomaly),1404
0.9760368471312107,23881375.690911792,74672.42397881758,23806703.266932976,286883388.84908825,0.07684711529719743,C - Combined signal trigger (identity change + anomaly),1404
0.8369463396529039,20478151.03408438,58791.76558133176,20419359.268503048,290286613.50591564,0.06589598748235352,C - Combined signal trigger (identity change + anomaly),1404
0.617056393556881,15097950.041869665,54692.62539774048,15043257.416471925,295666814.4981304,0.04858321072602275,C - Combined signal trigger (identity change + anomaly),1404
0.6784463636716244,16600021.346117202,59639.987356802274,16540381.3587604,294164743.1938828,0.053416677951533126,C - Combined signal trigger (identity change + anomaly),1404
0.8937751524578935,21868621.31464133,28491.887508373216,21840129.427132957,288896143.22535866,0.07037033734185304,C - Combined signal trigger (identity change + anomaly),1404
0.8897358710766042,21769789.39403157,74244.71958838463,21695544.674443185,288994975.14596844,0.07005230926439047,C - Combined signal trigger (identity change + anomaly),1404
0.7613076944585112,18627447.43826405,63158.736378609436,18564288.70188544,292137317.10173595,0.05994066755231004,C - Combined signal trigger (identity change + anomaly),1404
0.8336933908709727,20398558.862750966,62351.08076446676,20336207.7819865,290366205.6772491,0.06563987037895144,C - Combined signal trigger (identity change + anomaly),1404
0.8219096374239738,20110237.531497963,78474.89289961068,20031762.638598353,290654527.00850207,0.06471209038536117,C - Combined signal trigger (identity change + anomaly),1404
0.6740558339487087,16492595.186845401,67234.8299687863,16425360.356876615,294272169.3531546,0.053070994748256155,C - Combined signal trigger (identity change + anomaly),1404
0.7807996206668267,19104370.01971013,45416.42301458532,19058953.596695546,291660394.5202899,0.06147534147891183,C - Combined signal trigger (identity change + anomaly),1404
0.9124946585402638,22326644.553021487,62491.11998031847,22264153.43304117,288438119.98697853,0.07184419567665534,C - Combined signal trigger (identity change + anomaly),1404
0.7786078465327245,19050742.35014011,50482.21694727459,19000260.133192834,291714022.1898599,0.061302774715593596,C - Combined signal trigger (identity change + anomaly),1404
0.6179106886340756,15118852.676590214,95086.28769781424,15023766.3888924,295645911.8634098,0.04865047264598813,C - Combined signal trigger (identity change + anomaly),1404
0.6275454529980959,15354593.190021513,72367.1538959709,15282226.036125543,295410171.3499785,0.049409054507030994,C - Combined signal trigger (identity change + anomaly),1404
0.6730429136024336,16467811.35680306,59960.55657104372,16407850.800232016,294296953.18319696,0.052991243653954884,C - Combined signal trigger (identity change + anomaly),1404
0.940307712683562,23007165.987289105,57113.02055446295,22950052.96673464,287757598.5527109,0.07403402384226138,C - Combined signal trigger (identity change + anomaly),1404
0.9201362452925058,22513616.596793573,34177.542546465105,22479439.054247107,288251147.9432064,0.07244584703841396,C - Combined signal trigger (identity change + anomaly),1404
0.8810747777559741,21557872.37051759,49091.34542177796,21508781.025095813,289206892.1694824,0.0693703882498647,C - Combined signal trigger (identity change + anomaly),1404
0.6320788509833704,15465515.006919073,75526.0255202604,15389988.981398813,295299249.53308094,0.04976598627521825,C - Combined signal trigger (identity change + anomaly),1404
0.6780457782988691,16590219.943832884,73668.70594265069,16516551.237890232,294174544.59616715,0.053385138332494184,C - Combined signal trigger (identity change + anomaly),1404
0.7616701809659698,18636316.64898386,75144.8811638611,18561171.767819997,292128447.8910162,0.059969207501917705,C - Combined signal trigger (identity change + anomaly),1404
0.7012685351274722,17158427.365543064,65007.01731089651,17093420.34823217,293606337.17445695,0.0552135548280105,C - Combined signal trigger (identity change + anomaly),1404
0.7202041027882289,17621737.133567035,59674.918694122505,17562062.21487291,293143027.406433,0.056704424517532,C - Combined signal trigger (identity change + anomaly),1404
0.7258309025294402,17759411.97540559,78016.49524809052,17681395.4801575,293005352.56459445,0.05714744398932553,C - Combined signal trigger (identity change + anomaly),1404
0.8875107737372042,21715346.38230794,76441.59828620436,21638904.784021735,289049418.1576921,0.06987711883762437,C - Combined signal trigger (identity change + anomaly),1404
0.9492188458853181,23225200.911327466,40648.547474991195,23184552.363852475,287539563.62867254,0.07473563145328221,C - Combined signal trigger (identity change + anomaly),1404
0.7198689402792479,17613536.47821472,66021.4324283339,17547515.045786384,293151228.0617853,0.056678035890866243,C - Combined signal trigger (identity change + anomaly),1404
0.811401316430688,19853123.097489696,73085.40794028586,19780037.68954941,290911641.4425103,0.06388473006866358,C - Combined signal trigger (identity change + anomaly),1404
0.9289744295981562,22729866.629206933,41164.426937290424,22688702.202269644,288034897.91079307,0.0731417111037415,C - Combined signal trigger (identity change + anomaly),1404
0.9121097578775157,22317226.919498954,81344.29430835808,22235882.625190597,288447537.62050104,0.07181389097484504,C - Combined signal trigger (identity change + anomaly),1404
0.7281683014442893,17816602.748263307,70829.08805142295,17745773.660211883,292948161.7917367,0.05733147634879322,C - Combined signal trigger (identity change + anomaly),1404
0.8414967507564914,20589489.122838177,89225.86476541626,20500263.25807276,290175275.4171618,0.06625425875843786,C - Combined signal trigger (identity change + anomaly),1404
0.8236637790127951,20153157.339721207,66527.69541521229,20086629.644305993,290611607.2002788,0.0648502006640048,C - Combined signal trigger (identity change + anomaly),1404
0.8715527663055715,21324890.66142679,79421.52744274515,21245469.133984044,289439873.87857324,0.06862068385710428,C - Combined signal trigger (identity change + anomaly),1404
0.7673180843878356,18774507.84932635,37761.748361657264,18736746.10096469,291990256.69067365,0.06041388854723198,C - Combined signal trigger (identity change + anomaly),1404
0.8358195029648681,20450579.933292046,65079.36642007454,20385500.56687197,290314184.606708,0.06580726731862084,C - Combined signal trigger (identity change + anomaly),1404
0.7480570000242442,18303233.4366305,48438.707925853996,18254794.728704646,292461531.10336953,0.05889738968226754,C - Combined signal trigger (identity change + anomaly),1404
0.8081258347991711,19772979.59917726,57582.22697393602,19715397.372203324,290991784.9408228,0.0636268388678028,C - Combined signal trigger (identity change + anomaly),1404
0.7871428466168443,19259574.16230983,73955.36188611116,19185618.80042372,291505190.3776902,0.06197476792717547,C - Combined signal trigger (identity change + anomaly),1404
0.8236986333945195,20154010.146238588,70867.2724873161,20083142.87375127,290610754.39376146,0.06485294488283104,C - Combined signal trigger (identity change + anomaly),1404
0.7665189840819374,18754955.703650735,71468.09063372885,18683487.613017008,292009808.8363493,0.06035097232278628,C - Combined signal trigger (identity change + anomaly),1404
0.9387285868233719,22968528.41121677,65385.665055039375,22903142.74616173,287796236.1287832,0.07390969322154405,C - Combined signal trigger (identity change + anomaly),1404
0.8840938033984365,21631740.98090874,38637.59509861048,21593103.38581013,289133023.55909127,0.06960808768950515,C - Combined signal trigger (identity change + anomaly),1404
0.957965752711405,23439217.593854517,54919.7055954001,23384297.888259117,287325546.94614553,0.07542430889341556,C - Combined signal trigger (identity change + anomaly),1404
0.753119241814555,18427094.84451482,80090.71960388121,18347004.12491094,292337669.6954852,0.05929595934658474,C - Combined signal trigger (identity change + anomaly),1404
0.8863779279660335,21687628.253078796,52730.82312794378,21634897.429950852,289077136.2869212,0.06978792555578571,C - Combined signal trigger (identity change + anomaly),1404
0.7164043141870658,17528765.050190125,73853.23092206246,17454911.819268063,293235999.4898099,0.056405252622949514,C - Combined signal trigger (identity change + anomaly),1404
0.9413840914734881,23033502.499423362,52578.0534457828,22980924.44597758,287731262.04057664,0.07411877126262366,C - Combined signal trigger (identity change + anomaly),1404
0.8259749385277658,20209706.094843384,55646.73573529083,20154059.359108094,290555058.44515663,0.06503216709512798,C - Combined signal trigger (identity change + anomaly),1404
0.9161950531245503,22417184.693521,56324.6369052585,22360860.056615744,288347579.846479,0.07213554190000707,C - Combined signal trigger (identity change + anomaly),1404
0.9556246411595498,23381935.98131241,69571.12380334712,23312364.85750906,287382828.5586876,0.07523998422383181,C - Combined signal trigger (identity change + anomaly),1404
0.8477822530912228,20743280.90139963,55016.5390677477,20688264.362331882,290021483.6386004,0.06674914040561913,C - Combined signal trigger (identity change + anomaly),1404
0.8621624932285874,21095132.287190363,70293.89080844936,21024838.396381915,289669632.25280964,0.06788135173051482,C - Combined signal trigger (identity change + anomaly),1404
0.7015417238734617,17165111.665522803,61305.29867424706,17103806.366848554,293599652.8744772,0.05523506402320395,C - Combined signal trigger (identity change + anomaly),1404
0.8405091439877947,20565324.657790106,50526.25027285846,20514798.407517247,290199439.8822099,0.06617650069894923,C - Combined signal trigger (identity change + anomaly),1404
0.8339238608624078,20404197.933106888,45681.38227756293,20358516.550829325,290360566.6068931,0.06565801616315664,C - Combined signal trigger (identity change + anomaly),1404
0.8939576828464291,21873087.41322812,61744.18894042477,21811343.224287696,288891677.1267719,0.07038470865770476,C - Combined signal trigger (identity change + anomaly),1404
0.8424846207873666,20613660.029305965,60987.037642635376,20552672.99166333,290151104.510694,0.06633203754556505,C - Combined signal trigger (identity change + anomaly),1404
0.8653984169518623,21174307.89451482,45704.09193126052,21128603.80258356,289590456.6454852,0.06813612838591093,C - Combined signal trigger (identity change + anomaly),1404
0.6677395426147835,16338050.07232224,71033.34995240472,16267016.722369835,294426714.4676778,0.052573688965369465,C - Combined signal trigger (identity change + anomaly),1404
0.8333857971710852,20391032.752718583,74182.02242079323,20316850.73029779,290373731.78728145,0.06561565235010404,C - Combined signal trigger (identity change + anomaly),1404
0.6687912238326224,16363782.291699106,54328.549521263754,16309453.742177842,294400982.2483009,0.05265649185138827,C - Combined signal trigger (identity change + anomaly),1404
0.6621706320524009,16201791.645480834,79110.99171978296,16122680.653761052,294562972.8945192,0.05213522733010944,C - Combined signal trigger (identity change + anomaly),1404
0.942619550479955,23063731.33839689,49452.32820936964,23014279.010187518,287701033.2016031,0.07421604367707603,C - Combined signal trigger (identity change + anomaly),1404
0.9799563506542235,23977276.922950357,68573.8293739808,23908703.093576375,286787487.6170497,0.07715571280560711,C - Combined signal trigger (identity change + anomaly),1404
0.8239120761069542,20159232.598258838,69051.7396988574,20090180.85855998,290605531.94174117,0.06486975004421405,C - Combined signal trigger (identity change + anomaly),1404
0.8372936411819946,20486648.70332568,60632.1021989208,20426016.60112676,290278115.83667433,0.06592333186051647,C - Combined signal trigger (identity change + anomaly),1404
0.8664298411550428,21199544.471356414,67808.0548006214,21131736.416555792,289565220.0686436,0.06821733635966223,C - Combined signal trigger (identity change + anomaly),1404
0.7216779902252082,17657799.767587535,67024.03863101825,17590775.728956517,293106964.7724125,0.05682046931454713,C - Combined signal trigger (identity change + anomaly),1404
0.913218629678055,22344358.46083325,48336.18947323775,22296022.271360014,288420406.07916677,0.07190119669425137,C - Combined signal trigger (identity change + anomaly),1404
0.9075178244982701,22204872.876206715,65842.64945404833,22139030.226752665,288559891.6637933,0.07145235049113369,C - Combined signal trigger (identity change + anomaly),1404
0.5533940894324496,13540279.953272847,57109.08733061742,13483170.86594223,297224484.5867272,0.04357083394996672,C - Combined signal trigger (identity change + anomaly),1404
0.5491387786871305,13436162.291230444,56925.5887497931,13379236.702480651,297328602.2487696,0.04323579705414451,C - Combined signal trigger (identity change + anomaly),1404
0.7594819839263698,18582776.502685055,65152.156339317386,18517624.346345738,292181988.03731495,0.05979692237693562,C - Combined signal trigger (identity change + anomaly),1404
0.9368311503908711,22922102.507904448,63381.058446956216,22858721.449457493,287842662.03209555,0.07376030079161061,C - Combined signal trigger (identity change + anomaly),1404
